relative_index,true_label,target_label,d2_to_target,N_hat_to_target,zone_to_target,status_legacy,lower_bound,upper_bound,in_selection_band,selected_for_adaptation
400,2,2,15.727094823766528,0.8837219003724526,RELIABLE,RELIABLE,62.03753678530966,85.35056460859305,False,False
401,2,2,27.746331111115587,0.8362041166385281,RELIABLE,RELIABLE,62.03753678530966,85.35056460859305,False,False
402,2,2,20.802047052306303,0.8528679551635019,RELIABLE,RELIABLE,62.03753678530966,85.35056460859305,False,False
403,2,2,29.82076953227795,0.8374637805328489,RELIABLE,RELIABLE,62.03753678530966,85.35056460859305,False,False
404,2,2,28.430900873847445,0.8683837683343562,RELIABLE,RELIABLE,62.03753678530966,85.35056460859305,False,False
405,2,2,17.772956303344806,0.8645026411903372,RELIABLE,RELIABLE,62.03753678530966,85.35056460859305,False,False
406,2,2,17.428673556253877,0.873100025917759,RELIABLE,RELIABLE,62.03753678530966,85.35056460859305,False,False
407,2,2,19.308776996814526,0.861744948702232,RELIABLE,RELIABLE,62.03753678530966,85.35056460859305,False,False
408,2,2,31.016655977330057,0.8763194204436741,RELIABLE,RELIABLE,62.03753678530966,85.35056460859305,False,False
409,2,2,40.92564977955087,0.7992320153764043,RELIABLE,RELIABLE,62.03753678530966,85.35056460859305,False,False
410,2,2,15.92856725961254,0.883480306006121,RELIABLE,RELIABLE,62.03753678530966,85.35056460859305,False,False
411,2,2,22.793614995210362,0.8657714132444126,RELIABLE,RELIABLE,62.03753678530966,85.35056460859305,False,False
412,2,2,26.16760522429929,0.8256742559091579,RELIABLE,RELIABLE,62.03753678530966,85.35056460859305,False,False
413,2,2,17.28575362585215,0.8737026353017364,RELIABLE,RELIABLE,62.03753678530966,85.35056460859305,False,False
414,2,2,22.730357682933246,0.8570561809101358,RELIABLE,RELIABLE,62.03753678530966,85.35056460859305,False,False
415,2,2,57.319671821017046,0.7480724052097253,RELIABLE,RELIABLE,62.03753678530966,85.35056460859305,False,False
416,2,2,60.699839800034546,0.7751749240106791,RELIABLE,RELIABLE,62.03753678530966,85.35056460859305,False,False
417,2,2,63.835574225718354,0.7583341198153456,UNRELIABLE,IDO,62.03753678530966,85.35056460859305,True,True
418,2,2,33.62171000092736,0.8162033020325874,RELIABLE,RELIABLE,62.03753678530966,85.35056460859305,False,False
419,2,2,30.89523022302031,0.8120384876546809,RELIABLE,RELIABLE,62.03753678530966,85.35056460859305,False,False
420,2,2,78.44150814423877,0.8308704756938033,UNRELIABLE,IDO,62.03753678530966,85.35056460859305,True,True
421,2,2,31.634272567878714,0.8031085633459252,RELIABLE,RELIABLE,62.03753678530966,85.35056460859305,False,False
422,2,2,42.793821757931724,0.8011808667354762,RELIABLE,RELIABLE,62.03753678530966,85.35056460859305,False,False
423,2,2,47.7663689595816,0.8173561271709452,RELIABLE,RELIABLE,62.03753678530966,85.35056460859305,False,False
424,2,2,17.001769940418402,0.8637790944637408,RELIABLE,RELIABLE,62.03753678530966,85.35056460859305,False,False
425,2,2,45.100344639461724,0.7604149878579153,RELIABLE,RELIABLE,62.03753678530966,85.35056460859305,False,False
426,2,2,63.53328771711145,0.7618659222112876,UNRELIABLE,IDO,62.03753678530966,85.35056460859305,True,True
427,2,2,31.55629079726078,0.8580372468642549,RELIABLE,RELIABLE,62.03753678530966,85.35056460859305,False,False
428,2,2,23.39842367668881,0.8418443904556352,RELIABLE,RELIABLE,62.03753678530966,85.35056460859305,False,False
429,2,2,112.56453442438844,0.74730304351972,OOD,OOD,62.03753678530966,85.35056460859305,False,False
430,2,2,43.61434949019731,0.8327984050261388,RELIABLE,RELIABLE,62.03753678530966,85.35056460859305,False,False
431,2,2,19.106766815308553,0.8684027823392495,RELIABLE,RELIABLE,62.03753678530966,85.35056460859305,False,False
432,2,2,49.23833666755592,0.8358140933520459,RELIABLE,RELIABLE,62.03753678530966,85.35056460859305,False,False
433,2,2,39.876485312178936,0.8378314846136714,RELIABLE,RELIABLE,62.03753678530966,85.35056460859305,False,False
434,2,2,20.49661322391643,0.8763958453020584,RELIABLE,RELIABLE,62.03753678530966,85.35056460859305,False,False
435,2,2,21.18752633479288,0.847684718120658,RELIABLE,RELIABLE,62.03753678530966,85.35056460859305,False,False
436,2,2,29.275441166790223,0.8195431195168299,RELIABLE,RELIABLE,62.03753678530966,85.35056460859305,False,False
437,2,2,46.836857633944355,0.8052144985982235,RELIABLE,RELIABLE,62.03753678530966,85.35056460859305,False,False
438,2,2,24.60985034601678,0.8347505329232556,RELIABLE,RELIABLE,62.03753678530966,85.35056460859305,False,False
439,2,2,23.319783601838733,0.838649537652816,RELIABLE,RELIABLE,62.03753678530966,85.35056460859305,False,False
440,2,2,50.55417090331767,0.8011987999018372,RELIABLE,RELIABLE,62.03753678530966,85.35056460859305,False,False
441,2,2,34.86225968706999,0.7776201897763301,RELIABLE,RELIABLE,62.03753678530966,85.35056460859305,False,False
442,2,2,36.65166027493214,0.8001801476461884,RELIABLE,RELIABLE,62.03753678530966,85.35056460859305,False,False
443,2,2,25.825712801283153,0.8289585659380623,RELIABLE,RELIABLE,62.03753678530966,85.35056460859305,False,False
444,2,2,22.301204493619217,0.837333348697093,RELIABLE,RELIABLE,62.03753678530966,85.35056460859305,False,False
445,2,2,45.08217598483325,0.8055946264775841,RELIABLE,RELIABLE,62.03753678530966,85.35056460859305,False,False
446,2,2,14.535763227288385,0.8839394384033218,RELIABLE,RELIABLE,62.03753678530966,85.35056460859305,False,False
447,2,2,32.370373511544244,0.808166180435909,RELIABLE,RELIABLE,62.03753678530966,85.35056460859305,False,False
448,2,2,16.529188025806228,0.8862051224854328,RELIABLE,RELIABLE,62.03753678530966,85.35056460859305,False,False
449,2,2,18.712719549334523,0.860116095653172,RELIABLE,RELIABLE,62.03753678530966,85.35056460859305,False,False
450,2,2,20.74958007442613,0.8576817522595904,RELIABLE,RELIABLE,62.03753678530966,85.35056460859305,False,False
451,2,2,45.47858967561117,0.7815100628461616,RELIABLE,RELIABLE,62.03753678530966,85.35056460859305,False,False
452,2,2,33.323371019552795,0.8172965538930095,RELIABLE,RELIABLE,62.03753678530966,85.35056460859305,False,False
453,2,2,13.504093173929089,0.8864937121074739,RELIABLE,RELIABLE,62.03753678530966,85.35056460859305,False,False
454,2,2,14.772195049679175,0.8887973246623883,RELIABLE,RELIABLE,62.03753678530966,85.35056460859305,False,False
455,2,2,15.56753186402195,0.8887244550324734,RELIABLE,RELIABLE,62.03753678530966,85.35056460859305,False,False
456,2,2,17.865706027256397,0.8644496888636081,RELIABLE,RELIABLE,62.03753678530966,85.35056460859305,False,False
457,2,2,26.404071604816767,0.8193802486971169,RELIABLE,RELIABLE,62.03753678530966,85.35056460859305,False,False
458,2,2,21.835667576270314,0.8451895508006251,RELIABLE,RELIABLE,62.03753678530966,85.35056460859305,False,False
459,2,2,18.254178627390605,0.8866908249219553,RELIABLE,RELIABLE,62.03753678530966,85.35056460859305,False,False
460,2,2,27.744876974996465,0.8572869734816148,RELIABLE,RELIABLE,62.03753678530966,85.35056460859305,False,False
461,2,2,27.734432886930282,0.8265377432512868,RELIABLE,RELIABLE,62.03753678530966,85.35056460859305,False,False
462,2,2,25.817154101858375,0.8258318420641483,RELIABLE,RELIABLE,62.03753678530966,85.35056460859305,False,False
463,2,2,26.241254880325346,0.8224817917138353,RELIABLE,RELIABLE,62.03753678530966,85.35056460859305,False,False
464,2,2,19.931609911222,0.8457365851880204,RELIABLE,RELIABLE,62.03753678530966,85.35056460859305,False,False
465,2,2,60.013495640695325,0.7602829676599873,RELIABLE,RELIABLE,62.03753678530966,85.35056460859305,False,False
466,2,2,36.17395401261939,0.7943453243905862,RELIABLE,RELIABLE,62.03753678530966,85.35056460859305,False,False
467,2,2,65.08510392152888,0.8210024191347889,UNRELIABLE,IDO,62.03753678530966,85.35056460859305,True,True
468,2,2,20.34891606332451,0.8622467579830901,RELIABLE,RELIABLE,62.03753678530966,85.35056460859305,False,False
469,2,2,35.21658701404053,0.7959188373271129,RELIABLE,RELIABLE,62.03753678530966,85.35056460859305,False,False
470,2,2,41.28188943483967,0.8038615257512468,RELIABLE,RELIABLE,62.03753678530966,85.35056460859305,False,False
471,2,2,109.57451366274701,0.7753823643870834,OOD,OOD,62.03753678530966,85.35056460859305,False,False
472,2,2,26.631176731888825,0.8228991183413753,RELIABLE,RELIABLE,62.03753678530966,85.35056460859305,False,False
473,2,2,22.15205769774467,0.8494035254720195,RELIABLE,RELIABLE,62.03753678530966,85.35056460859305,False,False
474,2,2,13.597931065846213,0.8892616280832943,RELIABLE,RELIABLE,62.03753678530966,85.35056460859305,False,False
475,2,2,37.79376694936829,0.8077176946957094,RELIABLE,RELIABLE,62.03753678530966,85.35056460859305,False,False
476,2,2,78.452312071457,0.7987163761951553,UNRELIABLE,IDO,62.03753678530966,85.35056460859305,True,True
477,2,2,20.023709914222696,0.857234880832639,RELIABLE,RELIABLE,62.03753678530966,85.35056460859305,False,False
478,2,2,21.394749345049764,0.8543116733963119,RELIABLE,RELIABLE,62.03753678530966,85.35056460859305,False,False
479,2,2,14.760050482825704,0.879646917134729,RELIABLE,RELIABLE,62.03753678530966,85.35056460859305,False,False
480,2,2,28.61254851410806,0.8326191905782299,RELIABLE,RELIABLE,62.03753678530966,85.35056460859305,False,False
481,2,2,13.66975426459304,0.8905410750559389,RELIABLE,RELIABLE,62.03753678530966,85.35056460859305,False,False
482,2,2,72.52959429329648,0.759923495904198,UNRELIABLE,IDO,62.03753678530966,85.35056460859305,True,True
483,2,2,29.502052339827152,0.8150975286126427,RELIABLE,RELIABLE,62.03753678530966,85.35056460859305,False,False
484,2,2,12.831668256221535,0.8920939675253753,RELIABLE,RELIABLE,62.03753678530966,85.35056460859305,False,False
485,2,2,89.14939972631974,0.7658922337075198,OOD,OOD,62.03753678530966,85.35056460859305,False,False
486,2,2,21.85988284275101,0.849200226203432,RELIABLE,RELIABLE,62.03753678530966,85.35056460859305,False,False
487,2,2,13.915786142535953,0.8834076283583342,RELIABLE,RELIABLE,62.03753678530966,85.35056460859305,False,False
488,2,2,30.546270552362916,0.8018241116389373,RELIABLE,RELIABLE,62.03753678530966,85.35056460859305,False,False
489,2,2,29.225877384504273,0.8144909717853258,RELIABLE,RELIABLE,62.03753678530966,85.35056460859305,False,False
490,2,2,24.509364384777914,0.8452991746505288,RELIABLE,RELIABLE,62.03753678530966,85.35056460859305,False,False
491,2,2,20.018294458096516,0.8540564728923814,RELIABLE,RELIABLE,62.03753678530966,85.35056460859305,False,False
492,2,2,31.007555219383583,0.8556665620305969,RELIABLE,RELIABLE,62.03753678530966,85.35056460859305,False,False
493,2,2,24.75500587448521,0.8392127991856685,RELIABLE,RELIABLE,62.03753678530966,85.35056460859305,False,False
494,2,2,87.57347698628266,0.756420306226405,OOD,OOD,62.03753678530966,85.35056460859305,False,False
495,2,2,15.268523193604468,0.880621830378266,RELIABLE,RELIABLE,62.03753678530966,85.35056460859305,False,False
496,2,2,18.46789320708767,0.8635849197007596,RELIABLE,RELIABLE,62.03753678530966,85.35056460859305,False,False
497,2,2,15.620312167485269,0.8868478757134273,RELIABLE,RELIABLE,62.03753678530966,85.35056460859305,False,False
498,2,2,52.50347808998896,0.7882723725932178,RELIABLE,RELIABLE,62.03753678530966,85.35056460859305,False,False
499,2,2,17.07350522545375,0.8800477554399837,RELIABLE,RELIABLE,62.03753678530966,85.35056460859305,False,False
500,2,2,30.0165555493461,0.8004369570152038,RELIABLE,RELIABLE,62.03753678530966,85.35056460859305,False,False
501,2,2,20.94600256054619,0.8642378377672029,RELIABLE,RELIABLE,62.03753678530966,85.35056460859305,False,False
502,2,2,10.055754268378461,0.9121206556703407,RELIABLE,RELIABLE,62.03753678530966,85.35056460859305,False,False
503,2,2,23.758153883456668,0.8414779725611141,RELIABLE,RELIABLE,62.03753678530966,85.35056460859305,False,False
504,2,2,33.427010464641526,0.7965443850164274,RELIABLE,RELIABLE,62.03753678530966,85.35056460859305,False,False
505,2,2,44.47091659041415,0.7733058188047184,RELIABLE,RELIABLE,62.03753678530966,85.35056460859305,False,False
506,2,2,23.732431851929864,0.8361831796691394,RELIABLE,RELIABLE,62.03753678530966,85.35056460859305,False,False
507,2,2,24.999339380178085,0.8409996614794851,RELIABLE,RELIABLE,62.03753678530966,85.35056460859305,False,False
508,2,2,16.595688284742078,0.872685302872116,RELIABLE,RELIABLE,62.03753678530966,85.35056460859305,False,False
509,2,2,31.601708908092352,0.8229051584537499,RELIABLE,RELIABLE,62.03753678530966,85.35056460859305,False,False
510,2,2,37.807312846908566,0.8050432648836838,RELIABLE,RELIABLE,62.03753678530966,85.35056460859305,False,False
511,2,2,27.806480946708447,0.8191512673239127,RELIABLE,RELIABLE,62.03753678530966,85.35056460859305,False,False
512,2,2,22.10634666797599,0.8537322214174368,RELIABLE,RELIABLE,62.03753678530966,85.35056460859305,False,False
513,2,2,41.6499383347558,0.8423508586402068,RELIABLE,RELIABLE,62.03753678530966,85.35056460859305,False,False
514,2,2,23.939536793435867,0.8419955760426653,RELIABLE,RELIABLE,62.03753678530966,85.35056460859305,False,False
515,2,2,55.30668317271514,0.7293069182314552,RELIABLE,RELIABLE,62.03753678530966,85.35056460859305,False,False
516,2,2,21.30635014023969,0.8466276922437554,RELIABLE,RELIABLE,62.03753678530966,85.35056460859305,False,False
517,2,2,46.84026750237881,0.8082123383201976,RELIABLE,RELIABLE,62.03753678530966,85.35056460859305,False,False
518,2,2,28.727150551861808,0.8251364289892753,RELIABLE,RELIABLE,62.03753678530966,85.35056460859305,False,False
519,2,2,45.15109289560837,0.8256650294917376,RELIABLE,RELIABLE,62.03753678530966,85.35056460859305,False,False
520,2,2,37.88464673671024,0.812979790658636,RELIABLE,RELIABLE,62.03753678530966,85.35056460859305,False,False
521,2,2,29.38287945701574,0.8133267202060686,RELIABLE,RELIABLE,62.03753678530966,85.35056460859305,False,False
522,2,2,32.594824187825516,0.7992019406021763,RELIABLE,RELIABLE,62.03753678530966,85.35056460859305,False,False
523,2,2,24.948397486981264,0.8528218859415357,RELIABLE,RELIABLE,62.03753678530966,85.35056460859305,False,False
524,2,2,38.069077167020666,0.7912230904231554,RELIABLE,RELIABLE,62.03753678530966,85.35056460859305,False,False
525,2,2,34.7482614557175,0.7877601273738316,RELIABLE,RELIABLE,62.03753678530966,85.35056460859305,False,False
526,2,2,34.693573092099406,0.8145494996915641,RELIABLE,RELIABLE,62.03753678530966,85.35056460859305,False,False
527,2,2,13.879199609551128,0.8903574438821846,RELIABLE,RELIABLE,62.03753678530966,85.35056460859305,False,False
528,2,2,29.222101224216633,0.8214659744366664,RELIABLE,RELIABLE,62.03753678530966,85.35056460859305,False,False
529,2,2,42.38209802669121,0.8120736235315302,RELIABLE,RELIABLE,62.03753678530966,85.35056460859305,False,False
530,2,2,44.3696152169714,0.800100242331385,RELIABLE,RELIABLE,62.03753678530966,85.35056460859305,False,False
531,2,2,15.316472056002313,0.8885463101699597,RELIABLE,RELIABLE,62.03753678530966,85.35056460859305,False,False
532,2,2,24.515972073889287,0.839028949249033,RELIABLE,RELIABLE,62.03753678530966,85.35056460859305,False,False
533,2,2,55.60037974566029,0.784253910400292,RELIABLE,RELIABLE,62.03753678530966,85.35056460859305,False,False
534,2,2,45.72259383755487,0.7553141191809507,RELIABLE,RELIABLE,62.03753678530966,85.35056460859305,False,False
535,2,2,71.24189810408699,0.7736879909029495,UNRELIABLE,IDO,62.03753678530966,85.35056460859305,True,True
536,2,2,25.761687774836876,0.8339700338477996,RELIABLE,RELIABLE,62.03753678530966,85.35056460859305,False,False
537,2,2,21.393740607418483,0.8514991500839242,RELIABLE,RELIABLE,62.03753678530966,85.35056460859305,False,False
538,2,2,17.742143000007882,0.8620855037763654,RELIABLE,RELIABLE,62.03753678530966,85.35056460859305,False,False
539,2,2,17.817651921041328,0.8637351072167873,RELIABLE,RELIABLE,62.03753678530966,85.35056460859305,False,False
540,2,2,58.012628212893844,0.7675007763056819,RELIABLE,RELIABLE,62.03753678530966,85.35056460859305,False,False
541,2,2,41.831134775867866,0.7739737071883781,RELIABLE,RELIABLE,62.03753678530966,85.35056460859305,False,False
542,2,2,19.512526371234326,0.8564158686052283,RELIABLE,RELIABLE,62.03753678530966,85.35056460859305,False,False
543,2,2,34.825005873809545,0.8154658503305848,RELIABLE,RELIABLE,62.03753678530966,85.35056460859305,False,False
544,2,2,16.0787404690398,0.8785120125297091,RELIABLE,RELIABLE,62.03753678530966,85.35056460859305,False,False
545,2,2,30.767210863670083,0.8225827455525632,RELIABLE,RELIABLE,62.03753678530966,85.35056460859305,False,False
546,2,2,17.609771346083544,0.8779097776090268,RELIABLE,RELIABLE,62.03753678530966,85.35056460859305,False,False
547,2,2,36.695771272688646,0.8293757846333547,RELIABLE,RELIABLE,62.03753678530966,85.35056460859305,False,False
548,2,2,59.50069334684784,0.7468380757197917,RELIABLE,RELIABLE,62.03753678530966,85.35056460859305,False,False
549,2,2,28.80718008764809,0.8246222325107504,RELIABLE,RELIABLE,62.03753678530966,85.35056460859305,False,False
550,2,2,55.14492913560569,0.7874147141150131,RELIABLE,RELIABLE,62.03753678530966,85.35056460859305,False,False
551,2,2,17.3126861012095,0.8780404396047355,RELIABLE,RELIABLE,62.03753678530966,85.35056460859305,False,False
552,2,2,12.350858567302259,0.8990993833542332,RELIABLE,RELIABLE,62.03753678530966,85.35056460859305,False,False
553,2,2,21.094118699878457,0.8561948266613961,RELIABLE,RELIABLE,62.03753678530966,85.35056460859305,False,False
554,2,2,30.991164321091002,0.8070010003894721,RELIABLE,RELIABLE,62.03753678530966,85.35056460859305,False,False
555,2,2,42.10679856307784,0.7903091013526897,RELIABLE,RELIABLE,62.03753678530966,85.35056460859305,False,False
556,2,2,33.3510806798469,0.8110885309050431,RELIABLE,RELIABLE,62.03753678530966,85.35056460859305,False,False
557,2,2,22.968022711854477,0.848691875713695,RELIABLE,RELIABLE,62.03753678530966,85.35056460859305,False,False
558,2,2,33.15478870120478,0.823298593893543,RELIABLE,RELIABLE,62.03753678530966,85.35056460859305,False,False
559,2,2,38.805013022261505,0.8182519380439409,RELIABLE,RELIABLE,62.03753678530966,85.35056460859305,False,False
560,2,2,17.044916666317935,0.8663891210308654,RELIABLE,RELIABLE,62.03753678530966,85.35056460859305,False,False
561,2,2,29.71887901138238,0.815595199585997,RELIABLE,RELIABLE,62.03753678530966,85.35056460859305,False,False
562,2,2,26.66951667511728,0.8297761850548608,RELIABLE,RELIABLE,62.03753678530966,85.35056460859305,False,False
563,2,2,52.96374528664862,0.7767658559403621,RELIABLE,RELIABLE,62.03753678530966,85.35056460859305,False,False
564,2,2,32.69568153997274,0.8313648071532947,RELIABLE,RELIABLE,62.03753678530966,85.35056460859305,False,False
565,2,2,42.07678896406754,0.8216475695098895,RELIABLE,RELIABLE,62.03753678530966,85.35056460859305,False,False
566,2,2,28.462753562788283,0.8358438275151999,RELIABLE,RELIABLE,62.03753678530966,85.35056460859305,False,False
567,2,2,23.749782125298434,0.8349751971459861,RELIABLE,RELIABLE,62.03753678530966,85.35056460859305,False,False
568,2,2,17.69904680842628,0.8672009279391,RELIABLE,RELIABLE,62.03753678530966,85.35056460859305,False,False
569,2,2,61.39665200684864,0.7395717641584367,RELIABLE,RELIABLE,62.03753678530966,85.35056460859305,False,False
570,2,2,36.764586911527154,0.8058799772033336,RELIABLE,RELIABLE,62.03753678530966,85.35056460859305,False,False
571,2,2,22.753687060368673,0.8382351482164356,RELIABLE,RELIABLE,62.03753678530966,85.35056460859305,False,False
572,2,2,27.20973583651562,0.8334718998498759,RELIABLE,RELIABLE,62.03753678530966,85.35056460859305,False,False
573,2,2,10.63006647948235,0.9074433975494142,RELIABLE,RELIABLE,62.03753678530966,85.35056460859305,False,False
574,2,2,23.30934670278003,0.83133293038693,RELIABLE,RELIABLE,62.03753678530966,85.35056460859305,False,False
575,2,2,35.11228121917971,0.8040607053838482,RELIABLE,RELIABLE,62.03753678530966,85.35056460859305,False,False
576,2,2,18.604437777255566,0.8585847559211257,RELIABLE,RELIABLE,62.03753678530966,85.35056460859305,False,False
577,2,2,24.027576633027472,0.8471402657298622,RELIABLE,RELIABLE,62.03753678530966,85.35056460859305,False,False
578,2,2,35.3783334044605,0.8240802813299217,RELIABLE,RELIABLE,62.03753678530966,85.35056460859305,False,False
579,2,2,41.38445711545113,0.7811764990580948,RELIABLE,RELIABLE,62.03753678530966,85.35056460859305,False,False
580,2,2,80.69808503220314,0.7719553603716577,UNRELIABLE,IDO,62.03753678530966,85.35056460859305,True,True
581,2,2,24.665690156095245,0.8333181042589491,RELIABLE,RELIABLE,62.03753678530966,85.35056460859305,False,False
582,2,2,33.434256050135616,0.8005489894219286,RELIABLE,RELIABLE,62.03753678530966,85.35056460859305,False,False
583,2,2,27.26028039502447,0.819175047126438,RELIABLE,RELIABLE,62.03753678530966,85.35056460859305,False,False
584,2,2,21.617774069636766,0.8557337997139289,RELIABLE,RELIABLE,62.03753678530966,85.35056460859305,False,False
585,2,2,24.26583125266301,0.8453504271621873,RELIABLE,RELIABLE,62.03753678530966,85.35056460859305,False,False
586,2,2,32.959424263719505,0.8269063766432081,RELIABLE,RELIABLE,62.03753678530966,85.35056460859305,False,False
587,2,2,18.368463754457576,0.8621022793804545,RELIABLE,RELIABLE,62.03753678530966,85.35056460859305,False,False
588,2,2,67.28598375756265,0.7480151422528742,UNRELIABLE,IDO,62.03753678530966,85.35056460859305,True,True
589,2,2,18.897111588275802,0.8776415864589151,RELIABLE,RELIABLE,62.03753678530966,85.35056460859305,False,False
590,2,2,53.00844544238865,0.8129868326231282,RELIABLE,RELIABLE,62.03753678530966,85.35056460859305,False,False
591,2,2,18.696620706677564,0.8721176310376471,RELIABLE,RELIABLE,62.03753678530966,85.35056460859305,False,False
592,2,2,32.23494613232239,0.8062613285969901,RELIABLE,RELIABLE,62.03753678530966,85.35056460859305,False,False
593,2,2,16.460398401555548,0.8843515866809001,RELIABLE,RELIABLE,62.03753678530966,85.35056460859305,False,False
594,2,2,16.04021307403368,0.8933990456691996,RELIABLE,RELIABLE,62.03753678530966,85.35056460859305,False,False
595,2,2,38.16736333423134,0.8350802118436573,RELIABLE,RELIABLE,62.03753678530966,85.35056460859305,False,False
596,2,2,26.353962715427866,0.8729919179302537,RELIABLE,RELIABLE,62.03753678530966,85.35056460859305,False,False
597,2,2,31.824492367634264,0.8001586554706317,RELIABLE,RELIABLE,62.03753678530966,85.35056460859305,False,False
598,2,2,36.4898508111833,0.7846507853016071,RELIABLE,RELIABLE,62.03753678530966,85.35056460859305,False,False
599,2,2,39.93218302695559,0.8322091077574962,RELIABLE,RELIABLE,62.03753678530966,85.35056460859305,False,False
