split,sample_index,label,class_name,f00,f01,f02,f03,f04,f05,f06,f07,f08,f09,f10,f11,f12,f13,f14,f15,f16,f17,f18,f19,f20,f21,f22,f23,f24
ood_square_all,0,3,Square,0.9750843644142151,0.82038414478302,0.9828165769577026,1.0,1.0,0.0,0.0,0.0046308464370667934,0.09946379065513611,0.9646580815315247,0.9747249484062195,0.0,0.0,0.03214474022388458,1.0,1.0,0.0,0.0,0.012503373436629772,1.0,1.0,0.9633426666259766,0.0,0.8665896654129028,1.0
ood_square_all,1,3,Square,0.8599672317504883,1.0,1.0,1.0,1.0,1.0,0.047126758843660355,0.02167210727930069,0.0,1.0,1.0,0.01154349185526371,0.031642090529203415,0.0,1.0,1.0,0.10851457715034485,0.0,0.0,0.03270954266190529,0.0,0.9911715984344482,1.0,1.0,0.9727811813354492
ood_square_all,2,3,Square,1.0,1.0,0.9684142470359802,0.9164302945137024,1.0,0.9307383894920349,0.013782228343188763,0.0,0.0684196725487709,0.8167883157730103,0.0,0.0,0.1578139066696167,0.13986435532569885,0.9098928570747375,1.0,0.958186149597168,0.0,0.026295291259884834,1.0,1.0,0.8971735239028931,0.899222731590271,1.0,1.0
ood_square_all,3,3,Square,0.9559838175773621,1.0,0.7961699366569519,0.8631751537322998,0.9100719690322876,1.0,0.0,0.0,0.007566177286207676,1.0,1.0,1.0,0.0,0.0,1.0,0.9053715467453003,0.12501439452171326,0.1095762550830841,0.044980406761169434,0.9625791311264038,1.0,0.8584989309310913,0.9897834062576294,1.0,0.0
ood_square_all,4,3,Square,0.7867494821548462,0.9099924564361572,0.9465605020523071,0.9430842995643616,0.06331229209899902,1.0,0.0,0.10966520756483078,0.0,1.0,0.9059227108955383,0.0,0.01218622736632824,0.0,0.9874144196510315,1.0,0.8403021097183228,0.0,0.03941604495048523,0.985864520072937,0.9561594724655151,0.9659398198127747,0.9614576101303101,0.7539227604866028,1.0
ood_square_all,5,3,Square,0.015059083700180054,1.0,1.0,0.8511015176773071,0.9730364680290222,1.0,0.0,0.0,0.1139071062207222,0.8901721835136414,0.9076545238494873,0.02265707403421402,0.024628793820738792,0.9796802997589111,1.0,0.8941987156867981,0.0,0.0,0.0,0.9300296306610107,1.0,1.0,1.0,0.9873747229576111,0.8977347016334534
ood_square_all,6,3,Square,0.0,0.9707639813423157,1.0,1.0,0.9747002124786377,1.0,0.0,0.0,0.011511174961924553,1.0,1.0,0.0,0.0,0.0,0.9382877945899963,0.9877609014511108,0.007486437913030386,0.0619811974465847,0.12977176904678345,1.0,0.9839401841163635,0.9339336156845093,0.10568873584270477,1.0,1.0
ood_square_all,7,3,Square,1.0,0.885155200958252,0.07804687321186066,1.0,1.0,0.9317114353179932,0.0,0.0,0.13866396248340607,1.0,0.9579753279685974,1.0,0.136166512966156,0.0,0.9158419370651245,1.0,0.0,0.016464779153466225,0.03708389773964882,0.8871752023696899,1.0,0.8599104285240173,0.9164307117462158,1.0,0.9500385522842407
ood_square_all,8,3,Square,0.9717963337898254,0.9270622730255127,1.0,0.958545982837677,1.0,0.9960270524024963,0.0,0.08790462464094162,0.0,1.0,1.0,0.0,0.9195333123207092,0.0,0.9587604999542236,0.9652305841445923,0.9518805742263794,0.07889869809150696,0.0,0.9618648290634155,1.0,0.9694740772247314,0.9614405632019043,0.9898958206176758,0.8718159794807434
ood_square_all,9,3,Square,1.0,0.8699465990066528,1.0,1.0,0.9786098599433899,0.9748189449310303,0.15564003586769104,1.0,0.9949500560760498,1.0,0.9817246198654175,0.0,0.11991256475448608,0.0,1.0,1.0,0.0,0.08582622557878494,0.0,0.8917268514633179,0.8713842034339905,1.0,1.0,1.0,0.8635401129722595
ood_square_all,10,3,Square,1.0,1.0,1.0,1.0,0.9502943158149719,0.9946129322052002,0.9964849352836609,0.0,0.0,1.0,0.9208488464355469,0.04095946624875069,0.1414400041103363,0.09421590715646744,1.0,0.9254359602928162,0.0,0.018003081902861595,0.009298939257860184,0.0,0.9767740964889526,1.0,0.9144054055213928,1.0,1.0
ood_square_all,11,3,Square,1.0,0.9604796171188354,1.0,0.7708024382591248,0.0,1.0,0.06117215007543564,0.0,0.0,0.9415228366851807,1.0,0.045215994119644165,0.0,0.0,0.9816338419914246,1.0,0.943209171295166,0.012723242864012718,0.06572715193033218,0.9316251873970032,1.0,1.0,1.0,1.0,0.9375578165054321
ood_square_all,12,3,Square,0.9913605451583862,0.0,1.0,0.9314498901367188,0.9685439467430115,0.8408833742141724,0.04883348196744919,0.2250284105539322,0.0,0.9980405569076538,1.0,0.9748510718345642,0.0,0.1632411777973175,0.9591305255889893,0.953631579875946,0.0,0.012007353827357292,0.1566367894411087,0.9745696783065796,0.9477087259292603,1.0,0.9710969924926758,0.9989610314369202,0.94586580991745
ood_square_all,13,3,Square,1.0,1.0,0.9841493964195251,1.0,1.0,0.7656277418136597,0.0,0.0,0.0,1.0,1.0,0.0,0.0,0.04615263640880585,0.9901098012924194,0.9700911641120911,0.005280522163957357,0.0,0.040146712213754654,0.9631850123405457,0.026316452771425247,0.0,1.0,1.0,1.0
ood_square_all,14,3,Square,0.9998142719268799,0.955656886100769,0.9581742882728577,0.9740614295005798,0.885481059551239,1.0,0.0,0.0,0.014039904810488224,0.7968730330467224,1.0,0.03689124807715416,0.0,0.0,0.9883595108985901,0.9920007586479187,0.08319596946239471,0.9332696199417114,0.0,1.0,1.0,1.0,0.9630993008613586,0.0386028029024601,1.0
ood_square_all,15,3,Square,0.8983758091926575,0.0,1.0,1.0,1.0,0.9325240850448608,0.0,0.9761502742767334,0.0,1.0,0.9152493476867676,0.08213842660188675,0.14506006240844727,0.03691618889570236,0.7546489834785461,0.9022834897041321,0.08942276239395142,0.03612329438328743,0.0,1.0,0.9647544026374817,1.0,0.9180542230606079,0.889284610748291,1.0
ood_square_all,16,3,Square,1.0,1.0,0.8426706790924072,0.963918924331665,1.0,0.91868656873703,0.06887294352054596,0.0,0.0,1.0,0.988947331905365,0.264927476644516,0.002613598946481943,0.01480662077665329,1.0,1.0,0.1239868625998497,1.0,0.08407922834157944,0.9631627798080444,0.024632053449749947,0.9383772611618042,0.9705026149749756,1.0,1.0
ood_square_all,17,3,Square,0.8975777626037598,1.0,0.0,0.941862940788269,0.9908846020698547,1.0,0.0,0.021767931059002876,0.0,1.0,0.07061097025871277,0.0,0.16584013402462006,0.019489670172333717,0.9989156723022461,0.9737322926521301,0.0,0.0,0.0,1.0,1.0,1.0,1.0,1.0,1.0
ood_square_all,18,3,Square,1.0,0.8880013227462769,1.0,1.0,0.9635847806930542,0.04777085408568382,0.05507098138332367,0.016924036666750908,0.044735390692949295,1.0,0.9651848077774048,0.08136244118213654,0.006771746091544628,0.0,0.8916944265365601,0.8668872117996216,0.14527881145477295,0.14212921261787415,0.008523096330463886,0.9685966968536377,1.0,1.0,1.0,0.9078195095062256,0.0
ood_square_all,19,3,Square,0.89716637134552,0.8812360167503357,0.8978606462478638,1.0,0.9774209856987,1.0,0.0,0.0,0.07250150293111801,1.0,0.8285282850265503,0.007051835767924786,0.0,0.07674858719110489,0.7727624773979187,1.0,0.0,0.004238910973072052,0.028148863464593887,0.9699466228485107,1.0,0.9422941207885742,0.13584968447685242,0.06656601279973984,0.9210230708122253
ood_square_all,20,3,Square,1.0,0.9803440570831299,1.0,0.9618865251541138,1.0,1.0,0.0,0.12766654789447784,0.07540164887905121,1.0,1.0,0.0423886738717556,0.0035254305694252253,0.0,1.0,1.0,0.0,0.0,0.02251536212861538,1.0,0.15518198907375336,0.0,0.9037242531776428,0.9962904453277588,0.9500828385353088
ood_square_all,21,3,Square,1.0,0.024633189663290977,0.9778428077697754,0.9688774347305298,0.9924498200416565,1.0,0.03281455114483833,0.010515354573726654,0.04871896654367447,0.9717409014701843,1.0,0.0,0.0046278624795377254,0.06774425506591797,0.9960734248161316,0.9844514727592468,0.0,0.0739210695028305,0.8571068048477173,1.0,0.8963762521743774,1.0,0.9942112565040588,0.9099851846694946,1.0
ood_square_all,22,3,Square,0.9929730892181396,0.9963546395301819,0.0,0.9904430508613586,0.918897271156311,0.8887271881103516,1.0,0.032183803617954254,0.0,0.9282851219177246,1.0,0.0,0.14262813329696655,0.0,0.998100221157074,0.9367671608924866,0.0,0.0,0.07119635492563248,1.0,0.9754269123077393,1.0,1.0,0.9401757121086121,0.931975781917572
ood_square_all,23,3,Square,0.9044099450111389,1.0,0.9539079666137695,0.9783070683479309,0.884166955947876,1.0,0.04075022041797638,0.0,0.07418034970760345,1.0,0.11623857170343399,0.0,0.9894812703132629,0.0,0.9933955073356628,0.8460806608200073,0.0,0.22321276366710663,0.0030816008802503347,0.9464487433433533,0.9339730739593506,1.0,0.9362441897392273,0.9868240356445312,0.9011295437812805
ood_square_all,24,3,Square,1.0,1.0,1.0,0.9643892645835876,1.0,1.0,0.09927573800086975,0.0,0.0,0.9170422554016113,1.0,0.017277590930461884,0.05311935395002365,0.0,1.0,0.9816739559173584,0.06612305343151093,1.0,0.0,0.12960796058177948,0.8512891530990601,1.0,1.0,1.0,0.992331326007843
ood_square_all,25,3,Square,1.0,1.0,0.9716147184371948,1.0,0.9766117930412292,0.8948646783828735,0.0,0.034298431128263474,0.0,1.0,0.882572591304779,0.08528447151184082,0.07818460464477539,0.0,1.0,0.0,0.07623732089996338,0.057544104754924774,0.09010224789381027,0.1713542342185974,0.9557507038116455,0.9767826795578003,1.0,1.0,1.0
ood_square_all,26,3,Square,0.9717625379562378,0.9899026155471802,1.0,0.0,0.0,1.0,0.0,0.0,0.0,1.0,0.977281391620636,0.0,0.07579418271780014,0.0,1.0,0.9136781692504883,0.0,0.0,0.0,1.0,0.9427374005317688,0.9978048801422119,0.9113840460777283,0.9335387945175171,0.92484450340271
ood_square_all,27,3,Square,0.8646748661994934,1.0,0.9556422233581543,0.9352651238441467,0.9725729823112488,0.8922886252403259,0.07249519973993301,0.16562236845493317,0.0,0.944495677947998,0.0,0.0,0.02941218577325344,0.04186110198497772,1.0,0.9364556670188904,0.0,0.0,0.0,0.8974943161010742,0.9660101532936096,0.9462923407554626,0.0,0.9628182649612427,0.9706205725669861
ood_square_all,28,3,Square,1.0,0.9760670065879822,1.0,1.0,1.0,1.0,0.00988022517412901,0.0,0.0,0.0,1.0,0.0,0.012776166200637817,0.0062868669629096985,1.0,1.0,0.10851562023162842,0.0,0.02429511770606041,0.9871625304222107,1.0,0.9837808012962341,0.030940428376197815,0.9674323201179504,0.8457525372505188
ood_square_all,29,3,Square,0.9338776469230652,0.9321637749671936,1.0,1.0,1.0,1.0,0.0,0.0,0.03625932335853577,0.9217798113822937,0.046983107924461365,0.10512682050466537,0.08396583050489426,0.017642073333263397,0.9124507308006287,1.0,0.9434033632278442,0.15997135639190674,0.05604211241006851,1.0,0.8759526014328003,0.9428169131278992,1.0,0.894228458404541,0.9757128357887268
ood_square_all,30,3,Square,0.8990415930747986,0.7660763263702393,1.0,1.0,1.0,1.0,0.0,0.0,0.022210540249943733,1.0,1.0,0.0,0.18560457229614258,0.0,1.0,0.9978862404823303,0.0,0.0,0.10120553523302078,1.0,1.0,0.07371968030929565,1.0,0.018646594136953354,0.9600319266319275
ood_square_all,31,3,Square,1.0,0.9106184244155884,0.9645853042602539,0.9777214527130127,1.0,1.0,0.0,0.0,0.049046311527490616,1.0,1.0,0.85756516456604,0.01902465894818306,0.04958754777908325,1.0,1.0,0.0,0.08183827996253967,0.0,0.9871378540992737,1.0,0.9511314630508423,0.8516001105308533,0.0,1.0
ood_square_all,32,3,Square,0.9224211573600769,1.0,0.9159439206123352,0.9571661949157715,0.02506120316684246,0.9636112451553345,0.030026182532310486,0.0,0.05262293294072151,0.9703523516654968,0.9915866255760193,0.9525833129882812,0.01217322051525116,0.030386650934815407,0.9261972904205322,1.0,0.13987430930137634,0.007305721286684275,0.038042593747377396,0.9446554780006409,0.9587059617042542,1.0,1.0,0.986171543598175,1.0
ood_square_all,33,3,Square,1.0,1.0,0.9439107775688171,1.0,0.9878296852111816,0.8359441757202148,0.0,0.0,0.04988217353820801,0.9988540410995483,1.0,0.0720072090625763,0.0,0.007768470793962479,0.02662021853029728,1.0,0.0,0.0,0.015569404698908329,0.9272547960281372,1.0,0.9729846119880676,0.9484281539916992,0.0,1.0
ood_square_all,34,3,Square,0.9283547401428223,1.0,1.0,0.99956214427948,0.9888623952865601,1.0,0.0,0.0,0.034952182322740555,1.0,1.0,0.0,0.0,0.0,0.9942599534988403,0.9486542344093323,0.0,0.04780175909399986,0.9740314483642578,1.0,0.9663056135177612,0.84086674451828,0.0,1.0,0.9305682182312012
ood_square_all,35,3,Square,1.0,1.0,0.9628742337226868,1.0,0.09881746768951416,1.0,0.09673276543617249,0.029656123369932175,0.0,0.9936591982841492,0.9362267255783081,0.0,0.0,0.0,0.9914178848266602,0.9263847470283508,0.0,0.08390277624130249,0.0,1.0,0.9727189540863037,0.022084908559918404,1.0,1.0,1.0
ood_square_all,36,3,Square,0.9169163107872009,1.0,1.0,0.0970553532242775,0.8915000557899475,0.8822030425071716,0.04840615764260292,0.0,0.018439162522554398,1.0,0.9860617518424988,0.05786273255944252,0.0,0.0,0.7999991774559021,1.0,0.06193730607628822,0.0,0.008898765780031681,1.0,1.0,0.1254374384880066,1.0,1.0,0.9779287576675415
ood_square_all,37,3,Square,0.9319880604743958,0.0,0.9181514978408813,0.9911744594573975,1.0,0.9754408597946167,0.0,0.025915207341313362,0.0,1.0,0.9429373741149902,0.0,0.0,0.04169279336929321,1.0,0.9769265055656433,0.9329933524131775,0.0,0.0,0.9760243892669678,1.0,1.0,0.9684658646583557,1.0,1.0
ood_square_all,38,3,Square,1.0,0.9628739953041077,1.0,0.9618838429450989,1.0,0.9810474514961243,0.0025085415691137314,0.0,0.03157734498381615,1.0,0.9082160592079163,0.06353053450584412,0.14708183705806732,0.0,0.0,1.0,0.12954027950763702,0.004425742197781801,1.0,1.0,1.0,1.0,1.0,0.9350981712341309,1.0
ood_square_all,39,3,Square,1.0,0.97027587890625,1.0,1.0,1.0,1.0,0.0,0.060730598866939545,0.17278939485549927,1.0,1.0,0.07558397203683853,0.09711384028196335,0.0,0.9559483528137207,0.0,0.025632262229919434,0.19029828906059265,1.0,0.9957318902015686,0.9681605100631714,0.9313593506813049,0.8849553465843201,0.9129629731178284,0.9898064136505127
ood_square_all,40,3,Square,1.0,0.8608747124671936,0.8432794809341431,1.0,0.9786350131034851,0.0,0.0,0.02320379763841629,0.0,0.9480330348014832,1.0,0.047835469245910645,0.028388485312461853,0.0,0.9075783491134644,1.0,0.10155203193426132,0.08986976742744446,0.05640591308474541,1.0,0.9474280476570129,0.9406403303146362,1.0,0.9948172569274902,0.0
ood_square_all,41,3,Square,0.1423650085926056,0.04408125951886177,0.9475070834159851,0.9361593127250671,0.94692063331604,1.0,0.10906647890806198,0.0,0.015142357908189297,1.0,0.9844821095466614,0.0,0.0,0.0,1.0,1.0,0.047460488975048065,0.07989396154880524,0.06276503205299377,0.9557782411575317,1.0,1.0,0.9524139761924744,0.9109161496162415,0.9504565000534058
ood_square_all,42,3,Square,0.9626840949058533,0.8266818523406982,0.0,0.9601768255233765,0.8360254168510437,1.0,0.0,0.026339398697018623,0.0,1.0,0.9892050623893738,0.1620987057685852,0.0,0.9862437844276428,0.9765923023223877,0.949204683303833,0.0,0.0,0.024076448753476143,1.0,0.8951462507247925,1.0,1.0,0.9308099150657654,0.9403550624847412
ood_square_all,43,3,Square,1.0,0.9789668321609497,0.8972617387771606,0.8428087830543518,0.9084891676902771,0.8817995190620422,0.00840502418577671,0.05928310751914978,0.03578745201230049,0.98518967628479,0.9140788912773132,0.03410019353032112,1.0,0.0922224149107933,0.9119257926940918,0.0,0.06412496417760849,0.0412207767367363,0.017885182052850723,0.96821528673172,0.8954764008522034,0.9837160706520081,1.0,1.0,1.0
ood_square_all,44,3,Square,0.9643247723579407,0.9359098076820374,1.0,0.9824424386024475,0.06426223367452621,0.9994544386863708,0.0,0.0,0.14902906119823456,1.0,1.0,0.04459530860185623,0.0,0.1538519710302353,1.0,0.8417114615440369,0.08601697534322739,0.033950645476579666,0.04677695408463478,0.0,0.9419643878936768,0.9312075972557068,0.7988173365592957,1.0,1.0
ood_square_all,45,3,Square,0.787678599357605,1.0,1.0,0.087837815284729,1.0,0.8130682110786438,0.10148471593856812,0.052327390760183334,0.025930248200893402,0.9880853295326233,0.9941859245300293,0.04654102772474289,0.08129669725894928,0.11710965633392334,1.0,1.0,0.9595476388931274,0.006501324009150267,0.0519837811589241,0.9442626237869263,0.9013041853904724,1.0,1.0,1.0,1.0
ood_square_all,46,3,Square,0.8734452724456787,0.8794981837272644,0.9009681940078735,1.0,0.961080014705658,1.0,0.0,0.0,0.0,1.0,1.0,0.16051754355430603,0.0,0.03283975273370743,1.0,0.9118765592575073,0.011304059065878391,0.03291475772857666,0.0,0.0,1.0,1.0,0.0,0.9693086743354797,0.8892929553985596
ood_square_all,47,3,Square,0.9322366118431091,1.0,1.0,0.9753065705299377,0.8439973592758179,0.9757180213928223,0.0,0.05340966582298279,0.0,0.865182638168335,1.0,0.0,0.0,0.0,0.7896009683609009,0.979750394821167,0.11395737528800964,0.05407705530524254,1.0,1.0,1.0,1.0,0.0,0.9631479978561401,1.0
ood_square_all,48,3,Square,1.0,0.891803503036499,0.8454812169075012,1.0,0.9105195999145508,0.7675372958183289,0.0,0.09552303701639175,0.05000844970345497,0.8660277724266052,0.18867723643779755,0.0,0.0,0.0,1.0,1.0,0.0,0.0,0.0,1.0,1.0,1.0,1.0,0.0,1.0
ood_square_all,49,3,Square,1.0,0.9937427639961243,1.0,1.0,1.0,0.8557482957839966,0.09700562059879303,0.0,0.056227799504995346,1.0,0.9110378623008728,0.0,0.05257023870944977,0.06604527682065964,1.0,1.0,0.04202123358845711,0.04114573076367378,1.0,0.9443040490150452,1.0,0.9791017174720764,0.08210545778274536,1.0,0.9455535411834717
ood_square_all,50,3,Square,1.0,1.0,0.06033693999052048,0.9949138164520264,1.0,0.9565800428390503,0.0,0.0,0.0,0.941697895526886,0.9935548305511475,0.0,0.0,0.1307271122932434,1.0,1.0,0.90248042345047,0.0,0.0,1.0,0.9308847784996033,0.9733575582504272,1.0,0.9933537840843201,0.9522743225097656
ood_square_all,51,3,Square,0.7798112034797668,1.0,1.0,0.9671345949172974,0.9741621017456055,0.9732728600502014,0.0,1.0,0.0,1.0,1.0,0.0,0.0,0.0,1.0,0.0,0.11712194234132767,0.1075892373919487,0.0,1.0,1.0,0.9227015376091003,0.9221367835998535,0.8325678110122681,1.0
ood_square_all,52,3,Square,0.9506845474243164,0.939615786075592,1.0,0.9485604763031006,0.9730568528175354,0.8659064769744873,0.025276346132159233,0.0,0.028800541535019875,1.0,0.990728497505188,0.008971002884209156,1.0,0.0,0.9756532311439514,1.0,0.053816139698028564,0.9795874953269958,0.0,1.0,1.0,0.9804232716560364,1.0,1.0,1.0
ood_square_all,53,3,Square,0.9736582636833191,0.024424539878964424,0.9617195129394531,1.0,1.0,0.8963260650634766,0.04949716851115227,0.0,0.05709028244018555,0.9053063988685608,1.0,0.04570195823907852,0.1328844577074051,0.0,0.8857287764549255,0.8925573825836182,0.00739208422601223,0.057366371154785156,1.0,0.799919068813324,0.9307823181152344,0.878379762172699,0.9928206205368042,0.8364989757537842,0.8880633115768433
ood_square_all,54,3,Square,0.9556328058242798,1.0,0.9965922236442566,1.0,0.8588080406188965,0.07318554818630219,0.0,0.0,0.0,0.975829541683197,0.8719850182533264,0.0,0.0,0.02848140336573124,0.8321857452392578,1.0,0.0,0.08463394641876221,0.0,0.9886204600334167,0.12687452137470245,0.9736612439155579,0.8958113789558411,1.0,0.9987624883651733
ood_square_all,55,3,Square,0.0,1.0,0.8895691633224487,0.9144178032875061,1.0,0.9760892987251282,0.13311521708965302,0.0,0.0,0.9362353682518005,0.9221713542938232,0.10479091852903366,0.06018202379345894,0.08263260871171951,1.0,0.9992989897727966,0.05418342351913452,0.0,0.17631809413433075,1.0,1.0,0.0,0.9240856170654297,1.0,1.0
ood_square_all,56,3,Square,0.9675955176353455,0.9173033833503723,0.9741899967193604,1.0,1.0,0.9515447616577148,0.057911720126867294,0.009932946413755417,0.005195360630750656,1.0,1.0,0.0,0.0,0.0,0.13573457300662994,1.0,0.05602702125906944,0.0,0.0,0.005988387390971184,0.9228260517120361,1.0,1.0,1.0,0.902125358581543
ood_square_all,57,3,Square,0.9623075127601624,1.0,1.0,0.8325108289718628,1.0,0.791928768157959,0.07095000892877579,0.0,0.9296841025352478,0.92112797498703,1.0,0.038234882056713104,0.1612628847360611,0.10625607520341873,0.8685263395309448,0.9332464933395386,0.0,1.0,0.0,0.9338261485099792,0.9870866537094116,0.9966010451316833,0.9494521617889404,1.0,1.0
ood_square_all,58,3,Square,0.939824104309082,1.0,1.0,1.0,0.9201967716217041,1.0,0.9315055012702942,0.0,0.05347698554396629,1.0,1.0,0.06678193807601929,0.0,0.00024682568619027734,1.0,0.9759232997894287,1.0,0.01774234138429165,0.0,1.0,0.9106187224388123,0.9950353503227234,1.0,1.0,1.0
ood_square_all,59,3,Square,1.0,1.0,0.0,1.0,0.9749104380607605,0.9835220575332642,0.0,0.013269730843603611,0.01870831660926342,1.0,0.0,0.03526412695646286,0.0,0.0,1.0,1.0,0.0,0.0,0.0,0.9591754674911499,1.0,0.9745442271232605,0.945522665977478,1.0,0.9436609148979187
ood_square_all,60,3,Square,1.0,0.9193572402000427,0.9485212564468384,0.864475429058075,0.9085972309112549,0.9595378041267395,0.0,0.0,0.004647612106055021,1.0,0.9643628597259521,0.07865966111421585,0.0,0.9271305799484253,1.0,1.0,0.0,0.0,0.0,0.9715981483459473,0.9117301106452942,0.09546138346195221,1.0,0.9310378432273865,0.9110827445983887
ood_square_all,61,3,Square,0.9638646841049194,1.0,0.9519220590591431,1.0,1.0,0.9819442629814148,0.1575392335653305,0.06363876163959503,0.07948924601078033,0.013066449202597141,1.0,0.0,0.059023771435022354,0.0,0.941508412361145,1.0,0.0,0.0,0.070400670170784,1.0,1.0,0.9998319149017334,1.0,0.0,0.994016170501709
ood_square_all,62,3,Square,0.8799319267272949,0.9626288414001465,1.0,0.9776110053062439,0.9973195195198059,0.8583912253379822,0.0,0.0,0.0,0.9508692622184753,1.0,0.0,0.0,0.02244068682193756,0.9941139221191406,1.0,0.0,0.0,0.07370948046445847,0.026948561891913414,0.9826955795288086,0.9092702269554138,0.0,1.0,0.9640552401542664
ood_square_all,63,3,Square,0.9059517979621887,1.0,0.965869128704071,1.0,0.9723466634750366,0.9422732591629028,0.08523011207580566,0.0,0.06202990561723709,0.9886952638626099,1.0,0.0,0.11618613451719284,0.0,1.0,0.8671773076057434,0.0373431071639061,0.0,0.11074728518724442,0.9335705637931824,0.113319993019104,0.9702445268630981,0.9909154772758484,1.0,0.0
ood_square_all,64,3,Square,1.0,0.9798308610916138,1.0,0.9619225263595581,1.0,1.0,0.043409314006567,0.0,0.9266213178634644,1.0,1.0,0.0,0.0,0.034565478563308716,1.0,1.0,0.11675218492746353,0.0,0.0,0.9850954413414001,0.8393963575363159,0.08394755423069,1.0,0.9838475584983826,1.0
ood_square_all,65,3,Square,1.0,0.9673242568969727,1.0,1.0,0.10217709839344025,0.8903095126152039,0.10083328932523727,0.0,0.01176519226282835,1.0,1.0,0.07135334610939026,0.05393049493432045,0.03610147163271904,0.142672598361969,1.0,0.0,0.02336774580180645,0.0,1.0,1.0,0.9666584134101868,0.9769666790962219,1.0,1.0
ood_square_all,66,3,Square,1.0,0.9889854788780212,1.0,1.0,0.9261667132377625,1.0,0.023464089259505272,0.05930568650364876,0.0054795462638139725,1.0,0.9999661445617676,0.013744777999818325,0.0,0.12445597350597382,0.977078914642334,1.0,0.0,0.026823153719305992,0.0,1.0,1.0,0.002211492508649826,0.19423750042915344,0.9881059527397156,1.0
ood_square_all,67,3,Square,0.9890670776367188,0.0,0.9730598330497742,0.9222685098648071,0.9974191784858704,1.0,0.9184396266937256,0.0,0.0,1.0,1.0,0.0,0.0,0.007524164859205484,0.9560835361480713,0.8452739715576172,0.0,0.0,0.021527500823140144,1.0,0.9939723014831543,0.9548433423042297,0.9221972823143005,1.0,0.8687533140182495
ood_square_all,68,3,Square,1.0,0.03168545663356781,0.9023720622062683,0.9916011095046997,0.9028134346008301,0.9582224488258362,0.0,0.1183650940656662,0.0,1.0,1.0,0.04506225511431694,0.04453551024198532,0.04296031594276428,1.0,1.0,0.017973436042666435,0.0,0.9568052291870117,1.0,1.0,1.0,1.0,1.0,1.0
ood_square_all,69,3,Square,1.0,1.0,0.9345930218696594,1.0,0.0,1.0,0.0,0.02849747985601425,1.0,0.9110223054885864,0.9484024047851562,0.030349258333444595,0.06668748706579208,0.0,0.9813256859779358,0.9224424362182617,0.012510878965258598,0.05586346238851547,0.03300982713699341,0.9954134225845337,1.0,1.0,0.9056419134140015,0.9950287342071533,0.9669702053070068
ood_square_all,70,3,Square,0.9067933559417725,1.0,0.058182764798402786,1.0,1.0,0.9969732165336609,0.0,0.03090338408946991,0.08403708785772324,1.0,0.9766982197761536,0.06016986444592476,0.0,0.0,0.9757871627807617,0.0,0.0032788750249892473,0.11267124861478806,0.0,0.8506212830543518,0.9770715832710266,1.0,1.0,1.0,1.0
ood_square_all,71,3,Square,1.0,1.0,1.0,0.9987140893936157,1.0,1.0,0.9271447062492371,0.007195170037448406,0.0,0.9464306235313416,1.0,0.0,0.0,0.0,0.9794622659683228,0.06270162761211395,0.0,0.030235406011343002,0.23603381216526031,1.0,0.9600427150726318,1.0,0.962524950504303,0.9786264896392822,0.907018780708313
ood_square_all,72,3,Square,1.0,0.8699697852134705,0.9254143238067627,0.9320374131202698,0.9936816692352295,0.011011692695319653,0.05949493497610092,0.048687346279621124,0.1134248748421669,0.853829026222229,0.9780104160308838,0.0,0.0,0.0,0.9907573461532593,0.9210084676742554,0.8977725505828857,0.012739102356135845,0.11197387427091599,0.9401357769966125,0.9883366823196411,0.8591676950454712,0.9457898736000061,0.9453691840171814,1.0
ood_square_all,73,3,Square,0.9364662170410156,1.0,1.0,0.9341796040534973,0.9675247073173523,1.0,0.0,0.0,0.0,1.0,0.9243535399436951,0.0,0.0,0.006644346751272678,1.0,1.0,0.0,0.0,1.0,0.9773602485656738,0.9983665347099304,1.0,0.0,0.9816561341285706,1.0
ood_square_all,74,3,Square,0.11719758063554764,1.0,1.0,1.0,0.9879367351531982,0.8847426176071167,0.06905343383550644,0.07573586702346802,1.0,0.8780748844146729,1.0,0.0009120723116211593,0.007038262207061052,0.026529621332883835,0.9775372743606567,0.9691904187202454,0.0,0.0,0.0,0.9713624119758606,1.0,0.9851122498512268,1.0,1.0,0.9473533630371094
ood_square_all,75,3,Square,0.9571751952171326,0.8821266293525696,0.9680167436599731,0.9941834807395935,0.0,0.8840648531913757,0.03179285302758217,0.06634526699781418,0.03120974637567997,0.9112664461135864,0.9769703149795532,0.009751984849572182,0.0,0.0158726554363966,0.9161624908447266,0.9742520451545715,0.06633143872022629,0.032137058675289154,0.015292336232960224,0.9955734610557556,0.9032269716262817,0.0,1.0,0.9556488394737244,0.817777156829834
ood_square_all,76,3,Square,0.9948874711990356,0.9549510478973389,1.0,0.9300974011421204,0.995911717414856,0.0,0.0,0.03792499378323555,0.0,1.0,0.7788172960281372,0.0,0.03677017614245415,0.031722795218229294,1.0,0.9953859448432922,0.0,0.0,0.1452290415763855,1.0,1.0,0.01789742149412632,0.9900478720664978,0.9144937992095947,1.0
ood_square_all,77,3,Square,1.0,0.8759045004844666,0.9494791626930237,0.005258071236312389,0.9302756190299988,1.0,0.019124649465084076,0.0,0.0,1.0,1.0,0.0,0.0,0.07038475573062897,0.8946357369422913,0.992946982383728,0.0,0.0,0.00013522057270165533,0.9842861294746399,1.0,0.9647862315177917,1.0,0.912480354309082,0.0
ood_square_all,78,3,Square,1.0,1.0,1.0,0.9843060374259949,0.9937007427215576,1.0,0.032985251396894455,0.0,0.0627407655119896,0.0,1.0,0.026402298361063004,0.033090148121118546,0.0,0.9346441030502319,0.8954007625579834,0.041354477405548096,0.04944055899977684,0.0,0.057047076523303986,0.9041887521743774,1.0,1.0,0.9672240018844604,1.0
ood_square_all,79,3,Square,1.0,0.0,0.9591047763824463,1.0,0.9113021492958069,1.0,0.0,0.026068896055221558,0.06151502579450607,0.8203690052032471,0.9581255912780762,0.1126798689365387,0.0,0.0,0.0,0.8554969429969788,0.0,0.016760721802711487,0.055319514125585556,1.0,0.9964355230331421,1.0,0.9671412110328674,0.9051118493080139,1.0
ood_square_all,80,3,Square,1.0,0.9700837731361389,0.907703697681427,1.0,1.0,0.8451698422431946,0.03607235476374626,0.0,1.0,1.0,1.0,0.0,0.15643276274204254,0.0,1.0,0.9291410446166992,0.0,0.036471061408519745,0.0,0.8882195353507996,0.0,0.9514778852462769,0.865934431552887,0.8844199776649475,0.8794617652893066
ood_square_all,81,3,Square,0.9861221313476562,1.0,0.8705132603645325,1.0,0.0,0.8855019807815552,0.0814676582813263,0.04112762585282326,0.0,1.0,0.9800431728363037,0.0,0.08969902247190475,0.01693497598171234,0.8945591449737549,0.9476277232170105,0.011463631875813007,0.06089473143219948,0.0,1.0,0.8420221209526062,1.0,0.9025714993476868,1.0,0.0
ood_square_all,82,3,Square,0.8630187511444092,1.0,1.0,1.0,0.0,0.8205211162567139,0.002007878851145506,0.0,0.0,1.0,0.9795454740524292,0.0,0.0,0.0,0.9558369517326355,0.8575771450996399,0.06971155852079391,0.04550647735595703,0.0,0.9288036823272705,0.9912123084068298,1.0,1.0,1.0,0.0
ood_square_all,83,3,Square,1.0,0.9666991829872131,1.0,1.0,1.0,0.9488682746887207,0.03679043427109718,0.028781279921531677,0.02069137990474701,1.0,0.9243115782737732,0.09482207149267197,0.006372086238116026,0.07773905992507935,0.9406548142433167,0.9774725437164307,0.052523497492074966,0.01108596846461296,0.0019947055261582136,1.0,1.0,1.0,0.02435106411576271,0.16484351456165314,0.8921343088150024
ood_square_all,84,3,Square,0.8966631889343262,0.9380001425743103,1.0,1.0,1.0,1.0,1.0,0.08879780024290085,0.02177196368575096,1.0,0.9431656002998352,0.021596768870949745,0.0,0.9569794535636902,0.9695015549659729,0.9086284041404724,0.21784542500972748,0.03230073302984238,0.09792817384004593,1.0,0.9775358438491821,0.973284900188446,1.0,0.959229588508606,1.0
ood_square_all,85,3,Square,1.0,1.0,1.0,0.9261802434921265,0.9406531453132629,0.9568796157836914,0.0,0.0,0.052375711500644684,0.9732221961021423,1.0,0.012172113172709942,0.0,0.030909301713109016,1.0,1.0,0.8839842081069946,1.0,0.0,0.9425739049911499,1.0,0.9772423505783081,0.9587730765342712,1.0,1.0
ood_square_all,86,3,Square,1.0,1.0,1.0,1.0,1.0,0.9322940707206726,0.0,0.0,0.04323075711727142,0.987555205821991,0.0,0.09541171044111252,0.0978739857673645,0.11275726556777954,0.9711068868637085,0.9099584221839905,0.988408088684082,0.0,0.0,1.0,0.9032331109046936,1.0,0.958687424659729,0.9530578851699829,0.9376329183578491
ood_square_all,87,3,Square,0.9373945593833923,0.9370515942573547,0.970082700252533,0.9659925699234009,1.0,0.9090467691421509,0.035951655358076096,0.04158512130379677,0.004167997743934393,0.9553762078285217,1.0,0.015728957951068878,0.02803744375705719,0.030337689444422722,1.0,1.0,0.8416634798049927,0.0,0.015289838425815105,0.8190174102783203,0.9756791591644287,0.987959086894989,0.0,0.9939752221107483,0.8959740400314331
ood_square_all,88,3,Square,1.0,0.9225649833679199,0.982223391532898,1.0,0.9778555035591125,0.8469083905220032,0.007598465774208307,0.0,0.03840838000178337,1.0,0.9336540699005127,0.04305669665336609,0.0,0.2085418701171875,1.0,0.9509190320968628,0.1587773710489273,0.10361368954181671,0.0,0.10496436059474945,0.0,1.0,0.9232659935951233,0.995542585849762,1.0
ood_square_all,89,3,Square,0.8750872015953064,0.9993961453437805,1.0,1.0,1.0,1.0,0.0,0.1380905658006668,0.05905694141983986,1.0,1.0,0.0,0.9737144708633423,0.0,0.0,0.9802836775779724,0.0,0.0,0.0,1.0,0.9671912789344788,1.0,0.9889922142028809,1.0,1.0
ood_square_all,90,3,Square,0.9226943254470825,0.9239442348480225,0.9816226363182068,0.954563319683075,1.0,1.0,0.09618882834911346,0.0,0.20910809934139252,0.9832119941711426,1.0,0.0,0.0,1.0,1.0,1.0,1.0,0.0,0.04529472440481186,1.0,1.0,1.0,0.8129317760467529,0.9141740202903748,1.0
ood_square_all,91,3,Square,1.0,1.0,1.0,1.0,1.0,0.9324283003807068,1.0,0.9319117665290833,0.0,0.9016244411468506,0.9792230725288391,0.0,0.08584956079721451,0.0310207549482584,0.8279126882553101,1.0,0.0,0.0,0.005732925143092871,0.9578456878662109,0.9405818581581116,0.9710537195205688,1.0,1.0,1.0
ood_square_all,92,3,Square,0.9916602969169617,1.0,1.0,1.0,0.9969415068626404,1.0,0.0,0.0,0.14437651634216309,1.0,0.9836893677711487,0.0,0.11290181428194046,0.041845809668302536,1.0,0.9026968479156494,0.0,0.0745784342288971,0.0,1.0,0.9927012324333191,0.018393822014331818,0.9371693134307861,0.9016183018684387,0.07905542105436325
ood_square_all,93,3,Square,1.0,1.0,1.0,0.9986631870269775,1.0,0.9181638956069946,0.047950275242328644,0.02499888464808464,0.0,0.9159688949584961,1.0,0.0,0.0,0.05763097479939461,1.0,0.9753103256225586,0.8752850294113159,0.0,0.06000145152211189,0.16154268383979797,0.861703634262085,0.9783368706703186,0.9845526218414307,1.0,0.9156643152236938
ood_square_all,94,3,Square,0.9703981876373291,1.0,0.9654403924942017,0.9737120270729065,0.9535555243492126,1.0,0.0,0.028257543221116066,0.0,0.9047170877456665,1.0,1.0,0.017626751214265823,0.08941496908664703,0.0,1.0,0.018152497708797455,0.1790703535079956,0.0,1.0,1.0,1.0,0.9352495074272156,0.7275818586349487,0.8836592435836792
ood_square_all,95,3,Square,1.0,1.0,0.0,1.0,0.0,0.931710422039032,0.007469145581126213,0.0,0.02858606167137623,1.0,0.893189013004303,0.05419701337814331,0.008430617861449718,0.0,1.0,1.0,0.0,0.0,0.003376507665961981,1.0,1.0,1.0,0.8903642296791077,1.0,0.9504591226577759
ood_square_all,96,3,Square,1.0,1.0,1.0,1.0,0.9270434975624084,0.9457963109016418,0.035968996584415436,0.004932048264890909,0.1318434476852417,1.0,0.8490641713142395,0.09606374800205231,0.19942861795425415,0.018228786066174507,1.0,0.9219010472297668,0.0,0.9400812387466431,0.016358768567442894,1.0,0.953909158706665,1.0,1.0,0.05725664272904396,1.0
ood_square_all,97,3,Square,0.7999848127365112,0.8311657905578613,1.0,0.9427574276924133,0.08914162963628769,1.0,0.17620381712913513,0.02375844679772854,0.11541374027729034,1.0,0.9230664968490601,0.0,0.06358431279659271,0.0,1.0,0.8649877905845642,0.0,0.9604091644287109,0.05754340812563896,1.0,0.9736636281013489,0.9970948696136475,1.0,0.9842580556869507,1.0
ood_square_all,98,3,Square,1.0,1.0,0.0,0.9018627405166626,0.0,0.9928076267242432,0.0,0.05222667381167412,0.03625231608748436,1.0,1.0,0.07592925429344177,0.0,0.05886659026145935,1.0,1.0,0.019873930141329765,0.123818539083004,0.0,0.9779052734375,0.9975913166999817,1.0,1.0,0.9998042583465576,0.9746368527412415
ood_square_all,99,3,Square,0.9955794215202332,0.9737586379051208,1.0,0.9782242774963379,0.9467518329620361,0.973440408706665,0.010187379084527493,0.04329662397503853,0.020126495510339737,0.951298177242279,1.0,0.013543721288442612,0.03601812943816185,0.0,0.02321472205221653,0.9626305103302002,0.0,1.0,0.07798606902360916,1.0,1.0,0.9776848554611206,1.0,0.9634028673171997,0.9801577925682068
ood_square_all,100,3,Square,1.0,0.9650462865829468,0.9809610843658447,0.9595028758049011,0.0,1.0,0.050044916570186615,0.06925372779369354,0.0,1.0,1.0,0.984135091304779,0.01960320770740509,0.12175673246383667,1.0,1.0,0.13036885857582092,0.0,0.0,1.0,0.9942592978477478,0.9331663846969604,1.0,1.0,1.0
ood_square_all,101,3,Square,1.0,1.0,1.0,1.0,0.8397148847579956,1.0,0.0,0.04647715017199516,0.0,1.0,0.0,0.8755706548690796,0.0,0.07274159789085388,1.0,0.9212250113487244,0.0,0.0,0.0,0.8956792950630188,1.0,0.9959589242935181,0.9662724733352661,0.9786938428878784,0.9518716931343079
ood_square_all,102,3,Square,1.0,1.0,1.0,1.0,0.925175130367279,0.9798933267593384,0.0003610941639635712,0.0,0.07126393169164658,0.04973631352186203,0.9068065285682678,0.028619851917028427,0.10207696259021759,0.9598878026008606,1.0,0.9732516407966614,0.0,0.0,0.05818525329232216,0.960610568523407,0.9596296548843384,1.0,1.0,1.0,1.0
ood_square_all,103,3,Square,1.0,0.9864938855171204,0.9810498952865601,1.0,1.0,0.9033465385437012,0.0,0.058816444128751755,0.0,1.0,1.0,0.13978010416030884,0.0,0.0,0.8553797006607056,0.9569289684295654,0.020478712394833565,0.0,0.0,0.9004694819450378,1.0,1.0,0.050246719270944595,0.9705675840377808,0.07988644391298294
ood_square_all,104,3,Square,0.9817740321159363,0.9435358643531799,0.04255744814872742,0.9550980925559998,1.0,1.0,0.04903288930654526,0.04127480462193489,0.0,1.0,0.9260516166687012,0.0,0.10322906821966171,0.0,0.0,0.8733986616134644,0.008753874339163303,0.006834017112851143,0.028003601357340813,0.9824343323707581,1.0,0.9964885115623474,0.9256901144981384,0.9435192346572876,0.9711428880691528
ood_square_all,105,3,Square,0.9423788189888,1.0,0.9860222935676575,0.9548118710517883,1.0,1.0,1.0,0.0,0.13473749160766602,1.0,0.9768394827842712,0.0,0.0,0.10794118791818619,0.9606702923774719,0.9267884492874146,0.0,1.0,0.024672314524650574,0.897265613079071,0.9488144516944885,1.0,0.9982448220252991,1.0,0.9275243282318115
ood_square_all,106,3,Square,0.7327974438667297,1.0,0.989815890789032,1.0,0.9338286519050598,1.0,0.0,0.0442313589155674,0.0,1.0,0.8931707739830017,0.06257481127977371,0.9957599639892578,0.0010006360244005919,0.21667557954788208,0.7560856342315674,0.0,0.0,0.036940351128578186,0.8955937027931213,1.0,1.0,1.0,1.0,0.978594183921814
ood_square_all,107,3,Square,1.0,1.0,0.9410286545753479,0.9421072602272034,1.0,1.0,0.09409037232398987,0.0,0.06830084323883057,0.9486995339393616,1.0,0.0,0.0,0.0,1.0,0.05782120302319527,0.0,0.0008709829999133945,0.0,0.09771846234798431,1.0,0.9508708715438843,0.913553774356842,1.0,0.9825742840766907
ood_square_all,108,3,Square,0.879951000213623,0.9365122318267822,0.0,0.9800809621810913,1.0,0.93806391954422,0.02253965102136135,0.11295618116855621,0.0,1.0,0.9656234979629517,0.0,0.0,0.0,0.8236768245697021,1.0,0.893730640411377,0.0,0.0,1.0,1.0,0.9710655808448792,1.0,0.996401309967041,1.0
ood_square_all,109,3,Square,0.9676525592803955,1.0,0.9951183199882507,0.9388245344161987,1.0,1.0,0.0,0.014920368790626526,0.028518592938780785,1.0,0.8459766507148743,0.0,0.979404628276825,0.0,0.9788130521774292,0.0,0.10241549462080002,0.13284163177013397,0.0,1.0,1.0,1.0,1.0,0.9849135279655457,0.9996325969696045
ood_square_all,110,3,Square,0.9409885406494141,1.0,1.0,0.9397032260894775,0.9921451807022095,0.8909554481506348,0.045633163303136826,0.09694788604974747,0.0,1.0,1.0,0.07194957882165909,0.03452403470873833,0.014487408101558685,0.8203046321868896,1.0,0.0,0.0,0.0,0.9816561937332153,0.03252587839961052,0.0,0.9423540830612183,0.9903336763381958,1.0
ood_square_all,111,3,Square,0.9110386967658997,0.0,0.9070003032684326,0.9987955093383789,1.0,0.9477940201759338,0.04563514143228531,1.0,0.07576450705528259,0.9764895439147949,1.0,0.0,0.0,0.0,0.9968617558479309,1.0,0.22074978053569794,0.0,0.0,1.0,0.921722948551178,1.0,1.0,1.0,1.0
ood_square_all,112,3,Square,1.0,0.9926908612251282,1.0,0.8923384547233582,1.0,1.0,0.07568063586950302,0.007499201223254204,0.0,0.8389944434165955,1.0,0.0,0.9531302452087402,0.0,1.0,1.0,0.0,0.0,0.026735274121165276,0.9527583718299866,1.0,0.0,0.8567501902580261,1.0,0.9757550954818726
ood_square_all,113,3,Square,1.0,1.0,1.0,1.0,1.0,1.0,0.004742618650197983,0.04946982488036156,0.08063111454248428,0.13247564435005188,0.10593479871749878,0.019363995641469955,0.055635157972574234,0.0,1.0,0.8888951539993286,0.0,0.053261302411556244,0.08172771334648132,1.0,1.0,1.0,1.0,1.0,1.0
ood_square_all,114,3,Square,1.0,0.015878545120358467,0.9328641295433044,1.0,0.9817167520523071,1.0,0.12608802318572998,0.04332877695560455,0.003270496381446719,0.8726228475570679,0.816113293170929,0.1380101442337036,0.0,0.0,0.9360617399215698,0.9760943651199341,0.0,0.034469012171030045,0.018670687451958656,0.9910564422607422,0.0,1.0,0.9091891050338745,0.9655041694641113,1.0
ood_square_all,115,3,Square,0.903359055519104,0.9339102506637573,1.0,0.9854064583778381,1.0,0.9724080562591553,0.0,0.024610420688986778,0.008552409708499908,1.0,0.8316588997840881,0.1970205157995224,0.0,0.9644818902015686,1.0,1.0,0.0,0.0,0.0,1.0,0.8792839050292969,1.0,1.0,0.0010747960768640041,0.987250566482544
ood_square_all,116,3,Square,0.9560204744338989,1.0,0.9408802390098572,0.9835457801818848,0.9661548733711243,1.0,0.06762444227933884,0.0,0.031910981982946396,0.9517495036125183,0.9421628713607788,0.05344030633568764,0.01097901538014412,0.03381343558430672,1.0,1.0,0.048632312566041946,1.0,0.8849352598190308,1.0,0.9020751118659973,1.0,1.0,1.0,0.965835690498352
ood_square_all,117,3,Square,0.9881542325019836,1.0,1.0,0.9551107287406921,0.961132287979126,1.0,0.0,0.013707450591027737,0.01157967746257782,1.0,0.9529522061347961,0.003997288178652525,0.15712305903434753,0.0,1.0,1.0,0.0,0.0,0.06077740713953972,0.10019523650407791,0.0,0.9793093800544739,1.0,1.0,0.9585986733436584
ood_square_all,118,3,Square,1.0,1.0,0.9939461946487427,0.030364636331796646,0.8968449831008911,0.9290129542350769,0.0,0.011053523980081081,0.0,1.0,1.0,0.0,0.028972700238227844,0.02835266664624214,0.996514618396759,0.0,0.0,0.0,0.008277235552668571,1.0,0.9564571380615234,0.9433109164237976,1.0,1.0,1.0
ood_square_all,119,3,Square,1.0,0.9432098865509033,0.8865088820457458,0.9994246959686279,1.0,1.0,0.02732745371758938,0.0,0.05085976421833038,1.0,1.0,1.0,0.0,0.0,1.0,0.8661746978759766,0.07400547713041306,0.9495993852615356,0.0,0.9576438665390015,1.0,1.0,0.8713573217391968,0.9519245624542236,0.849317193031311
