split,sample_index,label,class_name,f00,f01,f02,f03,f04,f05,f06,f07,f08,f09,f10,f11,f12,f13,f14,f15,f16,f17,f18,f19,f20,f21,f22,f23,f24,f25,f26,f27,f28,f29,f30,f31,f32,f33,f34,f35,f36,f37,f38,f39,f40,f41,f42,f43,f44,f45,f46,f47,f48
mnist_ood_support,0,7,Digit 7,0.0,0.0,0.0,0.0,0.0,0.0,0.0,0.0,0.0,0.053431373089551926,0.17622551321983337,0.22132354974746704,0.12034314125776291,0.0,0.0,0.10367646813392639,0.8014706969261169,0.5117647647857666,0.5627450942993164,0.5899510383605957,0.0,0.0,0.08504902571439743,0.18088234961032867,0.031127450987696648,0.6997549533843994,0.10122549533843994,0.0,0.0,0.0,0.0,0.5299019813537598,0.3333333432674408,0.0,0.0,0.0,0.0,0.18406863510608673,0.5504902601242065,0.0,0.0,0.0,0.0,0.0,0.43382352590560913,0.06838235259056091,0.0,0.0,0.0
mnist_ood_support,1,7,Digit 7,0.0,0.0,0.0,0.0,0.0,0.0,0.0,0.0,0.0,0.0,0.08088235557079315,0.23210784792900085,0.0029411765281111,0.0,0.0,0.3174020051956177,0.5230392813682556,0.4502451419830322,0.6977941989898682,0.010539215989410877,0.0,0.0,0.011029412038624287,0.08455882966518402,0.13161765038967133,0.6061274409294128,0.05661764740943909,0.0,0.0,0.06593137234449387,0.406372606754303,0.6796568632125854,0.6080882549285889,0.24093136191368103,0.0,0.0,0.0,0.0,0.5625000596046448,0.022794118151068687,0.0,0.0,0.0,0.0,0.0,0.41911768913269043,0.0,0.0,0.0
mnist_ood_support,2,7,Digit 7,0.0,0.0,0.0,0.0,0.0,0.0,0.0,0.0,0.09019608050584793,0.02818627469241619,0.0,0.13186274468898773,0.021078431978821754,0.0,0.0,0.19509805738925934,0.5416666865348816,0.6115196347236633,0.75,0.02818627469241619,0.0,0.0,0.0,0.4105392098426819,0.6740195751190186,0.5698529481887817,0.18063727021217346,0.0,0.0,0.0,0.09068628400564194,0.5696078538894653,0.21544119715690613,0.13897058367729187,0.0,0.0,0.0,0.0,0.5137254595756531,0.0,0.0,0.0,0.0,0.0,0.0,0.3267156779766083,0.0,0.0,0.0
mnist_ood_support,3,7,Digit 7,0.0,0.0,0.0,0.0,0.0,0.0,0.0,0.0,0.0,0.0,0.0,0.0,0.0,0.0,0.17965687811374664,0.5536764860153198,0.36862748861312866,0.22867648303508759,0.29460784792900085,0.48210784792900085,0.0,0.0,0.19019608199596405,0.375735342502594,0.4392157196998596,0.5634804368019104,0.24313727021217346,0.0,0.0,0.0,0.0,0.0,0.4933823347091675,0.009313725866377354,0.0,0.0,0.0,0.0,0.0,0.4590686559677124,0.0,0.0,0.0,0.0,0.0,0.0,0.48725488781929016,0.0,0.0
mnist_ood_support,4,7,Digit 7,0.0,0.0,0.0,0.0,0.0,0.0,0.0,0.0,0.0365196093916893,0.01764705963432789,0.009803921915590763,0.13259804248809814,0.1977941244840622,0.0,0.0,0.2568627595901489,0.5257353186607361,0.5279412269592285,0.47230392694473267,0.7044117450714111,0.0019607844296842813,0.0,0.0,0.0,0.003186274552717805,0.4367647171020508,0.41593137383461,0.0,0.0,0.0,0.000735294132027775,0.5132352709770203,0.44509804248809814,0.0,0.0,0.0,0.01715686358511448,0.6247549057006836,0.37745100259780884,0.00024509805371053517,0.0,0.0,0.0,0.3007352948188782,0.3654411733150482,0.0,0.0,0.0,0.0
mnist_ood_support,5,7,Digit 7,0.0,0.0,0.0,0.0,0.0,0.0,0.0,0.0,0.007107843179255724,0.32083335518836975,0.4340686500072479,0.31519606709480286,0.0,0.0,0.0,0.004166666883975267,0.1612745076417923,0.002941176760941744,0.4723038971424103,0.061764709651470184,0.0,0.0,0.0019607844296842813,0.21813726425170898,0.2857843339443207,0.6232843995094299,0.10147058963775635,0.0,0.0,0.005637255031615496,0.4122548997402191,0.5183823704719543,0.12279412150382996,0.0,0.0,0.0,0.0,0.0,0.4526960849761963,0.0,0.0,0.0,0.0,0.0,0.0,0.24313727021217346,0.0,0.0,0.0
mnist_ood_support,6,7,Digit 7,0.0,0.0,0.0,0.0,0.0,0.0,0.0,0.0,0.011519608087837696,0.15416666865348816,0.009558823890984058,0.0,0.0,0.0,0.0,0.05245098099112511,0.7455883026123047,0.40931373834609985,0.47696080803871155,0.06715686619281769,0.0,0.0,0.05245098099112511,0.35073530673980713,0.0,0.3539215326309204,0.09485294669866562,0.0,0.0,0.0,0.0,0.0,0.5075980424880981,0.0,0.0,0.0,0.0,0.0,0.20196078717708588,0.2977941334247589,0.0,0.0,0.0,0.0,0.0,0.30955880880355835,0.00808823574334383,0.0,0.0
mnist_ood_support,7,7,Digit 7,0.0,0.0,0.0,0.0,0.0,0.0,0.0,0.029411764815449715,0.12230392545461655,0.09558823704719543,0.14877450466156006,0.13455882668495178,0.0,0.0,0.039950981736183167,0.38921570777893066,0.43504902720451355,0.4958333969116211,0.6100490689277649,0.0,0.0,0.0,0.0,0.0,0.37867650389671326,0.3286764621734619,0.0,0.0,0.0,0.0,0.0,0.5504902005195618,0.13750000298023224,0.0,0.0,0.0,0.0,0.0,0.5504902005195618,0.22549019753932953,0.0,0.0,0.0,0.0,0.0,0.24068626761436462,0.3394607901573181,0.0,0.0
mnist_ood_support,8,7,Digit 7,0.0,0.0,0.0,0.0,0.0,0.0,0.0,0.0,0.13308823108673096,0.24852940440177917,0.24852940440177917,0.12401960790157318,0.0,0.0,0.0,0.15049020946025848,0.280882328748703,0.24926473200321198,0.6198529601097107,0.02450980618596077,0.0,0.0,0.0,0.0,0.023284316062927246,0.6325980424880981,0.0,0.0,0.0,0.0,0.0,0.4884803891181946,0.20465686917304993,0.0,0.0,0.0,0.0,0.12328431010246277,0.5835784673690796,0.0,0.0,0.0,0.0,0.0,0.3811274468898773,0.021078431978821754,0.0,0.0,0.0
mnist_ood_support,9,7,Digit 7,0.0,0.0,0.0,0.0,0.0,0.0,0.0,0.0,0.0,0.0,0.0,0.0,0.0,0.0,0.04313725605607033,0.5073529481887817,0.6718138456344604,0.635784387588501,0.8808823823928833,0.0365196093916893,0.0,0.0,0.0,0.0,0.012500000186264515,0.5877451300621033,0.0,0.0,0.0,0.0,0.0,0.14142157137393951,0.3607843518257141,0.0,0.0,0.0,0.0,0.0,0.4531862735748291,0.1098039299249649,0.0,0.0,0.0,0.0,0.0,0.5455882549285889,0.018382353708148003,0.0,0.0
mnist_ood_support,10,7,Digit 7,0.0,0.0,0.0,0.0,0.0,0.0,0.0,0.0,0.0,0.04485294222831726,0.20245099067687988,0.10245098918676376,0.0,0.0,0.0,0.0,0.4159314036369324,0.3757353127002716,0.6620098352432251,0.20514707267284393,0.0,0.0,0.0,0.0,0.002205882454290986,0.6448529362678528,0.07745098322629929,0.0,0.0,0.0,0.0,0.40882354974746704,0.3164215683937073,0.0,0.0,0.0,0.0,0.22549019753932953,0.468137264251709,0.0,0.0,0.0,0.0,0.0,0.5075980424880981,0.01225490216165781,0.0,0.0,0.0
mnist_ood_support,11,7,Digit 7,0.0,0.0,0.0,0.0,0.0,0.0,0.0,0.0,0.0,0.0,0.0,0.0,0.0,0.0,0.0,0.1563725471496582,0.4433824121952057,0.4433823823928833,0.5833333730697632,0.14852942526340485,0.0,0.0,0.0,0.0,0.008333333767950535,0.5012255311012268,0.0,0.0,0.0,0.0,0.0,0.3862745463848114,0.12328432500362396,0.0,0.0,0.0,0.0,0.008333333767950535,0.45931369066238403,0.0,0.0,0.0,0.0,0.0,0.27941176295280457,0.12352941185235977,0.0,0.0,0.0
mnist_ood_support,12,7,Digit 7,0.0,0.0,0.0,0.0,0.0,0.0,0.0,0.0017156862886622548,0.17524510622024536,0.23014706373214722,0.13210785388946533,0.0017156862886622548,0.0,0.0,0.07230392098426819,0.730147123336792,0.6311275362968445,0.792647123336792,0.42500001192092896,0.0,0.0,0.0,0.0,0.0,0.21127450466156006,0.6941176652908325,0.0,0.0,0.0,0.0,0.0,0.06495098024606705,0.7154412269592285,0.0,0.0,0.0,0.0,0.0,0.05588235333561897,0.7431373000144958,0.0,0.0,0.0,0.0,0.0,0.023284314200282097,0.637009859085083,0.012500000186264515,0.0
mnist_ood_support,13,7,Digit 7,0.0,0.0,0.0,0.0,0.0,0.0,0.0,0.0,0.0,0.09558823704719543,0.21151962876319885,0.12916666269302368,0.0,0.0,0.0,0.0,0.56519615650177,0.6355392336845398,0.6816177368164062,0.0,0.0,0.0,0.0,0.0,0.2669117748737335,0.3213235139846802,0.0,0.0,0.0,0.0,0.0,0.596323549747467,0.05539216101169586,0.0,0.0,0.0,0.0,0.16911765933036804,0.6629902124404907,0.0,0.0,0.0,0.0,0.0,0.28431373834609985,0.18382352590560913,0.0,0.0,0.0
mnist_ood_support,14,7,Digit 7,0.0,0.0,0.0,0.0,0.0,0.0,0.0,0.0,0.0,0.0,0.03970588371157646,0.0,0.10759803652763367,0.0,0.0,0.0,0.3036764860153198,0.44583335518836975,0.696323573589325,0.3245098292827606,0.0,0.0,0.09607843309640884,0.302205890417099,0.2867647111415863,0.46617648005485535,0.0,0.0,0.0,0.0,0.07671568542718887,0.5475490093231201,0.0036764706019312143,0.0,0.0,0.0,0.0,0.521323561668396,0.08112744987010956,0.0,0.0,0.0,0.0,0.05833333358168602,0.354411780834198,0.0,0.0,0.0,0.0
