row_label,row_class_name,feature_index,prototype_voltage,prototype_sigma_voltage,query_voltage,query_feature,d2_row,N_hat_row,I_ML_row,zone,status_legacy,is_expected_match
0,Cross,0,0.18913952749106044,0.20000000000000007,0.11462794765830041,0.020897068083286285,135.15218839597213,0.57389509279118,0.0009469269031054469,OOD,OOD,False
0,Cross,1,0.16173833830243256,0.16508352316868014,0.11967903096228838,0.028112901374697685,135.15218839597213,0.57389509279118,0.0009469269031054469,OOD,OOD,False
0,Cross,2,0.722607686292613,0.18931330394093987,0.1,0.0,135.15218839597213,0.57389509279118,0.0009469269031054469,OOD,OOD,False
0,Cross,3,0.19135150881251306,0.19999999999999996,0.6798131704330445,0.8283045291900635,135.15218839597213,0.57389509279118,0.0009469269031054469,OOD,OOD,False
0,Cross,4,0.1877308722511708,0.19592556117631266,0.1,0.0,135.15218839597213,0.57389509279118,0.0009469269031054469,OOD,OOD,False
0,Cross,5,0.15030625727803748,0.13744712392618463,0.1,0.0,135.15218839597213,0.57389509279118,0.0009469269031054469,OOD,OOD,False
0,Cross,6,0.15805113951365135,0.15989382481252823,0.1,0.0,135.15218839597213,0.57389509279118,0.0009469269031054469,OOD,OOD,False
0,Cross,7,0.7232541005321158,0.18496625352113166,0.1,0.0,135.15218839597213,0.57389509279118,0.0009469269031054469,OOD,OOD,False
0,Cross,8,0.17750090865296986,0.19440649706353808,0.1,0.0,135.15218839597213,0.57389509279118,0.0009469269031054469,OOD,OOD,False
0,Cross,9,0.1447949231338862,0.1371923703890766,0.1,0.0,135.15218839597213,0.57389509279118,0.0009469269031054469,OOD,OOD,False
0,Cross,10,0.7100297441061894,0.19999999999999996,0.13979578837752343,0.05685112625360489,135.15218839597213,0.57389509279118,0.0009469269031054469,OOD,OOD,False
0,Cross,11,0.7268111963275197,0.1741757024468606,0.7502778589725495,0.9289683699607849,135.15218839597213,0.57389509279118,0.0009469269031054469,OOD,OOD,False
0,Cross,12,0.7070967315843641,0.19999999999999973,0.7744450509548187,0.9634929299354553,135.15218839597213,0.57389509279118,0.0009469269031054469,OOD,OOD,False
0,Cross,13,0.739601390715688,0.1566603911084939,0.7816605865955353,0.9738008379936218,135.15218839597213,0.57389509279118,0.0009469269031054469,OOD,OOD,False
0,Cross,14,0.7654388135147743,0.10683621341304228,0.1,0.0,135.15218839597213,0.57389509279118,0.0009469269031054469,OOD,OOD,False
0,Cross,15,0.19896930268002788,0.19999999999999996,0.8,1.0,135.15218839597213,0.57389509279118,0.0009469269031054469,OOD,OOD,False
0,Cross,16,0.15597785796929464,0.146098424229388,0.8,1.0,135.15218839597213,0.57389509279118,0.0009469269031054469,OOD,OOD,False
0,Cross,17,0.7063846801485241,0.20000000000000023,0.6947261035442353,0.8496087193489075,135.15218839597213,0.57389509279118,0.0009469269031054469,OOD,OOD,False
0,Cross,18,0.20359186816366348,0.2000000000000004,0.6831640899181366,0.8330915570259094,135.15218839597213,0.57389509279118,0.0009469269031054469,OOD,OOD,False
0,Cross,19,0.17927569787891084,0.1921796394957399,0.8,1.0,135.15218839597213,0.57389509279118,0.0009469269031054469,OOD,OOD,False
0,Cross,20,0.16004234559106434,0.1549282216942306,0.1,0.0,135.15218839597213,0.57389509279118,0.0009469269031054469,OOD,OOD,False
0,Cross,21,0.1622038783595786,0.16748736298486933,0.1,0.0,135.15218839597213,0.57389509279118,0.0009469269031054469,OOD,OOD,False
0,Cross,22,0.7355549112667117,0.17117040104143783,0.1,0.0,135.15218839597213,0.57389509279118,0.0009469269031054469,OOD,OOD,False
0,Cross,23,0.18745957609110842,0.1971399119378503,0.1,0.0,135.15218839597213,0.57389509279118,0.0009469269031054469,OOD,OOD,False
0,Cross,24,0.17408079188045356,0.18621425657084856,0.1395610924810171,0.05651584640145302,135.15218839597213,0.57389509279118,0.0009469269031054469,OOD,OOD,False
1,Circle,0,0.16174047820677495,0.15817404743023122,0.11462794765830041,0.020897068083286285,153.11225332467086,0.45405522119964525,0.0007491911149794146,OOD,OOD,False
1,Circle,1,0.19601628587530429,0.19999999999999996,0.11967903096228838,0.028112901374697685,153.11225332467086,0.45405522119964525,0.0007491911149794146,OOD,OOD,False
1,Circle,2,0.739680821659664,0.16501537905551816,0.1,0.0,153.11225332467086,0.45405522119964525,0.0007491911149794146,OOD,OOD,False
1,Circle,3,0.22641740004090571,0.20000000000000007,0.6798131704330445,0.8283045291900635,153.11225332467086,0.45405522119964525,0.0007491911149794146,OOD,OOD,False
1,Circle,4,0.18869108330730022,0.20000000000000007,0.1,0.0,153.11225332467086,0.45405522119964525,0.0007491911149794146,OOD,OOD,False
1,Circle,5,0.16837772343948,0.16875960241280696,0.1,0.0,153.11225332467086,0.45405522119964525,0.0007491911149794146,OOD,OOD,False
1,Circle,6,0.7306441294595906,0.1760095679617143,0.1,0.0,153.11225332467086,0.45405522119964525,0.0007491911149794146,OOD,OOD,False
1,Circle,7,0.16574661588102213,0.168930315925512,0.1,0.0,153.11225332467086,0.45405522119964525,0.0007491911149794146,OOD,OOD,False
1,Circle,8,0.7089281954709439,0.19999999999999996,0.1,0.0,153.11225332467086,0.45405522119964525,0.0007491911149794146,OOD,OOD,False
1,Circle,9,0.15735472491952052,0.1471209694045862,0.1,0.0,153.11225332467086,0.45405522119964525,0.0007491911149794146,OOD,OOD,False
1,Circle,10,0.7409474896981068,0.1566710255124722,0.13979578837752343,0.05685112625360489,153.11225332467086,0.45405522119964525,0.0007491911149794146,OOD,OOD,False
1,Circle,11,0.18004802081692695,0.1873095357586133,0.7502778589725495,0.9289683699607849,153.11225332467086,0.45405522119964525,0.0007491911149794146,OOD,OOD,False
1,Circle,12,0.17831376373195496,0.18394311005217023,0.7744450509548187,0.9634929299354553,153.11225332467086,0.45405522119964525,0.0007491911149794146,OOD,OOD,False
1,Circle,13,0.1727570424895143,0.17692323593835602,0.7816605865955353,0.9738008379936218,153.11225332467086,0.45405522119964525,0.0007491911149794146,OOD,OOD,False
1,Circle,14,0.6990611674306761,0.19999999999999973,0.1,0.0,153.11225332467086,0.45405522119964525,0.0007491911149794146,OOD,OOD,False
1,Circle,15,0.15821409651970775,0.154007723064865,0.8,1.0,153.11225332467086,0.45405522119964525,0.0007491911149794146,OOD,OOD,False
1,Circle,16,0.7281659965962168,0.17422646535161368,0.8,1.0,153.11225332467086,0.45405522119964525,0.0007491911149794146,OOD,OOD,False
1,Circle,17,0.15422572261886613,0.13684366237822454,0.6947261035442353,0.8496087193489075,153.11225332467086,0.45405522119964525,0.0007491911149794146,OOD,OOD,False
1,Circle,18,0.7157051492397049,0.1965190537951938,0.6831640899181366,0.8330915570259094,153.11225332467086,0.45405522119964525,0.0007491911149794146,OOD,OOD,False
1,Circle,19,0.18026617259193323,0.1823175241728714,0.8,1.0,153.11225332467086,0.45405522119964525,0.0007491911149794146,OOD,OOD,False
1,Circle,20,0.13364499800916085,0.09893584868228833,0.1,0.0,153.11225332467086,0.45405522119964525,0.0007491911149794146,OOD,OOD,False
1,Circle,21,0.18147936910742568,0.19090411224384662,0.1,0.0,153.11225332467086,0.45405522119964525,0.0007491911149794146,OOD,OOD,False
1,Circle,22,0.7072184694271224,0.19823809916262092,0.1,0.0,153.11225332467086,0.45405522119964525,0.0007491911149794146,OOD,OOD,False
1,Circle,23,0.19540002066564433,0.19999999999999996,0.1,0.0,153.11225332467086,0.45405522119964525,0.0007491911149794146,OOD,OOD,False
1,Circle,24,0.14579754843483272,0.11887775518365828,0.1395610924810171,0.05651584640145302,153.11225332467086,0.45405522119964525,0.0007491911149794146,OOD,OOD,False
2,Triangle,0,0.19732406697129234,0.20000000000000062,0.11462794765830041,0.020897068083286285,25.574283307489154,0.8635509762453392,0.0014248591108048097,RELIABLE,RELIABLE,True
2,Triangle,1,0.175290317807424,0.18271648529304085,0.11967903096228838,0.028112901374697685,25.574283307489154,0.8635509762453392,0.0014248591108048097,RELIABLE,RELIABLE,True
2,Triangle,2,0.15961416692662145,0.15500021962804877,0.1,0.0,25.574283307489154,0.8635509762453392,0.0014248591108048097,RELIABLE,RELIABLE,True
2,Triangle,3,0.15308814135186022,0.14648036111611862,0.6798131704330445,0.8283045291900635,25.574283307489154,0.8635509762453392,0.0014248591108048097,RELIABLE,RELIABLE,True
2,Triangle,4,0.15873927760481243,0.14804065359552765,0.1,0.0,25.574283307489154,0.8635509762453392,0.0014248591108048097,RELIABLE,RELIABLE,True
2,Triangle,5,0.16120896682026775,0.16258866229863644,0.1,0.0,25.574283307489154,0.8635509762453392,0.0014248591108048097,RELIABLE,RELIABLE,True
2,Triangle,6,0.1371583365754483,0.12606863849228356,0.1,0.0,25.574283307489154,0.8635509762453392,0.0014248591108048097,RELIABLE,RELIABLE,True
2,Triangle,7,0.715179193178143,0.19767890767930485,0.1,0.0,25.574283307489154,0.8635509762453392,0.0014248591108048097,RELIABLE,RELIABLE,True
2,Triangle,8,0.167637447390783,0.17154551387536088,0.1,0.0,25.574283307489154,0.8635509762453392,0.0014248591108048097,RELIABLE,RELIABLE,True
2,Triangle,9,0.1675432935799469,0.17390245947876626,0.1,0.0,25.574283307489154,0.8635509762453392,0.0014248591108048097,RELIABLE,RELIABLE,True
2,Triangle,10,0.17414848431091146,0.1780998253670062,0.13979578837752343,0.05685112625360489,25.574283307489154,0.8635509762453392,0.0014248591108048097,RELIABLE,RELIABLE,True
2,Triangle,11,0.7229269345253605,0.1874509454550276,0.7502778589725495,0.9289683699607849,25.574283307489154,0.8635509762453392,0.0014248591108048097,RELIABLE,RELIABLE,True
2,Triangle,12,0.7295016272040085,0.1672125982171609,0.7744450509548187,0.9634929299354553,25.574283307489154,0.8635509762453392,0.0014248591108048097,RELIABLE,RELIABLE,True
2,Triangle,13,0.7414116917682014,0.151630190321778,0.7816605865955353,0.9738008379936218,25.574283307489154,0.8635509762453392,0.0014248591108048097,RELIABLE,RELIABLE,True
2,Triangle,14,0.17303182982752308,0.186324628451483,0.1,0.0,25.574283307489154,0.8635509762453392,0.0014248591108048097,RELIABLE,RELIABLE,True
2,Triangle,15,0.7071019342293341,0.19999999999999973,0.8,1.0,25.574283307489154,0.8635509762453392,0.0014248591108048097,RELIABLE,RELIABLE,True
2,Triangle,16,0.7204184045766786,0.1876321083238262,0.8,1.0,25.574283307489154,0.8635509762453392,0.0014248591108048097,RELIABLE,RELIABLE,True
2,Triangle,17,0.6992849362548439,0.1999999999999999,0.6947261035442353,0.8496087193489075,25.574283307489154,0.8635509762453392,0.0014248591108048097,RELIABLE,RELIABLE,True
2,Triangle,18,0.7265541713312265,0.18842403932846552,0.6831640899181366,0.8330915570259094,25.574283307489154,0.8635509762453392,0.0014248591108048097,RELIABLE,RELIABLE,True
2,Triangle,19,0.7124595149730637,0.19503090514172255,0.8,1.0,25.574283307489154,0.8635509762453392,0.0014248591108048097,RELIABLE,RELIABLE,True
2,Triangle,20,0.1909690932427942,0.20000000000000007,0.1,0.0,25.574283307489154,0.8635509762453392,0.0014248591108048097,RELIABLE,RELIABLE,True
2,Triangle,21,0.1560695972848527,0.1468916170523933,0.1,0.0,25.574283307489154,0.8635509762453392,0.0014248591108048097,RELIABLE,RELIABLE,True
2,Triangle,22,0.18317471760636483,0.18940021759136838,0.1,0.0,25.574283307489154,0.8635509762453392,0.0014248591108048097,RELIABLE,RELIABLE,True
2,Triangle,23,0.20134394942200717,0.2000000000000005,0.1,0.0,25.574283307489154,0.8635509762453392,0.0014248591108048097,RELIABLE,RELIABLE,True
2,Triangle,24,0.18266244793577535,0.19716507460699362,0.1395610924810171,0.05651584640145302,25.574283307489154,0.8635509762453392,0.0014248591108048097,RELIABLE,RELIABLE,True
