row_label,row_class_name,feature_index,feature_row,feature_col,prototype_voltage,prototype_sigma_voltage,query_voltage,query_feature,d2_row,N_hat_row,I_ML_row,zone,status_legacy,is_expected_match
0,Digit 0,0,0,0,0.7,0.02999999999999997,0.7,0.0,95.74538297988109,0.7664377893805372,0.0007511090335929264,OOD,OOD,False
0,Digit 0,1,0,1,0.7,0.02999999999999997,0.7,0.0,95.74538297988109,0.7664377893805372,0.0007511090335929264,OOD,OOD,False
0,Digit 0,2,0,2,0.7006141666906187,0.030000000000000027,0.7,0.0,95.74538297988109,0.7664377893805372,0.0007511090335929264,OOD,OOD,False
0,Digit 0,3,0,3,0.702517916695494,0.02999999999999997,0.7,0.0,95.74538297988109,0.7664377893805372,0.0007511090335929264,OOD,OOD,False
0,Digit 0,4,0,4,0.7015154166933031,0.030000000000000027,0.7,0.0,95.74538297988109,0.7664377893805372,0.0007511090335929264,OOD,OOD,False
0,Digit 0,5,0,5,0.7007545833458482,0.030000000000000027,0.7,0.0,95.74538297988109,0.7664377893805372,0.0007511090335929264,OOD,OOD,False
0,Digit 0,6,0,6,0.7,0.02999999999999997,0.7,0.0,95.74538297988109,0.7664377893805372,0.0007511090335929264,OOD,OOD,False
0,Digit 0,7,1,0,0.7001070833332836,0.030000000000000027,0.7,0.0,95.74538297988109,0.7664377893805372,0.0007511090335929264,OOD,OOD,False
0,Digit 0,8,1,1,0.7038737500896648,0.030000000000000027,0.7,0.0,95.74538297988109,0.7664377893805372,0.0007511090335929264,OOD,OOD,False
0,Digit 0,9,1,2,0.8106800042365327,0.15626792800095612,0.7454166671261191,0.053431373089551926,95.74538297988109,0.7664377893805372,0.0007511090335929264,OOD,OOD,False
0,Digit 0,10,1,3,1.1015871004896938,0.2,0.8497916862368583,0.17622551321983337,95.74538297988109,0.7664377893805372,0.0007511090335929264,OOD,OOD,False
0,Digit 0,11,1,4,1.1611050213995855,0.1968644546498018,0.888125017285347,0.22132354974746704,95.74538297988109,0.7664377893805372,0.0007511090335929264,OOD,OOD,False
0,Digit 0,12,1,5,0.8440137542483893,0.16882174696083407,0.8022916700690984,0.12034314125776291,95.74538297988109,0.7664377893805372,0.0007511090335929264,OOD,OOD,False
0,Digit 0,13,1,6,0.7012575000329554,0.030000000000000027,0.7,0.0,95.74538297988109,0.7664377893805372,0.0007511090335929264,OOD,OOD,False
0,Digit 0,14,2,0,0.7001225000053644,0.02999999999999997,0.7,0.0,95.74538297988109,0.7664377893805372,0.0007511090335929264,OOD,OOD,False
0,Digit 0,15,2,1,0.7547250019376224,0.108400366138171,0.7881249979138374,0.10367646813392639,95.74538297988109,0.7664377893805372,0.0007511090335929264,OOD,OOD,False
0,Digit 0,16,2,2,1.1109341850391357,0.2,1.3812500923871993,0.8014706969261169,95.74538297988109,0.7664377893805372,0.0007511090335929264,OOD,OOD,False
0,Digit 0,17,2,3,1.103111264611478,0.2,1.1350000500679016,0.5117647647857666,95.74538297988109,0.7664377893805372,0.0007511090335929264,OOD,OOD,False
0,Digit 0,18,2,4,1.058175846999808,0.20000000000000007,1.178333330154419,0.5627450942993164,95.74538297988109,0.7664377893805372,0.0007511090335929264,OOD,OOD,False
0,Digit 0,19,2,5,1.0798537654407263,0.2,1.2014583826065064,0.5899510383605957,95.74538297988109,0.7664377893805372,0.0007511090335929264,OOD,OOD,False
0,Digit 0,20,2,6,0.7096395835357978,0.03400766007220596,0.7,0.0,95.74538297988109,0.7664377893805372,0.0007511090335929264,OOD,OOD,False
0,Digit 0,21,3,0,0.7000237500001676,0.02999999999999997,0.7,0.0,95.74538297988109,0.7664377893805372,0.0007511090335929264,OOD,OOD,False
0,Digit 0,22,3,1,0.9113812563419865,0.19812524925771552,0.7722916718572378,0.08504902571439743,95.74538297988109,0.7664377893805372,0.0007511090335929264,OOD,OOD,False
0,Digit 0,23,3,2,1.1397162662056974,0.2,0.8537499971687793,0.18088234961032867,95.74538297988109,0.7664377893805372,0.0007511090335929264,OOD,OOD,False
0,Digit 0,24,3,3,0.7735554182258869,0.1291247092334631,0.7264583333395421,0.031127450987696648,95.74538297988109,0.7664377893805372,0.0007511090335929264,OOD,OOD,False
0,Digit 0,25,3,4,0.872969589522574,0.19072542339549664,1.2947917103767397,0.6997549533843994,95.74538297988109,0.7664377893805372,0.0007511090335929264,OOD,OOD,False
0,Digit 0,26,3,5,1.1179866827969498,0.20000000000000007,0.7860416710376739,0.10122549533843994,95.74538297988109,0.7664377893805372,0.0007511090335929264,OOD,OOD,False
0,Digit 0,27,3,6,0.7199945835910271,0.05121459934031103,0.7,0.0,95.74538297988109,0.7664377893805372,0.0007511090335929264,OOD,OOD,False
0,Digit 0,28,4,0,0.7001695833358912,0.030000000000000027,0.7,0.0,95.74538297988109,0.7664377893805372,0.0007511090335929264,OOD,OOD,False
0,Digit 0,29,4,1,1.0290975130864535,0.19999999999999984,0.7,0.0,95.74538297988109,0.7664377893805372,0.0007511090335929264,OOD,OOD,False
0,Digit 0,30,4,2,1.0321350134839828,0.2,0.7,0.0,95.74538297988109,0.7664377893805372,0.0007511090335929264,OOD,OOD,False
0,Digit 0,31,4,3,0.8110800040160713,0.1608084513974819,1.1504166841506958,0.5299019813537598,95.74538297988109,0.7664377893805372,0.0007511090335929264,OOD,OOD,False
0,Digit 0,32,4,4,1.0897116836074274,0.2,0.9833333417773247,0.3333333432674408,95.74538297988109,0.7664377893805372,0.0007511090335929264,OOD,OOD,False
0,Digit 0,33,4,5,0.9780154252940438,0.20000000000000012,0.7,0.0,95.74538297988109,0.7664377893805372,0.0007511090335929264,OOD,OOD,False
0,Digit 0,34,4,6,0.7060829168293392,0.02999999999999997,0.7,0.0,95.74538297988109,0.7664377893805372,0.0007511090335929264,OOD,OOD,False
0,Digit 0,35,5,0,0.7003729166792703,0.02999999999999997,0.7,0.0,95.74538297988109,0.7664377893805372,0.0007511090335929264,OOD,OOD,False
0,Digit 0,36,5,1,0.8803383391796437,0.19038129412516314,0.7,0.0,95.74538297988109,0.7664377893805372,0.0007511090335929264,OOD,OOD,False
0,Digit 0,37,5,2,1.2399429438142107,0.1634074904380638,0.8564583398401737,0.18406863510608673,95.74538297988109,0.7664377893805372,0.0007511090335929264,OOD,OOD,False
0,Digit 0,38,5,3,1.2109129437427968,0.15678854591619773,1.1679167211055757,0.5504902601242065,95.74538297988109,0.7664377893805372,0.0007511090335929264,OOD,OOD,False
0,Digit 0,39,5,4,1.004015843111393,0.1972645354426127,0.7,0.0,95.74538297988109,0.7664377893805372,0.0007511090335929264,OOD,OOD,False
0,Digit 0,40,5,5,0.7389650007978895,0.08259732152401511,0.7,0.0,95.74538297988109,0.7664377893805372,0.0007511090335929264,OOD,OOD,False
0,Digit 0,41,5,6,0.7000829166683541,0.030000000000000027,0.7,0.0,95.74538297988109,0.7664377893805372,0.0007511090335929264,OOD,OOD,False
0,Digit 0,42,6,0,0.7,0.02999999999999997,0.7,0.0,95.74538297988109,0.7664377893805372,0.0007511090335929264,OOD,OOD,False
0,Digit 0,43,6,1,0.7010816666889266,0.030000000000000082,0.7,0.0,95.74538297988109,0.7664377893805372,0.0007511090335929264,OOD,OOD,False
0,Digit 0,44,6,2,0.7202529168726467,0.046113214975746164,1.0687499970197678,0.43382352590560913,95.74538297988109,0.7664377893805372,0.0007511090335929264,OOD,OOD,False
0,Digit 0,45,6,3,0.7253266670765705,0.05472118293817341,0.7581249997019768,0.06838235259056091,95.74538297988109,0.7664377893805372,0.0007511090335929264,OOD,OOD,False
0,Digit 0,46,6,4,0.7040475001186919,0.030000000000000082,0.7,0.0,95.74538297988109,0.7664377893805372,0.0007511090335929264,OOD,OOD,False
0,Digit 0,47,6,5,0.700099583334918,0.030000000000000082,0.7,0.0,95.74538297988109,0.7664377893805372,0.0007511090335929264,OOD,OOD,False
0,Digit 0,48,6,6,0.7,0.02999999999999997,0.7,0.0,95.74538297988109,0.7664377893805372,0.0007511090335929264,OOD,OOD,False
1,Digit 1,0,0,0,0.7,0.02999999999999997,0.7,0.0,392.15401448898086,0.7543338049990163,0.0007392471288990359,OOD,OOD,False
1,Digit 1,1,0,1,0.7,0.02999999999999997,0.7,0.0,392.15401448898086,0.7543338049990163,0.0007392471288990359,OOD,OOD,False
1,Digit 1,2,0,2,0.7001687500105238,0.030000000000000082,0.7,0.0,392.15401448898086,0.7543338049990163,0.0007392471288990359,OOD,OOD,False
1,Digit 1,3,0,3,0.7010662500409408,0.030000000000000082,0.7,0.0,392.15401448898086,0.7543338049990163,0.0007392471288990359,OOD,OOD,False
1,Digit 1,4,0,4,0.7013516667002928,0.02999999999999986,0.7,0.0,392.15401448898086,0.7543338049990163,0.0007392471288990359,OOD,OOD,False
1,Digit 1,5,0,5,0.7000491666669023,0.030000000000000027,0.7,0.0,392.15401448898086,0.7543338049990163,0.0007392471288990359,OOD,OOD,False
1,Digit 1,6,0,6,0.7,0.02999999999999997,0.7,0.0,392.15401448898086,0.7543338049990163,0.0007392471288990359,OOD,OOD,False
1,Digit 1,7,1,0,0.7000654166691005,0.030000000000000027,0.7,0.0,392.15401448898086,0.7543338049990163,0.0007392471288990359,OOD,OOD,False
1,Digit 1,8,1,1,0.700435416667629,0.030000000000000082,0.7,0.0,392.15401448898086,0.7543338049990163,0.0007392471288990359,OOD,OOD,False
1,Digit 1,9,1,2,0.7121916671749204,0.05859112989633003,0.7454166671261191,0.053431373089551926,392.15401448898086,0.7543338049990163,0.0007392471288990359,OOD,OOD,False
1,Digit 1,10,1,3,0.9090433413286518,0.19765636405911752,0.8497916862368583,0.17622551321983337,392.15401448898086,0.7543338049990163,0.0007392471288990359,OOD,OOD,False
1,Digit 1,11,1,4,0.9418229262102162,0.2,0.888125017285347,0.22132354974746704,392.15401448898086,0.7543338049990163,0.0007392471288990359,OOD,OOD,False
1,Digit 1,12,1,5,0.7388545844174456,0.10377229674940824,0.8022916700690984,0.12034314125776291,392.15401448898086,0.7543338049990163,0.0007392471288990359,OOD,OOD,False
1,Digit 1,13,1,6,0.7002433333382241,0.02999999999999997,0.7,0.0,392.15401448898086,0.7543338049990163,0.0007392471288990359,OOD,OOD,False
1,Digit 1,14,2,0,0.7000891666740179,0.02999999999999997,0.7,0.0,392.15401448898086,0.7543338049990163,0.0007392471288990359,OOD,OOD,False
1,Digit 1,15,2,1,0.7010370833324734,0.030000000000000027,0.7881249979138374,0.10367646813392639,392.15401448898086,0.7543338049990163,0.0007392471288990359,OOD,OOD,False
1,Digit 1,16,2,2,0.7136862506723409,0.06995004770467095,1.3812500923871993,0.8014706969261169,392.15401448898086,0.7543338049990163,0.0007392471288990359,OOD,OOD,False
1,Digit 1,17,2,3,1.0786087647325127,0.2,1.1350000500679016,0.5117647647857666,392.15401448898086,0.7543338049990163,0.0007392471288990359,OOD,OOD,False
1,Digit 1,18,2,4,0.9618295930472727,0.2,1.178333330154419,0.5627450942993164,392.15401448898086,0.7543338049990163,0.0007392471288990359,OOD,OOD,False
1,Digit 1,19,2,5,0.7104345835731656,0.04373746321066668,1.2014583826065064,0.5899510383605957,392.15401448898086,0.7543338049990163,0.0007392471288990359,OOD,OOD,False
1,Digit 1,20,2,6,0.7000083333336282,0.030000000000000082,0.7,0.0,392.15401448898086,0.7543338049990163,0.0007392471288990359,OOD,OOD,False
1,Digit 1,21,3,0,0.7000425000006332,0.02999999999999997,0.7,0.0,392.15401448898086,0.7543338049990163,0.0007392471288990359,OOD,OOD,False
1,Digit 1,22,3,1,0.7001754166736267,0.030000000000000027,0.7722916718572378,0.08504902571439743,392.15401448898086,0.7543338049990163,0.0007392471288990359,OOD,OOD,False
1,Digit 1,23,3,2,0.7142825003442965,0.049754608372176656,0.8537499971687793,0.18088234961032867,392.15401448898086,0.7543338049990163,0.0007392471288990359,OOD,OOD,False
1,Digit 1,24,3,3,1.2532566912632435,0.12504375500775522,0.7264583333395421,0.031127450987696648,392.15401448898086,0.7543338049990163,0.0007392471288990359,OOD,OOD,False
1,Digit 1,25,3,4,0.7918900024218047,0.10716440611038996,1.2947917103767397,0.6997549533843994,392.15401448898086,0.7543338049990163,0.0007392471288990359,OOD,OOD,False
1,Digit 1,26,3,5,0.7006995833455641,0.030000000000000027,0.7860416710376739,0.10122549533843994,392.15401448898086,0.7543338049990163,0.0007392471288990359,OOD,OOD,False
1,Digit 1,27,3,6,0.7,0.02999999999999997,0.7,0.0,392.15401448898086,0.7543338049990163,0.0007392471288990359,OOD,OOD,False
1,Digit 1,28,4,0,0.7000466666670515,0.02999999999999997,0.7,0.0,392.15401448898086,0.7543338049990163,0.0007392471288990359,OOD,OOD,False
1,Digit 1,29,4,1,0.7018945833743782,0.030000000000000082,0.7,0.0,392.15401448898086,0.7543338049990163,0.0007392471288990359,OOD,OOD,False
1,Digit 1,30,4,2,0.8074237535111488,0.15802443691369694,0.7,0.0,392.15401448898086,0.7543338049990163,0.0007392471288990359,OOD,OOD,False
1,Digit 1,31,4,3,1.218231270161271,0.14590500356171132,1.1504166841506958,0.5299019813537598,392.15401448898086,0.7543338049990163,0.0007392471288990359,OOD,OOD,False
1,Digit 1,32,4,4,0.7396375009042065,0.09102332619496956,0.9833333417773247,0.3333333432674408,392.15401448898086,0.7543338049990163,0.0007392471288990359,OOD,OOD,False
1,Digit 1,33,4,5,0.7013962500509572,0.030000000000000027,0.7,0.0,392.15401448898086,0.7543338049990163,0.0007392471288990359,OOD,OOD,False
1,Digit 1,34,4,6,0.7000666666690258,0.030000000000000082,0.7,0.0,392.15401448898086,0.7543338049990163,0.0007392471288990359,OOD,OOD,False
1,Digit 1,35,5,0,0.7,0.02999999999999997,0.7,0.0,392.15401448898086,0.7543338049990163,0.0007392471288990359,OOD,OOD,False
1,Digit 1,36,5,1,0.7201879172166226,0.07413748794304698,0.7,0.0,392.15401448898086,0.7543338049990163,0.0007392471288990359,OOD,OOD,False
1,Digit 1,37,5,2,0.9152070921309872,0.1999999999999999,0.8564583398401737,0.18406863510608673,392.15401448898086,0.7543338049990163,0.0007392471288990359,OOD,OOD,False
1,Digit 1,38,5,3,1.0373758464727785,0.20000000000000007,1.1679167211055757,0.5504902601242065,392.15401448898086,0.7543338049990163,0.0007392471288990359,OOD,OOD,False
1,Digit 1,39,5,4,0.7570995848374091,0.11827418365947756,0.7,0.0,392.15401448898086,0.7543338049990163,0.0007392471288990359,OOD,OOD,False
1,Digit 1,40,5,5,0.7032512501557124,0.030000000000000082,0.7,0.0,392.15401448898086,0.7543338049990163,0.0007392471288990359,OOD,OOD,False
1,Digit 1,41,5,6,0.7000437500013502,0.030000000000000138,0.7,0.0,392.15401448898086,0.7543338049990163,0.0007392471288990359,OOD,OOD,False
1,Digit 1,42,6,0,0.7,0.02999999999999997,0.7,0.0,392.15401448898086,0.7543338049990163,0.0007392471288990359,OOD,OOD,False
1,Digit 1,43,6,1,0.7014383333536796,0.02999999999999997,0.7,0.0,392.15401448898086,0.7543338049990163,0.0007392471288990359,OOD,OOD,False
1,Digit 1,44,6,2,0.714283333506144,0.03684783186203017,1.0687499970197678,0.43382352590560913,392.15401448898086,0.7543338049990163,0.0007392471288990359,OOD,OOD,False
1,Digit 1,45,6,3,0.7152904169377259,0.032233334501584054,0.7581249997019768,0.06838235259056091,392.15401448898086,0.7543338049990163,0.0007392471288990359,OOD,OOD,False
1,Digit 1,46,6,4,0.7029895834211258,0.030000000000000027,0.7,0.0,392.15401448898086,0.7543338049990163,0.0007392471288990359,OOD,OOD,False
1,Digit 1,47,6,5,0.7,0.02999999999999997,0.7,0.0,392.15401448898086,0.7543338049990163,0.0007392471288990359,OOD,OOD,False
1,Digit 1,48,6,6,0.7,0.02999999999999997,0.7,0.0,392.15401448898086,0.7543338049990163,0.0007392471288990359,OOD,OOD,False
2,Digit 2,0,0,0,0.7,0.02999999999999997,0.7,0.0,131.10147474268103,0.796213651289232,0.0007802893782634473,OOD,OOD,False
2,Digit 2,1,0,1,0.7092049304188952,0.03802961857213877,0.7,0.0,131.10147474268103,0.796213651289232,0.0007802893782634473,OOD,OOD,False
2,Digit 2,2,0,2,0.710906759813237,0.03380048714481865,0.7,0.0,131.10147474268103,0.796213651289232,0.0007802893782634473,OOD,OOD,False
2,Digit 2,3,0,3,0.7189651856466568,0.049227890831057775,0.7,0.0,131.10147474268103,0.796213651289232,0.0007802893782634473,OOD,OOD,False
2,Digit 2,4,0,4,0.7359340299124257,0.08473801125310942,0.7,0.0,131.10147474268103,0.796213651289232,0.0007802893782634473,OOD,OOD,False
2,Digit 2,5,0,5,0.70387502316637,0.030000000000000082,0.7,0.0,131.10147474268103,0.796213651289232,0.0007802893782634473,OOD,OOD,False
2,Digit 2,6,0,6,0.7,0.02999999999999997,0.7,0.0,131.10147474268103,0.796213651289232,0.0007802893782634473,OOD,OOD,False
2,Digit 2,7,1,0,0.7000079166669863,0.030000000000000027,0.7,0.0,131.10147474268103,0.796213651289232,0.0007802893782634473,OOD,OOD,False
2,Digit 2,8,1,1,0.7800491016296196,0.1498213104990504,0.7,0.0,131.10147474268103,0.796213651289232,0.0007802893782634473,OOD,OOD,False
2,Digit 2,9,1,2,0.9663078822772149,0.2,0.7454166671261191,0.053431373089551926,131.10147474268103,0.796213651289232,0.0007802893782634473,OOD,OOD,False
2,Digit 2,10,1,3,1.0517187663772156,0.19999999999999996,0.8497916862368583,0.17622551321983337,131.10147474268103,0.796213651289232,0.0007802893782634473,OOD,OOD,False
2,Digit 2,11,1,4,0.9965364734632014,0.19999999999999996,0.888125017285347,0.22132354974746704,131.10147474268103,0.796213651289232,0.0007802893782634473,OOD,OOD,False
2,Digit 2,12,1,5,0.7580736361835281,0.10863387468462832,0.8022916700690984,0.12034314125776291,131.10147474268103,0.796213651289232,0.0007802893782634473,OOD,OOD,False
2,Digit 2,13,1,6,0.7002754166692494,0.030000000000000027,0.7,0.0,131.10147474268103,0.796213651289232,0.0007802893782634473,OOD,OOD,False
2,Digit 2,14,2,0,0.7003068750165402,0.030000000000000027,0.7,0.0,131.10147474268103,0.796213651289232,0.0007802893782634473,OOD,OOD,False
2,Digit 2,15,2,1,0.754656296530013,0.09825818934505731,0.7881249979138374,0.10367646813392639,131.10147474268103,0.796213651289232,0.0007802893782634473,OOD,OOD,False
2,Digit 2,16,2,2,0.8123364614009015,0.14256397165576906,1.3812500923871993,0.8014706969261169,131.10147474268103,0.796213651289232,0.0007802893782634473,OOD,OOD,False
2,Digit 2,17,2,3,0.89046120872323,0.19999999999999996,1.1350000500679016,0.5117647647857666,131.10147474268103,0.796213651289232,0.0007802893782634473,OOD,OOD,False
2,Digit 2,18,2,4,1.0807576569626163,0.2,1.178333330154419,0.5627450942993164,131.10147474268103,0.796213651289232,0.0007802893782634473,OOD,OOD,False
2,Digit 2,19,2,5,0.8202578277195927,0.1617851548094364,1.2014583826065064,0.5899510383605957,131.10147474268103,0.796213651289232,0.0007802893782634473,OOD,OOD,False
2,Digit 2,20,2,6,0.7085362730060224,0.03652219188981065,0.7,0.0,131.10147474268103,0.796213651289232,0.0007802893782634473,OOD,OOD,False
2,Digit 2,21,3,0,0.7001170833360518,0.030000000000000027,0.7,0.0,131.10147474268103,0.796213651289232,0.0007802893782634473,OOD,OOD,False
2,Digit 2,22,3,1,0.7501184521835,0.11279777190713519,0.7722916718572378,0.08504902571439743,131.10147474268103,0.796213651289232,0.0007802893782634473,OOD,OOD,False
2,Digit 2,23,3,2,0.8559649835740641,0.20000000000000012,0.8537499971687793,0.18088234961032867,131.10147474268103,0.796213651289232,0.0007802893782634473,OOD,OOD,False
2,Digit 2,24,3,3,1.0970438887767147,0.19999999999999996,0.7264583333395421,0.031127450987696648,131.10147474268103,0.796213651289232,0.0007802893782634473,OOD,OOD,False
2,Digit 2,25,3,4,1.1011838583210611,0.2,1.2947917103767397,0.6997549533843994,131.10147474268103,0.796213651289232,0.0007802893782634473,OOD,OOD,False
2,Digit 2,26,3,5,0.8252631762270289,0.1867755811574724,0.7860416710376739,0.10122549533843994,131.10147474268103,0.796213651289232,0.0007802893782634473,OOD,OOD,False
2,Digit 2,27,3,6,0.708597315395344,0.030000000000000082,0.7,0.0,131.10147474268103,0.796213651289232,0.0007802893782634473,OOD,OOD,False
2,Digit 2,28,4,0,0.702522500018659,0.02999999999999997,0.7,0.0,131.10147474268103,0.796213651289232,0.0007802893782634473,OOD,OOD,False
2,Digit 2,29,4,1,0.8643576427773825,0.2,0.7,0.0,131.10147474268103,0.796213651289232,0.0007802893782634473,OOD,OOD,False
2,Digit 2,30,4,2,1.1710867815722596,0.2,0.7,0.0,131.10147474268103,0.796213651289232,0.0007802893782634473,OOD,OOD,False
2,Digit 2,31,4,3,1.2294333301553522,0.19999999999999996,1.1504166841506958,0.5299019813537598,131.10147474268103,0.796213651289232,0.0007802893782634473,OOD,OOD,False
2,Digit 2,32,4,4,1.0223909144020782,0.20000000000000007,0.9833333417773247,0.3333333432674408,131.10147474268103,0.796213651289232,0.0007802893782634473,OOD,OOD,False
2,Digit 2,33,4,5,0.8773897512092848,0.18944650778366717,0.7,0.0,131.10147474268103,0.796213651289232,0.0007802893782634473,OOD,OOD,False
2,Digit 2,34,4,6,0.7389368748936236,0.08459131153930205,0.7,0.0,131.10147474268103,0.796213651289232,0.0007802893782634473,OOD,OOD,False
2,Digit 2,35,5,0,0.7020437500415543,0.030000000000000027,0.7,0.0,131.10147474268103,0.796213651289232,0.0007802893782634473,OOD,OOD,False
2,Digit 2,36,5,1,0.7917923404508291,0.14768314425305346,0.7,0.0,131.10147474268103,0.796213651289232,0.0007802893782634473,OOD,OOD,False
2,Digit 2,37,5,2,1.0278984564686426,0.2,0.8564583398401737,0.18406863510608673,131.10147474268103,0.796213651289232,0.0007802893782634473,OOD,OOD,False
2,Digit 2,38,5,3,0.967940175158066,0.20000000000000007,1.1679167211055757,0.5504902601242065,131.10147474268103,0.796213651289232,0.0007802893782634473,OOD,OOD,False
2,Digit 2,39,5,4,0.9020343817307022,0.19999999999999996,0.7,0.0,131.10147474268103,0.796213651289232,0.0007802893782634473,OOD,OOD,False
2,Digit 2,40,5,5,0.8251390336551228,0.1999999999999998,0.7,0.0,131.10147474268103,0.796213651289232,0.0007802893782634473,OOD,OOD,False
2,Digit 2,41,5,6,0.715385509910089,0.04688416849979188,0.7,0.0,131.10147474268103,0.796213651289232,0.0007802893782634473,OOD,OOD,False
2,Digit 2,42,6,0,0.7,0.02999999999999997,0.7,0.0,131.10147474268103,0.796213651289232,0.0007802893782634473,OOD,OOD,False
2,Digit 2,43,6,1,0.7003309490784813,0.030000000000000082,0.7,0.0,131.10147474268103,0.796213651289232,0.0007802893782634473,OOD,OOD,False
2,Digit 2,44,6,2,0.709746805991134,0.03830755316064077,1.0687499970197678,0.43382352590560913,131.10147474268103,0.796213651289232,0.0007802893782634473,OOD,OOD,False
2,Digit 2,45,6,3,0.72024601938701,0.04980943114282299,0.7581249997019768,0.06838235259056091,131.10147474268103,0.796213651289232,0.0007802893782634473,OOD,OOD,False
2,Digit 2,46,6,4,0.7232390273846938,0.06544219796226802,0.7,0.0,131.10147474268103,0.796213651289232,0.0007802893782634473,OOD,OOD,False
2,Digit 2,47,6,5,0.7018575694577016,0.02999999999999997,0.7,0.0,131.10147474268103,0.796213651289232,0.0007802893782634473,OOD,OOD,False
2,Digit 2,48,6,6,0.7001831250128829,0.030000000000000082,0.7,0.0,131.10147474268103,0.796213651289232,0.0007802893782634473,OOD,OOD,False
3,Digit 3,0,0,0,0.7,0.02999999999999997,0.7,0.0,65.5736990553469,0.7862200229309823,0.0007704956224723626,UNRELIABLE,IDO,False
3,Digit 3,1,0,1,0.7003279166795777,0.030000000000000082,0.7,0.0,65.5736990553469,0.7862200229309823,0.0007704956224723626,UNRELIABLE,IDO,False
3,Digit 3,2,0,2,0.7029691667042206,0.030000000000000082,0.7,0.0,65.5736990553469,0.7862200229309823,0.0007704956224723626,UNRELIABLE,IDO,False
3,Digit 3,3,0,3,0.7062316667710953,0.030000000000000027,0.7,0.0,65.5736990553469,0.7862200229309823,0.0007704956224723626,UNRELIABLE,IDO,False
3,Digit 3,4,0,4,0.7044504167518926,0.02999999999999997,0.7,0.0,65.5736990553469,0.7862200229309823,0.0007704956224723626,UNRELIABLE,IDO,False
3,Digit 3,5,0,5,0.7006779166476829,0.030000000000000027,0.7,0.0,65.5736990553469,0.7862200229309823,0.0007704956224723626,UNRELIABLE,IDO,False
3,Digit 3,6,0,6,0.7,0.02999999999999997,0.7,0.0,65.5736990553469,0.7862200229309823,0.0007704956224723626,UNRELIABLE,IDO,False
3,Digit 3,7,1,0,0.7011658333422149,0.030000000000000027,0.7,0.0,65.5736990553469,0.7862200229309823,0.0007704956224723626,UNRELIABLE,IDO,False
3,Digit 3,8,1,1,0.7522808346257078,0.10158089752490196,0.7,0.0,65.5736990553469,0.7862200229309823,0.0007704956224723626,UNRELIABLE,IDO,False
3,Digit 3,9,1,2,0.9861433451144054,0.1923142089961859,0.7454166671261191,0.053431373089551926,65.5736990553469,0.7862200229309823,0.0007704956224723626,UNRELIABLE,IDO,False
3,Digit 3,10,1,3,1.149854602555232,0.15034624588524698,0.8497916862368583,0.17622551321983337,65.5736990553469,0.7862200229309823,0.0007704956224723626,UNRELIABLE,IDO,False
3,Digit 3,11,1,4,1.0434120971512049,0.19999999999999996,0.888125017285347,0.22132354974746704,65.5736990553469,0.7862200229309823,0.0007704956224723626,UNRELIABLE,IDO,False
3,Digit 3,12,1,5,0.7678545852614915,0.12365120210103075,0.8022916700690984,0.12034314125776291,65.5736990553469,0.7862200229309823,0.0007704956224723626,UNRELIABLE,IDO,False
3,Digit 3,13,1,6,0.7002033333338796,0.030000000000000138,0.7,0.0,65.5736990553469,0.7862200229309823,0.0007704956224723626,UNRELIABLE,IDO,False
3,Digit 3,14,2,0,0.7023845833800033,0.030000000000000082,0.7,0.0,65.5736990553469,0.7862200229309823,0.0007704956224723626,UNRELIABLE,IDO,False
3,Digit 3,15,2,1,0.7497941679824289,0.11878013815914384,0.7881249979138374,0.10367646813392639,65.5736990553469,0.7862200229309823,0.0007704956224723626,UNRELIABLE,IDO,False
3,Digit 3,16,2,2,0.8452962540659179,0.16587346438395584,1.3812500923871993,0.8014706969261169,65.5736990553469,0.7862200229309823,0.0007704956224723626,UNRELIABLE,IDO,False
3,Digit 3,17,2,3,1.025902930207242,0.193663995385446,1.1350000500679016,0.5117647647857666,65.5736990553469,0.7862200229309823,0.0007704956224723626,UNRELIABLE,IDO,False
3,Digit 3,18,2,4,1.1193912662677235,0.2,1.178333330154419,0.5627450942993164,65.5736990553469,0.7862200229309823,0.0007704956224723626,UNRELIABLE,IDO,False
3,Digit 3,19,2,5,0.7697862523684451,0.13047184365705072,1.2014583826065064,0.5899510383605957,65.5736990553469,0.7862200229309823,0.0007704956224723626,UNRELIABLE,IDO,False
3,Digit 3,20,2,6,0.7000050000000977,0.02999999999999997,0.7,0.0,65.5736990553469,0.7862200229309823,0.0007704956224723626,UNRELIABLE,IDO,False
3,Digit 3,21,3,0,0.7002245833399354,0.030000000000000027,0.7,0.0,65.5736990553469,0.7862200229309823,0.0007704956224723626,UNRELIABLE,IDO,False
3,Digit 3,22,3,1,0.7155020836069161,0.05374763708974917,0.7722916718572378,0.08504902571439743,65.5736990553469,0.7862200229309823,0.0007704956224723626,UNRELIABLE,IDO,False
3,Digit 3,23,3,2,0.9255800072442739,0.19645715884223586,0.8537499971687793,0.18088234961032867,65.5736990553469,0.7862200229309823,0.0007704956224723626,UNRELIABLE,IDO,False
3,Digit 3,24,3,3,1.2055333525575813,0.18436329259302509,0.7264583333395421,0.031127450987696648,65.5736990553469,0.7862200229309823,0.0007704956224723626,UNRELIABLE,IDO,False
3,Digit 3,25,3,4,1.116523763975402,0.1951646491617014,1.2947917103767397,0.6997549533843994,65.5736990553469,0.7862200229309823,0.0007704956224723626,UNRELIABLE,IDO,False
3,Digit 3,26,3,5,0.7680241683826053,0.11455127946175347,0.7860416710376739,0.10122549533843994,65.5736990553469,0.7862200229309823,0.0007704956224723626,UNRELIABLE,IDO,False
3,Digit 3,27,3,6,0.7000437500013502,0.030000000000000138,0.7,0.0,65.5736990553469,0.7862200229309823,0.0007704956224723626,UNRELIABLE,IDO,False
3,Digit 3,28,4,0,0.7049787500105913,0.030000000000000082,0.7,0.0,65.5736990553469,0.7862200229309823,0.0007704956224723626,UNRELIABLE,IDO,False
3,Digit 3,29,4,1,0.7710900017244274,0.1393312576563015,0.7,0.0,65.5736990553469,0.7862200229309823,0.0007704956224723626,UNRELIABLE,IDO,False
3,Digit 3,30,4,2,0.7775337524582223,0.1278884174890108,0.7,0.0,65.5736990553469,0.7862200229309823,0.0007704956224723626,UNRELIABLE,IDO,False
3,Digit 3,31,4,3,0.8037895865146274,0.15530445124831976,1.1504166841506958,0.5299019813537598,65.5736990553469,0.7862200229309823,0.0007704956224723626,UNRELIABLE,IDO,False
3,Digit 3,32,4,4,1.0948970983169566,0.1898607754836572,0.9833333417773247,0.3333333432674408,65.5736990553469,0.7862200229309823,0.0007704956224723626,UNRELIABLE,IDO,False
3,Digit 3,33,4,5,0.849905421382573,0.19135496586312617,0.7,0.0,65.5736990553469,0.7862200229309823,0.0007704956224723626,UNRELIABLE,IDO,False
3,Digit 3,34,4,6,0.7010237499999348,0.030000000000000082,0.7,0.0,65.5736990553469,0.7862200229309823,0.0007704956224723626,UNRELIABLE,IDO,False
3,Digit 3,35,5,0,0.7083791667852899,0.03409198717152112,0.7,0.0,65.5736990553469,0.7862200229309823,0.0007704956224723626,UNRELIABLE,IDO,False
3,Digit 3,36,5,1,0.8764695895573822,0.19980022147366028,0.7,0.0,65.5736990553469,0.7862200229309823,0.0007704956224723626,UNRELIABLE,IDO,False
3,Digit 3,37,5,2,1.1091883533289888,0.2,0.8564583398401737,0.18406863510608673,65.5736990553469,0.7862200229309823,0.0007704956224723626,UNRELIABLE,IDO,False
3,Digit 3,38,5,3,1.1690729369952344,0.16829570882674383,1.1679167211055757,0.5504902601242065,65.5736990553469,0.7862200229309823,0.0007704956224723626,UNRELIABLE,IDO,False
3,Digit 3,39,5,4,1.048012511501176,0.19662701694960538,0.7,0.0,65.5736990553469,0.7862200229309823,0.0007704956224723626,UNRELIABLE,IDO,False
3,Digit 3,40,5,5,0.7572383346468674,0.11229243677027617,0.7,0.0,65.5736990553469,0.7862200229309823,0.0007704956224723626,UNRELIABLE,IDO,False
3,Digit 3,41,5,6,0.7001350000046194,0.02999999999999997,0.7,0.0,65.5736990553469,0.7862200229309823,0.0007704956224723626,UNRELIABLE,IDO,False
3,Digit 3,42,6,0,0.7001187500032131,0.030000000000000082,0.7,0.0,65.5736990553469,0.7862200229309823,0.0007704956224723626,UNRELIABLE,IDO,False
3,Digit 3,43,6,1,0.7118583335306552,0.038408477449150935,0.7,0.0,65.5736990553469,0.7862200229309823,0.0007704956224723626,UNRELIABLE,IDO,False
3,Digit 3,44,6,2,0.7516233339897909,0.0802931999642319,1.0687499970197678,0.43382352590560913,65.5736990553469,0.7862200229309823,0.0007704956224723626,UNRELIABLE,IDO,False
3,Digit 3,45,6,3,0.7553466673171612,0.079804065075744,0.7581249997019768,0.06838235259056091,65.5736990553469,0.7862200229309823,0.0007704956224723626,UNRELIABLE,IDO,False
3,Digit 3,46,6,4,0.7121104169329744,0.03567004696166637,0.7,0.0,65.5736990553469,0.7862200229309823,0.0007704956224723626,UNRELIABLE,IDO,False
3,Digit 3,47,6,5,0.7005520833314978,0.030000000000000027,0.7,0.0,65.5736990553469,0.7862200229309823,0.0007704956224723626,UNRELIABLE,IDO,False
3,Digit 3,48,6,6,0.7,0.02999999999999997,0.7,0.0,65.5736990553469,0.7862200229309823,0.0007704956224723626,UNRELIABLE,IDO,False
4,Digit 4,0,0,0,0.7,0.02999999999999997,0.7,0.0,70.4397123080912,0.8437902842243169,0.0008269144785398306,UNRELIABLE,IDO,False
4,Digit 4,1,0,1,0.7000029166666907,0.030000000000000138,0.7,0.0,70.4397123080912,0.8437902842243169,0.0008269144785398306,UNRELIABLE,IDO,False
4,Digit 4,2,0,2,0.7000075000001467,0.02999999999999997,0.7,0.0,70.4397123080912,0.8437902842243169,0.0008269144785398306,UNRELIABLE,IDO,False
4,Digit 4,3,0,3,0.7001162500057863,0.02999999999999997,0.7,0.0,70.4397123080912,0.8437902842243169,0.0008269144785398306,UNRELIABLE,IDO,False
4,Digit 4,4,0,4,0.7010712500216439,0.030000000000000027,0.7,0.0,70.4397123080912,0.8437902842243169,0.0008269144785398306,UNRELIABLE,IDO,False
4,Digit 4,5,0,5,0.7011029166895895,0.030000000000000027,0.7,0.0,70.4397123080912,0.8437902842243169,0.0008269144785398306,UNRELIABLE,IDO,False
4,Digit 4,6,0,6,0.7,0.02999999999999997,0.7,0.0,70.4397123080912,0.8437902842243169,0.0008269144785398306,UNRELIABLE,IDO,False
4,Digit 4,7,1,0,0.7000695833339354,0.02999999999999997,0.7,0.0,70.4397123080912,0.8437902842243169,0.0008269144785398306,UNRELIABLE,IDO,False
4,Digit 4,8,1,1,0.7160937503304914,0.05747638610579048,0.7,0.0,70.4397123080912,0.8437902842243169,0.0008269144785398306,UNRELIABLE,IDO,False
4,Digit 4,9,1,2,0.7772170854365861,0.10728518212686916,0.7454166671261191,0.053431373089551926,70.4397123080912,0.8437902842243169,0.0008269144785398306,UNRELIABLE,IDO,False
4,Digit 4,10,1,3,0.7827158350541137,0.11313962410056633,0.8497916862368583,0.17622551321983337,70.4397123080912,0.8437902842243169,0.0008269144785398306,UNRELIABLE,IDO,False
4,Digit 4,11,1,4,0.8426258382532688,0.15424682826469843,0.888125017285347,0.22132354974746704,70.4397123080912,0.8437902842243169,0.0008269144785398306,UNRELIABLE,IDO,False
4,Digit 4,12,1,5,0.8170562532672628,0.1397883030877679,0.8022916700690984,0.12034314125776291,70.4397123080912,0.8437902842243169,0.0008269144785398306,UNRELIABLE,IDO,False
4,Digit 4,13,1,6,0.7073687501737032,0.03033044311845018,0.7,0.0,70.4397123080912,0.8437902842243169,0.0008269144785398306,UNRELIABLE,IDO,False
4,Digit 4,14,2,0,0.7004275000141,0.030000000000000138,0.7,0.0,70.4397123080912,0.8437902842243169,0.0008269144785398306,UNRELIABLE,IDO,False
4,Digit 4,15,2,1,0.7648745853580707,0.14342434586690822,0.7881249979138374,0.10367646813392639,70.4397123080912,0.8437902842243169,0.0008269144785398306,UNRELIABLE,IDO,False
4,Digit 4,16,2,2,1.0250745961238397,0.19426251889195828,1.3812500923871993,0.8014706969261169,70.4397123080912,0.8437902842243169,0.0008269144785398306,UNRELIABLE,IDO,False
4,Digit 4,17,2,3,0.8722850044111896,0.1866663777394746,1.1350000500679016,0.5117647647857666,70.4397123080912,0.8437902842243169,0.0008269144785398306,UNRELIABLE,IDO,False
4,Digit 4,18,2,4,1.0686304281874093,0.17965582617699977,1.178333330154419,0.5627450942993164,70.4397123080912,0.8437902842243169,0.0008269144785398306,UNRELIABLE,IDO,False
4,Digit 4,19,2,5,0.8463995880263566,0.1890863614944796,1.2014583826065064,0.5899510383605957,70.4397123080912,0.8437902842243169,0.0008269144785398306,UNRELIABLE,IDO,False
4,Digit 4,20,2,6,0.7027670834735733,0.030000000000000082,0.7,0.0,70.4397123080912,0.8437902842243169,0.0008269144785398306,UNRELIABLE,IDO,False
4,Digit 4,21,3,0,0.7004912500158418,0.02999999999999997,0.7,0.0,70.4397123080912,0.8437902842243169,0.0008269144785398306,UNRELIABLE,IDO,False
4,Digit 4,22,3,1,0.86154500558282,0.18020497927450713,0.7722916718572378,0.08504902571439743,70.4397123080912,0.8437902842243169,0.0008269144785398306,UNRELIABLE,IDO,False
4,Digit 4,23,3,2,1.217293768139137,0.18093194789077316,0.8537499971687793,0.18088234961032867,70.4397123080912,0.8437902842243169,0.0008269144785398306,UNRELIABLE,IDO,False
4,Digit 4,24,3,3,1.0402020964148513,0.2,0.7264583333395421,0.031127450987696648,70.4397123080912,0.8437902842243169,0.0008269144785398306,UNRELIABLE,IDO,False
4,Digit 4,25,3,4,1.2414391875978559,0.15367820544743327,1.2947917103767397,0.6997549533843994,70.4397123080912,0.8437902842243169,0.0008269144785398306,UNRELIABLE,IDO,False
4,Digit 4,26,3,5,0.8015679195057541,0.13680432353659422,0.7860416710376739,0.10122549533843994,70.4397123080912,0.8437902842243169,0.0008269144785398306,UNRELIABLE,IDO,False
4,Digit 4,27,3,6,0.7033995834271655,0.030000000000000027,0.7,0.0,70.4397123080912,0.8437902842243169,0.0008269144785398306,UNRELIABLE,IDO,False
4,Digit 4,28,4,0,0.700560416683927,0.030000000000000027,0.7,0.0,70.4397123080912,0.8437902842243169,0.0008269144785398306,UNRELIABLE,IDO,False
4,Digit 4,29,4,1,0.7879216689453694,0.13267380474895124,0.7,0.0,70.4397123080912,0.8437902842243169,0.0008269144785398306,UNRELIABLE,IDO,False
4,Digit 4,30,4,2,0.9454445897183497,0.1872598368411446,0.7,0.0,70.4397123080912,0.8437902842243169,0.0008269144785398306,UNRELIABLE,IDO,False
4,Digit 4,31,4,3,1.1268237638622756,0.2,1.1504166841506958,0.5299019813537598,70.4397123080912,0.8437902842243169,0.0008269144785398306,UNRELIABLE,IDO,False
4,Digit 4,32,4,4,1.0696137621356554,0.19999999999999996,0.9833333417773247,0.3333333432674408,70.4397123080912,0.8437902842243169,0.0008269144785398306,UNRELIABLE,IDO,False
4,Digit 4,33,4,5,0.7539291683103364,0.1125756084633569,0.7,0.0,70.4397123080912,0.8437902842243169,0.0008269144785398306,UNRELIABLE,IDO,False
4,Digit 4,34,4,6,0.7027337500593043,0.02999999999999997,0.7,0.0,70.4397123080912,0.8437902842243169,0.0008269144785398306,UNRELIABLE,IDO,False
4,Digit 4,35,5,0,0.700081666668132,0.02999999999999997,0.7,0.0,70.4397123080912,0.8437902842243169,0.0008269144785398306,UNRELIABLE,IDO,False
4,Digit 4,36,5,1,0.7042441667676496,0.030000000000000082,0.7,0.0,70.4397123080912,0.8437902842243169,0.0008269144785398306,UNRELIABLE,IDO,False
4,Digit 4,37,5,2,0.7716266686652671,0.1405640990329799,0.8564583398401737,0.18406863510608673,70.4397123080912,0.8437902842243169,0.0008269144785398306,UNRELIABLE,IDO,False
4,Digit 4,38,5,3,0.9638658421761357,0.19999999999999996,1.1679167211055757,0.5504902601242065,70.4397123080912,0.8437902842243169,0.0008269144785398306,UNRELIABLE,IDO,False
4,Digit 4,39,5,4,0.8857445896622897,0.1999999999999999,0.7,0.0,70.4397123080912,0.8437902842243169,0.0008269144785398306,UNRELIABLE,IDO,False
4,Digit 4,40,5,5,0.7278366671317955,0.09486852604211887,0.7,0.0,70.4397123080912,0.8437902842243169,0.0008269144785398306,UNRELIABLE,IDO,False
4,Digit 4,41,5,6,0.7007020833560031,0.02999999999999997,0.7,0.0,70.4397123080912,0.8437902842243169,0.0008269144785398306,UNRELIABLE,IDO,False
4,Digit 4,42,6,0,0.7,0.02999999999999997,0.7,0.0,70.4397123080912,0.8437902842243169,0.0008269144785398306,UNRELIABLE,IDO,False
4,Digit 4,43,6,1,0.7010791666888281,0.030000000000000138,0.7,0.0,70.4397123080912,0.8437902842243169,0.0008269144785398306,UNRELIABLE,IDO,False
4,Digit 4,44,6,2,0.7207387504070879,0.05007763414045602,1.0687499970197678,0.43382352590560913,70.4397123080912,0.8437902842243169,0.0008269144785398306,UNRELIABLE,IDO,False
4,Digit 4,45,6,3,0.7458591673607822,0.06800800733613416,0.7581249997019768,0.06838235259056091,70.4397123080912,0.8437902842243169,0.0008269144785398306,UNRELIABLE,IDO,False
4,Digit 4,46,6,4,0.7313912505377491,0.05879857908995084,0.7,0.0,70.4397123080912,0.8437902842243169,0.0008269144785398306,UNRELIABLE,IDO,False
4,Digit 4,47,6,5,0.7033962500692927,0.030000000000000082,0.7,0.0,70.4397123080912,0.8437902842243169,0.0008269144785398306,UNRELIABLE,IDO,False
4,Digit 4,48,6,6,0.7,0.02999999999999997,0.7,0.0,70.4397123080912,0.8437902842243169,0.0008269144785398306,UNRELIABLE,IDO,False
7,Digit 2,0,0,0,0.7,0.02999999999999997,0.7,0.0,18.398727709576185,0.8718829905616056,0.0008544453307503734,RELIABLE,RELIABLE,True
7,Digit 2,1,0,1,0.7,0.02999999999999997,0.7,0.0,18.398727709576185,0.8718829905616056,0.0008544453307503734,RELIABLE,RELIABLE,True
7,Digit 2,2,0,2,0.7,0.02999999999999997,0.7,0.0,18.398727709576185,0.8718829905616056,0.0008544453307503734,RELIABLE,RELIABLE,True
7,Digit 2,3,0,3,0.7,0.02999999999999997,0.7,0.0,18.398727709576185,0.8718829905616056,0.0008544453307503734,RELIABLE,RELIABLE,True
7,Digit 2,4,0,4,0.7,0.02999999999999997,0.7,0.0,18.398727709576185,0.8718829905616056,0.0008544453307503734,RELIABLE,RELIABLE,True
7,Digit 2,5,0,5,0.7,0.02999999999999997,0.7,0.0,18.398727709576185,0.8718829905616056,0.0008544453307503734,RELIABLE,RELIABLE,True
7,Digit 2,6,0,6,0.7,0.02999999999999997,0.7,0.0,18.398727709576185,0.8718829905616056,0.0008544453307503734,RELIABLE,RELIABLE,True
7,Digit 2,7,1,0,0.7017638888958996,0.030000000000000027,0.7,0.0,18.398727709576185,0.8718829905616056,0.0008544453307503734,RELIABLE,RELIABLE,True
7,Digit 2,8,1,1,0.7326388895558192,0.05126086833727839,0.7,0.0,18.398727709576185,0.8718829905616056,0.0008544453307503734,RELIABLE,RELIABLE,True
7,Digit 2,9,1,2,0.7730416682238379,0.08941456548845,0.7454166671261191,0.053431373089551926,18.398727709576185,0.8718829905616056,0.0008544453307503734,RELIABLE,RELIABLE,True
7,Digit 2,10,1,3,0.7959722267401714,0.1074291433338313,0.8497916862368583,0.17622551321983337,18.398727709576185,0.8718829905616056,0.0008544453307503734,RELIABLE,RELIABLE,True
7,Digit 2,11,1,4,0.786416668066522,0.08584735395037735,0.888125017285347,0.22132354974746704,18.398727709576185,0.8718829905616056,0.0008544453307503734,RELIABLE,RELIABLE,True
7,Digit 2,12,1,5,0.725486111610662,0.05187784990484123,0.8022916700690984,0.12034314125776291,18.398727709576185,0.8718829905616056,0.0008544453307503734,RELIABLE,RELIABLE,True
7,Digit 2,13,1,6,0.7,0.02999999999999997,0.7,0.0,18.398727709576185,0.8718829905616056,0.0008544453307503734,RELIABLE,RELIABLE,True
7,Digit 2,14,2,0,0.7189861120904484,0.04156534609705609,0.7,0.0,18.398727709576185,0.8718829905616056,0.0008544453307503734,RELIABLE,RELIABLE,True
7,Digit 2,15,2,1,0.8936250110731148,0.19484140510377673,0.7881249979138374,0.10367646813392639,18.398727709576185,0.8718829905616056,0.0008544453307503734,RELIABLE,RELIABLE,True
7,Digit 2,16,2,2,1.1201528171201547,0.15028517199216485,1.3812500923871993,0.8014706969261169,18.398727709576185,0.8718829905616056,0.0008544453307503734,RELIABLE,RELIABLE,True
7,Digit 2,17,2,3,1.0862639184560006,0.16389558602007193,1.1350000500679016,0.5117647647857666,18.398727709576185,0.8718829905616056,0.0008544453307503734,RELIABLE,RELIABLE,True
7,Digit 2,18,2,4,1.203527800540129,0.12518711073807254,1.178333330154419,0.5627450942993164,18.398727709576185,0.8718829905616056,0.0008544453307503734,RELIABLE,RELIABLE,True
7,Digit 2,19,2,5,0.8520555616387476,0.20000000000000007,1.2014583826065064,0.5899510383605957,18.398727709576185,0.8718829905616056,0.0008544453307503734,RELIABLE,RELIABLE,True
7,Digit 2,20,2,6,0.7001111111176821,0.030000000000000082,0.7,0.0,18.398727709576185,0.8718829905616056,0.0008544453307503734,RELIABLE,RELIABLE,True
7,Digit 2,21,3,0,0.7,0.02999999999999997,0.7,0.0,18.398727709576185,0.8718829905616056,0.0008544453307503734,RELIABLE,RELIABLE,True
7,Digit 2,22,3,1,0.7247500007017514,0.04699661586403037,0.7722916718572378,0.08504902571439743,18.398727709576185,0.8718829905616056,0.0008544453307503734,RELIABLE,RELIABLE,True
7,Digit 2,23,3,2,0.8089583376049994,0.1372540018214698,0.8537499971687793,0.18088234961032867,18.398727709576185,0.8718829905616056,0.0008544453307503734,RELIABLE,RELIABLE,True
7,Digit 2,24,3,3,0.8561111151318375,0.17353083509650807,0.7264583333395421,0.031127450987696648,18.398727709576185,0.8718829905616056,0.0008544453307503734,RELIABLE,RELIABLE,True
7,Digit 2,25,3,4,1.1550277907649675,0.10853482174666751,1.2947917103767397,0.6997549533843994,18.398727709576185,0.8718829905616056,0.0008544453307503734,RELIABLE,RELIABLE,True
7,Digit 2,26,3,5,0.7720416693389415,0.10050604456068424,0.7860416710376739,0.10122549533843994,18.398727709576185,0.8718829905616056,0.0008544453307503734,RELIABLE,RELIABLE,True
7,Digit 2,27,3,6,0.7,0.02999999999999997,0.7,0.0,18.398727709576185,0.8718829905616056,0.0008544453307503734,RELIABLE,RELIABLE,True
7,Digit 2,28,4,0,0.7,0.02999999999999997,0.7,0.0,18.398727709576185,0.8718829905616056,0.0008544453307503734,RELIABLE,RELIABLE,True
7,Digit 2,29,4,1,0.7040555555513128,0.02999999999999997,0.7,0.0,18.398727709576185,0.8718829905616056,0.0008544453307503734,RELIABLE,RELIABLE,True
7,Digit 2,30,4,2,0.7559166703033648,0.12112531733423665,0.7,0.0,18.398727709576185,0.8718829905616056,0.0008544453307503734,RELIABLE,RELIABLE,True
7,Digit 2,31,4,3,1.0397222277273732,0.19553443765944956,1.1504166841506958,0.5299019813537598,18.398727709576185,0.8718829905616056,0.0008544453307503734,RELIABLE,RELIABLE,True
7,Digit 2,32,4,4,0.9630972310411743,0.17969423619996622,0.9833333417773247,0.3333333432674408,18.398727709576185,0.8718829905616056,0.0008544453307503734,RELIABLE,RELIABLE,True
7,Digit 2,33,4,5,0.7220555547159164,0.0589546429480996,0.7,0.0,18.398727709576185,0.8718829905616056,0.0008544453307503734,RELIABLE,RELIABLE,True
7,Digit 2,34,4,6,0.7,0.02999999999999997,0.7,0.0,18.398727709576185,0.8718829905616056,0.0008544453307503734,RELIABLE,RELIABLE,True
7,Digit 2,35,5,0,0.7,0.02999999999999997,0.7,0.0,18.398727709576185,0.8718829905616056,0.0008544453307503734,RELIABLE,RELIABLE,True
7,Digit 2,36,5,1,0.700972222269823,0.030000000000000027,0.7,0.0,18.398727709576185,0.8718829905616056,0.0008544453307503734,RELIABLE,RELIABLE,True
7,Digit 2,37,5,2,0.8051944475155324,0.17014443943318397,0.8564583398401737,0.18406863510608673,18.398727709576185,0.8718829905616056,0.0008544453307503734,RELIABLE,RELIABLE,True
7,Digit 2,38,5,3,1.038500008744498,0.17902594535998034,1.1679167211055757,0.5504902601242065,18.398727709576185,0.8718829905616056,0.0008544453307503734,RELIABLE,RELIABLE,True
7,Digit 2,39,5,4,0.8053055612076423,0.18800102596691487,0.7,0.0,18.398727709576185,0.8718829905616056,0.0008544453307503734,RELIABLE,RELIABLE,True
7,Digit 2,40,5,5,0.7,0.02999999999999997,0.7,0.0,18.398727709576185,0.8718829905616056,0.0008544453307503734,RELIABLE,RELIABLE,True
7,Digit 2,41,5,6,0.7,0.02999999999999997,0.7,0.0,18.398727709576185,0.8718829905616056,0.0008544453307503734,RELIABLE,RELIABLE,True
7,Digit 2,42,6,0,0.7,0.02999999999999997,0.7,0.0,18.398727709576185,0.8718829905616056,0.0008544453307503734,RELIABLE,RELIABLE,True
7,Digit 2,43,6,1,0.7203472222760318,0.06632846085949484,0.7,0.0,18.398727709576185,0.8718829905616056,0.0008544453307503734,RELIABLE,RELIABLE,True
7,Digit 2,44,6,2,0.8476805566747982,0.16945019187313065,1.0687499970197678,0.43382352590560913,18.398727709576185,0.8718829905616056,0.0008544453307503734,RELIABLE,RELIABLE,True
7,Digit 2,45,6,3,0.8426388914169123,0.1481676885092853,0.7581249997019768,0.06838235259056091,18.398727709576185,0.8718829905616056,0.0008544453307503734,RELIABLE,RELIABLE,True
7,Digit 2,46,6,4,0.7844444471690803,0.17754193227303416,0.7,0.0,18.398727709576185,0.8718829905616056,0.0008544453307503734,RELIABLE,RELIABLE,True
7,Digit 2,47,6,5,0.7007083333438882,0.030000000000000138,0.7,0.0,18.398727709576185,0.8718829905616056,0.0008544453307503734,RELIABLE,RELIABLE,True
7,Digit 2,48,6,6,0.7,0.02999999999999997,0.7,0.0,18.398727709576185,0.8718829905616056,0.0008544453307503734,RELIABLE,RELIABLE,True
