point_type,true_label,class_name,tsne_1,tsne_2
base_sample,0,Cross,-31.820119857788086,-8.132875442504883
base_sample,0,Cross,-23.416759490966797,-12.007821083068848
base_sample,0,Cross,-18.288124084472656,-4.423234462738037
base_sample,0,Cross,-20.33376693725586,-17.052013397216797
base_sample,0,Cross,-28.084651947021484,-4.414175987243652
base_sample,0,Cross,-20.61620330810547,-18.55232048034668
base_sample,0,Cross,-22.47747802734375,-15.106374740600586
base_sample,0,Cross,-26.524906158447266,-17.82288360595703
base_sample,0,Cross,-19.617475509643555,-5.8544840812683105
base_sample,0,Cross,-17.233963012695312,-11.026043891906738
base_sample,0,Cross,-26.19121742248535,-3.5315020084381104
base_sample,0,Cross,-30.08719825744629,-16.03775405883789
base_sample,0,Cross,-25.556671142578125,-7.881277561187744
base_sample,0,Cross,-17.106122970581055,-14.249367713928223
base_sample,0,Cross,-20.176855087280273,-7.229366779327393
base_sample,0,Cross,-29.567934036254883,-17.57640266418457
base_sample,0,Cross,-30.10007095336914,-14.632248878479004
base_sample,0,Cross,-23.63525390625,-19.452980041503906
base_sample,0,Cross,-23.12257194519043,-13.746912002563477
base_sample,0,Cross,-16.408750534057617,-8.233540534973145
base_sample,0,Cross,-15.72214412689209,-6.920660495758057
base_sample,0,Cross,-23.53130531311035,-16.804391860961914
base_sample,0,Cross,-28.80625343322754,-17.055566787719727
base_sample,0,Cross,-18.573579788208008,-16.236568450927734
base_sample,0,Cross,-31.11948013305664,-10.637269973754883
base_sample,0,Cross,-25.7877140045166,-12.330978393554688
base_sample,0,Cross,-26.813899993896484,-13.136756896972656
base_sample,0,Cross,-25.870954513549805,-6.166965007781982
base_sample,0,Cross,-30.56175422668457,-11.66672134399414
base_sample,0,Cross,-25.950504302978516,-3.6130685806274414
base_sample,0,Cross,-32.3144645690918,-11.050622940063477
base_sample,0,Cross,-18.290691375732422,-4.475843906402588
base_sample,0,Cross,-25.18297004699707,-6.800930976867676
base_sample,0,Cross,-26.982280731201172,-11.508676528930664
base_sample,0,Cross,-28.773944854736328,-5.308018684387207
base_sample,0,Cross,-22.048812866210938,-12.513030052185059
base_sample,0,Cross,-23.665077209472656,-14.58853530883789
base_sample,0,Cross,-28.445415496826172,-18.9451961517334
base_sample,0,Cross,-28.329524993896484,-20.02276039123535
base_sample,0,Cross,-23.90126609802246,-4.134410381317139
base_sample,0,Cross,-21.861736297607422,-3.9186222553253174
base_sample,0,Cross,-24.41206169128418,-2.8636410236358643
base_sample,0,Cross,-24.505529403686523,-9.03853702545166
base_sample,0,Cross,-29.76778221130371,-19.94476318359375
base_sample,0,Cross,-17.877498626708984,-17.07278060913086
base_sample,0,Cross,-20.917322158813477,-9.35606575012207
base_sample,0,Cross,-26.61031150817871,-17.801816940307617
base_sample,0,Cross,-26.790945053100586,-7.087246894836426
base_sample,0,Cross,-18.757963180541992,-7.697685241699219
base_sample,0,Cross,-20.302780151367188,-3.242509603500366
base_sample,0,Cross,-17.298030853271484,-6.348910331726074
base_sample,0,Cross,-29.246004104614258,-10.220890998840332
base_sample,0,Cross,-31.041767120361328,-19.5224666595459
base_sample,0,Cross,-31.904342651367188,-9.862183570861816
base_sample,0,Cross,-24.00199317932129,-7.298808574676514
base_sample,0,Cross,-18.553707122802734,-13.316377639770508
base_sample,0,Cross,-23.41452980041504,-4.3580121994018555
base_sample,0,Cross,-26.973493576049805,-20.786075592041016
base_sample,0,Cross,-23.580076217651367,-16.76164436340332
base_sample,0,Cross,-19.991531372070312,-9.558719635009766
base_sample,0,Cross,-29.338096618652344,-6.892197132110596
base_sample,0,Cross,-28.04239845275879,-3.2026472091674805
base_sample,0,Cross,-32.94881820678711,-11.302968978881836
base_sample,0,Cross,-27.225481033325195,-9.708627700805664
base_sample,0,Cross,-20.876461029052734,-8.142903327941895
base_sample,0,Cross,-21.5170841217041,-14.788086891174316
base_sample,0,Cross,-27.570497512817383,-15.895383834838867
base_sample,0,Cross,-30.18375587463379,-16.050941467285156
base_sample,0,Cross,-17.32608985900879,-12.47177505493164
base_sample,0,Cross,-23.777442932128906,-12.950082778930664
base_sample,0,Cross,-26.54384422302246,-8.53608512878418
base_sample,0,Cross,-26.404632568359375,-10.391894340515137
base_sample,0,Cross,-24.854209899902344,-5.242822647094727
base_sample,0,Cross,-20.08135223388672,-13.761136054992676
base_sample,0,Cross,-17.988853454589844,-16.14847183227539
base_sample,0,Cross,-19.11202049255371,-10.168766975402832
base_sample,0,Cross,-30.767349243164062,-18.41501808166504
base_sample,0,Cross,-21.75346565246582,-7.935191631317139
base_sample,0,Cross,-17.97415542602539,-11.969416618347168
base_sample,0,Cross,-24.920936584472656,-15.33373737335205
base_sample,0,Cross,-15.788986206054688,-6.921863079071045
base_sample,0,Cross,-23.621675491333008,-19.463071823120117
base_sample,0,Cross,-29.157575607299805,-10.171808242797852
base_sample,0,Cross,-21.637168884277344,-18.791580200195312
base_sample,0,Cross,-16.442577362060547,-12.650017738342285
base_sample,0,Cross,-26.430835723876953,-19.669387817382812
base_sample,0,Cross,-16.978221893310547,-16.068904876708984
base_sample,0,Cross,-31.82697868347168,-18.22559928894043
base_sample,0,Cross,-30.985244750976562,-10.210156440734863
base_sample,0,Cross,-26.69776725769043,-13.497823715209961
base_sample,0,Cross,-18.72027587890625,-14.887216567993164
base_sample,0,Cross,-23.722383499145508,-10.464502334594727
base_sample,0,Cross,-21.892684936523438,-9.294241905212402
base_sample,0,Cross,-18.929964065551758,-7.668290615081787
base_sample,0,Cross,-25.313915252685547,-17.840349197387695
base_sample,0,Cross,-31.621204376220703,-12.856011390686035
base_sample,0,Cross,-32.28114700317383,-9.400578498840332
base_sample,0,Cross,-30.962549209594727,-9.326851844787598
base_sample,0,Cross,-28.49126625061035,-15.996349334716797
base_sample,0,Cross,-24.007797241210938,-7.311910629272461
base_sample,1,Circle,20.93619728088379,-10.913208961486816
base_sample,1,Circle,33.967491149902344,-11.36037540435791
base_sample,1,Circle,23.733718872070312,-14.511673927307129
base_sample,1,Circle,28.347976684570312,-7.279755592346191
base_sample,1,Circle,28.314138412475586,-14.543892860412598
base_sample,1,Circle,31.27601432800293,-1.5082058906555176
base_sample,1,Circle,19.422361373901367,-8.979748725891113
base_sample,1,Circle,24.708181381225586,-6.927750110626221
base_sample,1,Circle,30.16278839111328,-7.274256229400635
base_sample,1,Circle,25.391986846923828,-18.43251609802246
base_sample,1,Circle,21.919401168823242,-11.672019958496094
base_sample,1,Circle,34.19377899169922,-7.597897052764893
base_sample,1,Circle,18.089035034179688,-11.22430419921875
base_sample,1,Circle,31.4919490814209,-0.02637619338929653
base_sample,1,Circle,25.033910751342773,-1.4238669872283936
base_sample,1,Circle,33.935909271240234,-5.138073921203613
base_sample,1,Circle,26.50926971435547,-3.7031731605529785
base_sample,1,Circle,32.51585388183594,-8.742307662963867
base_sample,1,Circle,26.7862548828125,-0.16597747802734375
base_sample,1,Circle,17.129833221435547,-11.09671688079834
base_sample,1,Circle,30.01108169555664,-9.208465576171875
base_sample,1,Circle,24.140592575073242,-7.969587326049805
base_sample,1,Circle,30.31047248840332,-11.528308868408203
base_sample,1,Circle,27.796350479125977,-16.664997100830078
base_sample,1,Circle,28.781902313232422,-11.669480323791504
base_sample,1,Circle,23.062049865722656,-17.459978103637695
base_sample,1,Circle,26.006742477416992,-8.496438980102539
base_sample,1,Circle,30.282190322875977,-5.538057327270508
base_sample,1,Circle,21.202762603759766,-7.06427526473999
base_sample,1,Circle,20.297557830810547,-3.3268954753875732
base_sample,1,Circle,24.871761322021484,-8.623347282409668
base_sample,1,Circle,28.28655242919922,-14.612727165222168
base_sample,1,Circle,32.796592712402344,-12.740110397338867
base_sample,1,Circle,24.961973190307617,-1.3734031915664673
base_sample,1,Circle,20.257434844970703,-12.424179077148438
base_sample,1,Circle,24.963672637939453,-13.44013786315918
base_sample,1,Circle,23.045242309570312,-2.311237096786499
base_sample,1,Circle,24.93354606628418,-16.54862403869629
base_sample,1,Circle,33.16864776611328,-5.451645374298096
base_sample,1,Circle,23.584190368652344,0.702566921710968
base_sample,1,Circle,28.078369140625,-4.98036527633667
base_sample,1,Circle,30.491369247436523,-0.5638287663459778
base_sample,1,Circle,16.964611053466797,-7.2133941650390625
base_sample,1,Circle,30.290746688842773,0.6337321400642395
base_sample,1,Circle,33.1717529296875,-3.384749412536621
base_sample,1,Circle,28.235431671142578,-0.9648964405059814
base_sample,1,Circle,32.1884880065918,-9.555333137512207
base_sample,1,Circle,24.93130874633789,-16.43108367919922
base_sample,1,Circle,26.66391944885254,-14.387443542480469
base_sample,1,Circle,29.27134132385254,-17.14207649230957
base_sample,1,Circle,26.454330444335938,-2.4553780555725098
base_sample,1,Circle,32.615718841552734,-12.536138534545898
base_sample,1,Circle,28.078472137451172,-10.7265043258667
base_sample,1,Circle,21.585512161254883,-5.898313522338867
base_sample,1,Circle,32.756622314453125,-0.2841879427433014
base_sample,1,Circle,30.865907669067383,-11.657486915588379
base_sample,1,Circle,16.267154693603516,-8.780600547790527
base_sample,1,Circle,22.547712326049805,-15.300690650939941
base_sample,1,Circle,19.396028518676758,-4.390741348266602
base_sample,1,Circle,25.214082717895508,-5.231592178344727
base_sample,1,Circle,21.606571197509766,-0.8669849634170532
base_sample,1,Circle,17.936737060546875,-4.303892612457275
base_sample,1,Circle,27.423297882080078,-5.944136619567871
base_sample,1,Circle,22.860700607299805,-4.35416316986084
base_sample,1,Circle,32.83644104003906,-1.6987794637680054
base_sample,1,Circle,21.636451721191406,-0.7981845736503601
base_sample,1,Circle,16.961475372314453,-7.215664386749268
base_sample,1,Circle,22.539316177368164,-15.254981994628906
base_sample,1,Circle,23.498844146728516,-9.916167259216309
base_sample,1,Circle,20.092653274536133,-12.614155769348145
base_sample,1,Circle,20.811702728271484,-4.617982864379883
base_sample,1,Circle,19.89582061767578,-10.601194381713867
base_sample,1,Circle,26.9256534576416,-11.651463508605957
base_sample,1,Circle,33.136077880859375,-3.2948334217071533
base_sample,1,Circle,25.554454803466797,-4.078634262084961
base_sample,1,Circle,34.0153923034668,-11.363768577575684
base_sample,1,Circle,24.26095962524414,-11.562826156616211
base_sample,1,Circle,31.843196868896484,-5.855395317077637
base_sample,1,Circle,28.727954864501953,-8.751486778259277
base_sample,1,Circle,24.637271881103516,-18.523435592651367
base_sample,1,Circle,23.607667922973633,0.7025812268257141
base_sample,1,Circle,23.03153419494629,-8.72558307647705
base_sample,1,Circle,27.27399253845215,-12.848658561706543
base_sample,1,Circle,35.30636215209961,-6.070654392242432
base_sample,1,Circle,23.752784729003906,-9.755677223205566
base_sample,1,Circle,28.972023010253906,-2.250581741333008
base_sample,1,Circle,20.477338790893555,-12.226005554199219
base_sample,1,Circle,25.45810317993164,-10.677714347839355
base_sample,1,Circle,23.98992919921875,-3.9291489124298096
base_sample,1,Circle,28.509849548339844,1.4206825494766235
base_sample,1,Circle,28.891456604003906,-3.573601722717285
base_sample,1,Circle,32.127986907958984,-1.881142497062683
base_sample,1,Circle,32.65281677246094,-14.350677490234375
base_sample,1,Circle,21.148019790649414,-14.143404006958008
base_sample,1,Circle,34.16971206665039,-7.5496368408203125
base_sample,1,Circle,19.35173225402832,-6.4317145347595215
base_sample,1,Circle,21.55866241455078,-5.874313831329346
base_sample,1,Circle,28.726367950439453,-6.3506669998168945
base_sample,1,Circle,21.643278121948242,-10.3010835647583
base_sample,1,Circle,33.76187515258789,-13.758686065673828
base_sample,2,Triangle,1.8988434076309204,37.18894577026367
base_sample,2,Triangle,-7.96047306060791,39.41350173950195
base_sample,2,Triangle,0.9364132285118103,36.750885009765625
base_sample,2,Triangle,-3.771475076675415,34.016902923583984
base_sample,2,Triangle,-3.134244680404663,44.15700149536133
base_sample,2,Triangle,-7.98613166809082,34.064170837402344
base_sample,2,Triangle,-2.881591796875,40.62018966674805
base_sample,2,Triangle,-4.370546340942383,31.629457473754883
base_sample,2,Triangle,-2.598100185394287,27.107967376708984
base_sample,2,Triangle,6.61615514755249,38.29423522949219
base_sample,2,Triangle,-2.790860652923584,31.601608276367188
base_sample,2,Triangle,-0.8255264759063721,30.325029373168945
base_sample,2,Triangle,2.6751675605773926,39.86488342285156
base_sample,2,Triangle,4.440133094787598,31.903879165649414
base_sample,2,Triangle,-2.634307861328125,27.133337020874023
base_sample,2,Triangle,-5.8557305335998535,41.998531341552734
base_sample,2,Triangle,-5.017329216003418,37.210208892822266
base_sample,2,Triangle,-0.7861369848251343,39.53905487060547
base_sample,2,Triangle,-9.460183143615723,33.85386657714844
base_sample,2,Triangle,1.4505064487457275,43.7657356262207
base_sample,2,Triangle,2.331291913986206,37.483272552490234
base_sample,2,Triangle,5.458497524261475,37.63045883178711
base_sample,2,Triangle,-7.849595546722412,36.0805778503418
base_sample,2,Triangle,-2.9268176555633545,36.99538040161133
base_sample,2,Triangle,-1.3160130977630615,31.76146125793457
base_sample,2,Triangle,0.4613710343837738,28.268274307250977
base_sample,2,Triangle,0.4946732521057129,25.957027435302734
base_sample,2,Triangle,2.981626033782959,28.39727210998535
base_sample,2,Triangle,0.3288397490978241,28.22587776184082
base_sample,2,Triangle,-6.219416618347168,32.661827087402344
base_sample,2,Triangle,5.6061224937438965,34.16321563720703
base_sample,2,Triangle,4.394106388092041,35.5308723449707
base_sample,2,Triangle,2.073733329772949,30.083898544311523
base_sample,2,Triangle,3.65179181098938,34.174312591552734
base_sample,2,Triangle,0.07764344662427902,41.40547561645508
base_sample,2,Triangle,1.8448052406311035,27.303224563598633
base_sample,2,Triangle,0.30401405692100525,25.77276039123535
base_sample,2,Triangle,-6.532646179199219,33.001529693603516
base_sample,2,Triangle,-0.3262498080730438,44.474220275878906
base_sample,2,Triangle,-2.603032112121582,39.07307052612305
base_sample,2,Triangle,6.2345356941223145,35.60382080078125
base_sample,2,Triangle,1.0814515352249146,42.387229919433594
base_sample,2,Triangle,4.1416144371032715,40.10299301147461
base_sample,2,Triangle,2.063992738723755,29.97466278076172
base_sample,2,Triangle,2.2265686988830566,37.31374740600586
base_sample,2,Triangle,2.6793060302734375,33.35866928100586
base_sample,2,Triangle,-8.009222030639648,41.51911926269531
base_sample,2,Triangle,-7.006515979766846,31.209148406982422
base_sample,2,Triangle,-1.7362531423568726,35.39360809326172
base_sample,2,Triangle,0.10547929257154465,32.98677062988281
base_sample,2,Triangle,4.379708766937256,29.608684539794922
base_sample,2,Triangle,-8.343544960021973,38.42186737060547
base_sample,2,Triangle,-1.4685617685317993,42.78005599975586
base_sample,2,Triangle,-5.827378273010254,27.48155403137207
base_sample,2,Triangle,6.789473056793213,37.43455505371094
base_sample,2,Triangle,-5.407224178314209,25.83954429626465
base_sample,2,Triangle,1.5684469938278198,35.29862594604492
base_sample,2,Triangle,-2.285555839538574,42.24161148071289
base_sample,2,Triangle,-8.12405014038086,32.225074768066406
base_sample,2,Triangle,1.1828042268753052,40.7449951171875
base_sample,2,Triangle,3.339862585067749,43.19138717651367
base_sample,2,Triangle,5.3623199462890625,39.47167205810547
base_sample,2,Triangle,2.236921548843384,44.741703033447266
base_sample,2,Triangle,4.6077775955200195,32.73127746582031
base_sample,2,Triangle,-2.9109177589416504,25.2481632232666
base_sample,2,Triangle,-1.628922939300537,33.325096130371094
base_sample,2,Triangle,1.8164104223251343,28.55600929260254
base_sample,2,Triangle,-9.491125106811523,33.798885345458984
base_sample,2,Triangle,-1.8582879304885864,44.19377517700195
base_sample,2,Triangle,-0.3470097780227661,35.30873107910156
base_sample,2,Triangle,4.366870880126953,27.298288345336914
base_sample,2,Triangle,-5.621335029602051,42.09160614013672
base_sample,2,Triangle,-0.006340816617012024,37.293251037597656
base_sample,2,Triangle,-3.0317206382751465,44.11450958251953
base_sample,2,Triangle,4.249584674835205,27.253448486328125
base_sample,2,Triangle,-6.963338851928711,34.42725372314453
base_sample,2,Triangle,4.11870002746582,40.11381530761719
base_sample,2,Triangle,-2.974160671234131,36.95216751098633
base_sample,2,Triangle,-6.264901161193848,36.074005126953125
base_sample,2,Triangle,-3.8281431198120117,42.12643051147461
base_sample,2,Triangle,-6.802056789398193,40.58113098144531
base_sample,2,Triangle,-3.992013931274414,32.95021057128906
base_sample,2,Triangle,-0.9245511889457703,32.84126281738281
base_sample,2,Triangle,-0.3244394063949585,40.23350143432617
base_sample,2,Triangle,-7.966344356536865,41.51446533203125
base_sample,2,Triangle,-4.387205600738525,43.44426727294922
base_sample,2,Triangle,-4.250169277191162,27.022235870361328
base_sample,2,Triangle,3.474733829498291,43.115596771240234
base_sample,2,Triangle,-2.57601261138916,39.24523162841797
base_sample,2,Triangle,2.343888998031616,44.914886474609375
base_sample,2,Triangle,-3.826632022857666,28.49764060974121
base_sample,2,Triangle,-6.2849507331848145,32.884185791015625
base_sample,2,Triangle,3.0112504959106445,26.146459579467773
base_sample,2,Triangle,5.593667984008789,34.18766784667969
base_sample,2,Triangle,0.694214403629303,26.058019638061523
base_sample,2,Triangle,-6.129739284515381,36.13425827026367
base_sample,2,Triangle,-3.8622384071350098,30.22166633605957
base_sample,2,Triangle,-5.390500068664551,25.82501220703125
base_sample,2,Triangle,-1.7767226696014404,37.87019348144531
base_sample,2,Triangle,2.6052653789520264,26.68305206298828
adaptation_sample,1,Circle,25.844829559326172,-9.961116790771484
adaptation_sample,1,Circle,28.354806900024414,1.8060764074325562
adaptation_sample,1,Circle,19.756515502929688,-1.613064169883728
adaptation_sample,1,Circle,30.439167022705078,-7.5187788009643555
adaptation_sample,1,Circle,28.592512130737305,-17.0311222076416
centroid_pre,1,Circle,26.704513549804688,-6.911754131317139
centroid_post,1,Circle,26.8466796875,-6.899174690246582
