class_label,class_name,sample_index,within_class_order,flattened_data
0,Cross,0,0,"[0.024377366527915, 0.0, 1.0, 0.07524517923593521, 1.0, 0.0, 0.010227232240140438, 0.9747005701065063, 0.0, 0.0, 1.0, 1.0, 1.0, 1.0, 1.0, 0.0, 0.029500063508749008, 0.92328941822052, 1.0, 0.0, 0.0, 0.0, 1.0, 0.0, 0.0]"
0,Cross,1,1,"[0.03446568176150322, 0.17133180797100067, 0.9674867987632751, 0.0, 0.0, 0.04927835240960121, 0.09031778573989868, 0.9908841848373413, 0.0, 0.0, 1.0, 0.0, 1.0, 0.0, 1.0, 0.009334865026175976, 0.017495088279247284, 1.0, 0.017887644469738007, 0.05431308597326279, 0.0054063256829977036, 0.023129552602767944, 1.0, 0.0, 0.0]"
0,Cross,2,2,"[0.9043328166007996, 0.0, 1.0, 0.0, 0.0, 0.013020245358347893, 0.04689778760075569, 1.0, 1.0, 0.0, 0.9630118608474731, 1.0, 0.9846956729888916, 0.8979451060295105, 0.909337043762207, 0.0, 0.03977286070585251, 1.0, 0.05523882806301117, 0.0, 0.012683175504207611, 0.05004722997546196, 0.9752522706985474, 0.03654202073812485, 0.0]"
0,Cross,3,3,"[0.0, 0.0009995294967666268, 0.0, 0.03572249412536621, 0.053230807185173035, 0.0, 0.0, 0.9936225414276123, 0.0, 0.0, 0.8941840529441833, 0.9202202558517456, 1.0, 0.9275617003440857, 0.969747006893158, 0.1039382666349411, 0.0, 1.0, 0.0, 0.0, 0.8843153715133667, 0.0, 1.0, 0.0, 0.034753892570734024]"
0,Cross,4,4,"[0.0057703605853021145, 0.0, 1.0, 0.0017481716349720955, 0.128142312169075, 0.0, 0.0, 1.0, 0.017599735409021378, 0.10873500257730484, 1.0, 1.0, 0.0, 0.9048989415168762, 0.9488198757171631, 0.0, 0.8294363021850586, 0.8898651003837585, 0.05081207677721977, 0.0, 0.0, 0.0, 1.0, 0.06705012172460556, 0.1597384661436081]"
1,Circle,120,0,"[0.0006395223899744451, 0.0, 1.0, 1.0, 0.2251558005809784, 0.03002059832215309, 1.0, 0.042007677257061005, 1.0, 0.06340059638023376, 0.8715955018997192, 0.11227763444185257, 0.0, 0.008572406135499477, 0.8976596593856812, 0.04209616035223007, 0.947890043258667, 0.008013570681214333, 0.977272093296051, 0.15400102734565735, 0.15858082473278046, 0.0037210537120699883, 0.0, 0.0, 0.08848050236701965]"
1,Circle,121,1,"[0.0, 0.0, 1.0, 0.15526935458183289, 0.05769803002476692, 0.11694393306970596, 0.9323118329048157, 0.018905943259596825, 0.9245471954345703, 0.0, 1.0, 0.00814564898610115, 0.0, 0.0, 0.8895068764686584, 0.03931620717048645, 1.0, 0.10899665951728821, 0.8483211994171143, 0.11368607729673386, 0.828999936580658, 0.0, 0.9757438898086548, 1.0, 0.0440346822142601]"
1,Circle,122,2,"[0.0, 0.09103654325008392, 1.0, 0.0, 0.07114770263433456, 0.0779801458120346, 1.0, 0.06994739174842834, 1.0, 1.0, 1.0, 0.007160719949752092, 0.0, 0.0, 0.9235751032829285, 0.0, 1.0, 0.11526500433683395, 0.9966562390327454, 0.08027810603380203, 0.08634525537490845, 0.0, 0.13184897601604462, 0.0, 0.10577087104320526]"
1,Circle,123,3,"[0.0, 0.03581720218062401, 1.0, 0.0, 0.04085663706064224, 0.0, 0.949950098991394, 0.08605783432722092, 1.0, 0.0, 1.0, 0.0, 0.0010062801884487271, 0.05254548043012619, 0.028154462575912476, 0.003226912347599864, 0.9750185608863831, 0.0, 0.9263635277748108, 1.0, 0.030777866020798683, 0.0, 0.8767716288566589, 0.0, 0.12489492446184158]"
1,Circle,124,4,"[0.03770003840327263, 0.0, 1.0, 0.0, 1.0, 0.0, 1.0, 0.02816023677587509, 0.9876773357391357, 0.032363615930080414, 0.9786882400512695, 0.0, 0.12843866646289825, 0.08391623198986053, 0.9391308426856995, 0.8995156288146973, 0.9405856728553772, 0.0, 1.0, 0.0, 0.07414847612380981, 0.0, 0.983076274394989, 0.03278009593486786, 0.04649590328335762]"
2,Triangle,240,0,"[0.016452530398964882, 0.07363315671682358, 0.0, 0.03197045624256134, 0.001151175471022725, 1.0, 0.0, 1.0, 0.0, 0.1419345736503601, 0.0, 1.0, 0.9952265024185181, 0.973780632019043, 1.0, 0.9760661125183105, 0.7870427370071411, 0.7549705505371094, 1.0, 1.0, 0.15098728239536285, 0.0, 0.0, 0.0, 0.0009139612084254622]"
2,Triangle,241,1,"[0.0, 0.0, 0.12371471524238586, 0.00610454473644495, 0.0, 0.9175587892532349, 0.0, 1.0, 0.0, 0.08696697652339935, 0.0, 1.0, 0.9839091300964355, 0.9891040325164795, 0.0, 1.0, 0.9299328327178955, 0.9610862135887146, 1.0, 1.0, 0.0, 0.9899231791496277, 0.06361841410398483, 0.0, 0.0]"
2,Triangle,242,2,"[0.0, 0.07952585071325302, 0.0, 0.0, 0.0, 0.07531055808067322, 0.0, 0.931984007358551, 0.0073812478221952915, 0.9326014518737793, 0.0, 0.0, 0.9146576523780823, 1.0, 0.0, 1.0, 0.9330958724021912, 1.0, 0.9179134368896484, 1.0, 0.004228104837238789, 0.18622443079948425, 0.05043402314186096, 0.0, 0.054803915321826935]"
2,Triangle,243,3,"[0.0, 0.0, 0.0, 0.11231648176908493, 0.0, 0.0, 0.08366644382476807, 0.010900664143264294, 0.0, 0.0, 0.0, 0.9394376277923584, 1.0, 0.028786053881049156, 0.06504286080598831, 1.0, 1.0, 1.0, 0.9649763703346252, 0.9419346451759338, 0.0, 0.0, 0.0, 0.0, 0.0]"
2,Triangle,244,4,"[0.09596435725688934, 0.1564389169216156, 0.060746703296899796, 0.11060164868831635, 0.061341945081949234, 0.13679194450378418, 0.14806829392910004, 1.0, 0.9769108295440674, 0.0, 0.0, 0.9729729890823364, 1.0, 0.9423721432685852, 0.0, 0.8115863800048828, 1.0, 0.9823620319366455, 1.0, 0.0, 0.024023475125432014, 0.11554749310016632, 0.0, 0.1917901337146759, 0.0869688168168068]"
