class_label,class_name,sample_index,within_class_order,shown_as,flattened_feature
0,Digit 0,0,0,original_28x28,"[0.0, 0.0, 0.0, 0.0, 0.0, 0.0, 0.0, 0.0, 0.010294117964804173, 0.6745098233222961, 0.968872606754303, 0.6497548818588257, 0.02549019642174244, 0.0, 0.0, 0.42058825492858887, 0.7585784792900085, 0.22573530673980713, 0.8093138337135315, 0.6313726305961609, 0.0009803922148421407, 0.0, 0.7450980544090271, 0.3686274290084839, 0.0, 0.06151960790157318, 0.9485294818878174, 0.07328431308269501, 0.0, 0.7333333492279053, 0.4541666805744171, 0.0, 0.22524508833885193, 0.8414216637611389, 0.0235294122248888, 0.0, 0.22107844054698944, 0.8813725709915161, 0.8480392694473267, 0.7450980544090271, 0.1769607961177826, 0.0, 0.0, 0.0, 0.0, 0.0, 0.0, 0.0, 0.0]"
0,Digit 0,1,1,original_28x28,"[0.0, 0.0, 0.0, 0.0, 0.0, 0.0, 0.0, 0.0, 0.0, 0.0, 0.08946079015731812, 0.7090686559677124, 0.6877451539039612, 0.0, 0.0, 0.0, 0.20392157137393951, 0.7990196347236633, 0.34117648005485535, 0.6919118762016296, 0.0, 0.0, 0.20049019157886505, 0.8904412388801575, 0.28897058963775635, 0.38921570777893066, 0.523284375667572, 0.0, 0.0, 0.83455890417099, 0.44681376218795776, 0.5343137383460999, 0.7889707088470459, 0.11323529481887817, 0.0, 0.0, 0.720833420753479, 0.8512256145477295, 0.39338240027427673, 0.01715686358511448, 0.0, 0.0, 0.0, 0.0, 0.0, 0.0, 0.0, 0.0, 0.0]"
0,Digit 0,2,2,original_28x28,"[0.0, 0.0, 0.0, 0.0, 0.0, 0.0, 0.0, 0.0, 0.04313725605607033, 0.8095588684082031, 0.5735294222831726, 0.17941176891326904, 0.0, 0.0, 0.0, 0.5468137264251709, 0.6117647290229797, 0.3691176474094391, 0.9215686321258545, 0.47107845544815063, 0.0, 0.0, 0.6399509906768799, 0.40808820724487305, 0.0, 0.166911780834198, 0.9509804248809814, 0.06568627804517746, 0.0, 0.5882353186607361, 0.9553921818733215, 0.4313725531101227, 0.44019609689712524, 0.8105393052101135, 0.03406862914562225, 0.0, 0.07867647707462311, 0.574999988079071, 0.8867647051811218, 0.5558823347091675, 0.0784313753247261, 0.0, 0.0, 0.0, 0.0, 0.0, 0.0, 0.0, 0.0]"
0,Digit 0,3,3,original_28x28,"[0.0, 0.0, 0.0, 0.0, 0.0, 0.0, 0.0, 0.0, 0.0, 0.0, 0.09142157435417175, 0.6622549891471863, 0.4500000476837158, 0.0, 0.0, 0.0, 0.14191175997257233, 0.6865196228027344, 0.5955882668495178, 0.4791666865348816, 0.0, 0.0, 0.22794118523597717, 0.7014706134796143, 0.05049019679427147, 0.1674019694328308, 0.5203431248664856, 0.0, 0.0, 0.6870098114013672, 0.08553922176361084, 0.12671568989753723, 0.6872549653053284, 0.10612745583057404, 0.0, 0.0, 0.6208333969116211, 0.6460784673690796, 0.5, 0.03014705888926983, 0.0, 0.0, 0.0, 0.00024509805371053517, 0.06053921580314636, 0.0, 0.0, 0.0, 0.0]"
0,Digit 0,4,4,original_28x28,"[0.0, 0.0, 0.0, 0.0, 0.0, 0.0, 0.0, 0.0, 0.0, 0.15784314274787903, 0.7669118046760559, 0.4541666805744171, 0.13970588147640228, 0.0, 0.0, 0.05784313753247261, 0.7593137621879578, 0.42941179871559143, 0.2558823525905609, 0.6811274290084839, 0.05539216101169586, 0.0, 0.5115196108818054, 0.32696080207824707, 0.0, 0.0, 0.4063725471496582, 0.1985294222831726, 0.0, 0.7156863212585449, 0.08578432351350784, 0.0, 0.03970588371157646, 0.6448529362678528, 0.07549019902944565, 0.0, 0.22230392694473267, 0.7164216041564941, 0.6235294938087463, 0.6154412627220154, 0.1558823585510254, 0.0, 0.0, 0.0, 0.0, 0.0, 0.0, 0.0, 0.0]"
0,Digit 0,5,5,original_28x28,"[0.0, 0.0, 0.0, 0.0, 0.0, 0.0, 0.0, 0.0, 0.0, 0.0, 0.28382351994514465, 0.5267156958580017, 0.0, 0.0, 0.0, 0.0, 0.13186274468898773, 0.4276961386203766, 0.3651960790157318, 0.10171568393707275, 0.0, 0.0, 0.0, 0.48700985312461853, 0.009558823890984058, 0.22058825194835663, 0.1509803980588913, 0.0, 0.0, 0.08995097875595093, 0.36813727021217346, 0.0, 0.38946080207824707, 0.06348039954900742, 0.0, 0.0, 0.010539215989410877, 0.5264706015586853, 0.4225490391254425, 0.26299020648002625, 0.0, 0.0, 0.0, 0.0, 0.0, 0.0, 0.0, 0.0, 0.0]"
1,Digit 1,500,0,original_28x28,"[0.0, 0.0, 0.0, 0.0, 0.0, 0.0, 0.0, 0.0, 0.0, 0.0, 0.0, 0.18382352590560913, 0.4161764979362488, 0.0, 0.0, 0.0, 0.0, 0.13259804248809814, 0.710784375667572, 0.04068627581000328, 0.0, 0.0, 0.0, 0.02034313790500164, 0.6911765336990356, 0.11078432202339172, 0.0, 0.0, 0.0, 0.0, 0.5056372284889221, 0.2870098054409027, 0.0, 0.0, 0.0, 0.0, 0.15882351994514465, 0.5357843041419983, 0.0, 0.0, 0.0, 0.0, 0.0, 0.0573529414832592, 0.0468137264251709, 0.0, 0.0, 0.0, 0.0]"
1,Digit 1,501,1,original_28x28,"[0.0, 0.0, 0.0, 0.0, 0.0, 0.0, 0.0, 0.0, 0.0, 0.0, 0.0, 0.16323529183864594, 0.6200981140136719, 0.0365196093916893, 0.0, 0.0, 0.0, 0.21568627655506134, 0.7796569466590881, 0.12132353335618973, 0.0, 0.0, 0.0, 0.06911765038967133, 0.812745213508606, 0.12892156839370728, 0.0, 0.0, 0.0, 0.0, 0.6205882430076599, 0.33627450466156006, 0.0, 0.0, 0.0, 0.0, 0.12647059559822083, 0.8286765813827515, 0.0066176471300423145, 0.0, 0.0, 0.0, 0.0, 0.046568628400564194, 0.16372549533843994, 0.0, 0.0, 0.0, 0.0]"
1,Digit 1,502,2,original_28x28,"[0.0, 0.0, 0.0, 0.0, 0.0, 0.0, 0.0, 0.0, 0.0, 0.0, 0.0, 0.5022058486938477, 0.06421568989753723, 0.0, 0.0, 0.0, 0.0, 0.1196078434586525, 0.5460784435272217, 0.0, 0.0, 0.0, 0.0, 0.0, 0.591911792755127, 0.11372549831867218, 0.0, 0.0, 0.0, 0.0, 0.17965686321258545, 0.5360294580459595, 0.0, 0.0, 0.0, 0.0, 0.0, 0.5223039388656616, 0.07426470518112183, 0.0, 0.0, 0.0, 0.0, 0.0, 0.0, 0.0, 0.0, 0.0, 0.0]"
1,Digit 1,503,3,original_28x28,"[0.0, 0.0, 0.0, 0.0, 0.0, 0.0, 0.0, 0.0, 0.0, 0.0, 0.058578431606292725, 0.5053921937942505, 0.0, 0.0, 0.0, 0.0, 0.0, 0.39460787177085876, 0.5995098352432251, 0.0, 0.0, 0.0, 0.0, 0.0, 0.6696078777313232, 0.18333333730697632, 0.0, 0.0, 0.0, 0.0, 0.0730392187833786, 0.6843137145042419, 0.0, 0.0, 0.0, 0.0, 0.0, 0.15196077525615692, 0.3968137204647064, 0.0, 0.0, 0.0, 0.0, 0.0, 0.021078431978821754, 0.09215686470270157, 0.0, 0.0, 0.0]"
1,Digit 1,504,4,original_28x28,"[0.0, 0.0, 0.0, 0.0, 0.0, 0.0, 0.0, 0.0, 0.0, 0.0, 0.0034313725773245096, 0.21593138575553894, 0.0, 0.0, 0.0, 0.0, 0.0, 0.249509796500206, 0.12377450615167618, 0.0, 0.0, 0.0, 0.0, 0.0, 0.3607843220233917, 0.0, 0.0, 0.0, 0.0, 0.0, 0.0, 0.3598039150238037, 0.0, 0.0, 0.0, 0.0, 0.0, 0.008823529817163944, 0.3071078658103943, 0.0, 0.0, 0.0, 0.0, 0.0, 0.0, 0.030882352963089943, 0.0, 0.0, 0.0]"
1,Digit 1,505,5,original_28x28,"[0.0, 0.0, 0.0, 0.0, 0.0, 0.0, 0.0, 0.0, 0.0, 0.0, 0.0, 0.28308823704719543, 0.06985294073820114, 0.0, 0.0, 0.0, 0.0, 0.16397058963775635, 0.7522059679031372, 0.03382353112101555, 0.0, 0.0, 0.0, 0.024754902347922325, 0.6718137860298157, 0.11617647111415863, 0.0, 0.0, 0.0, 0.0, 0.30931374430656433, 0.38333338499069214, 0.0, 0.0, 0.0, 0.0, 0.0, 0.5514705777168274, 0.006862745154649019, 0.0, 0.0, 0.0, 0.0, 0.0, 0.14411765336990356, 0.0, 0.0, 0.0, 0.0]"
2,Digit 2,1000,0,original_28x28,"[0.0, 0.0, 0.0, 0.0, 0.0, 0.0, 0.0, 0.0, 0.16568627953529358, 0.6612744331359863, 0.7867647409439087, 0.5372548699378967, 0.005147058982402086, 0.0, 0.0, 0.4183823764324188, 0.15759804844856262, 0.031617648899555206, 0.8607843518257141, 0.20024509727954865, 0.0, 0.0, 0.0058823530562222, 0.09607844054698944, 0.22818627953529358, 0.9223039746284485, 0.0625, 0.0, 0.0730392187833786, 0.11323529481887817, 0.5083333253860474, 0.9514706134796143, 0.9026961326599121, 0.37696078419685364, 0.0, 0.0, 0.5188725590705872, 0.5649510025978088, 0.4213235378265381, 0.22794118523597717, 0.0941176488995552, 0.0, 0.0, 0.0, 0.0, 0.0, 0.0, 0.0, 0.0]"
2,Digit 2,1001,1,original_28x28,"[0.0, 0.0, 0.0, 0.0, 0.0, 0.0, 0.0, 0.0, 0.0, 0.0026960785035043955, 0.5789215564727783, 0.5904412269592285, 0.0, 0.0, 0.0, 0.0, 0.028431374579668045, 0.24779412150382996, 0.5208333134651184, 0.0, 0.0, 0.0, 0.0, 0.0, 0.4651961028575897, 0.10539216548204422, 0.0, 0.0, 0.0, 0.0, 0.28848040103912354, 0.4453431963920593, 0.3078431487083435, 0.04730392247438431, 0.0, 0.0, 0.1816176474094391, 0.8031862378120422, 0.44901958107948303, 0.08186274766921997, 0.0, 0.0, 0.0, 0.0, 0.0, 0.0, 0.0, 0.0, 0.0]"
2,Digit 2,1002,2,original_28x28,"[0.0, 0.0, 0.0, 0.0, 0.0, 0.0, 0.0, 0.0, 0.0, 0.04534313827753067, 0.32500001788139343, 0.16421568393707275, 0.0, 0.0, 0.0, 0.0, 0.09730392694473267, 0.00857843179255724, 0.4061274826526642, 0.0, 0.0, 0.0, 0.060784317553043365, 0.08627451956272125, 0.09240196645259857, 0.3213235139846802, 0.0, 0.0, 0.0, 0.2799019515514374, 0.5529412031173706, 0.4911764860153198, 0.32132354378700256, 0.32107844948768616, 0.135784313082695, 0.0, 0.0, 0.0, 0.0, 0.0, 0.0, 0.0, 0.0, 0.0, 0.0, 0.0, 0.0, 0.0, 0.0]"
2,Digit 2,1003,3,original_28x28,"[0.0, 0.0, 0.0, 0.0, 0.0, 0.0, 0.0, 0.0, 0.028921568766236305, 0.38406863808631897, 0.5029411911964417, 0.5458333492279053, 0.06568627804517746, 0.0, 0.0, 0.31004902720451355, 0.1504901945590973, 0.0, 0.3436274528503418, 0.2237745076417923, 0.0, 0.0, 0.0, 0.259313702583313, 0.4848039448261261, 0.5705882906913757, 0.0, 0.0, 0.0, 0.3166666626930237, 0.3867647349834442, 0.5522059202194214, 0.531862735748291, 0.439460813999176, 0.08210784196853638, 0.0, 0.44558823108673096, 0.426960825920105, 0.006127451080828905, 0.0, 0.0416666679084301, 0.0, 0.0, 0.0, 0.0, 0.0, 0.0, 0.0, 0.0]"
2,Digit 2,1004,4,original_28x28,"[0.0, 0.0, 0.0, 0.0, 0.0, 0.0, 0.0, 0.0, 0.24313725531101227, 0.4223039150238037, 0.46715685725212097, 0.270343154668808, 0.0, 0.0, 0.0, 0.0, 0.0, 0.00147058826405555, 0.5482842922210693, 0.0, 0.0, 0.0, 0.0, 0.0, 0.39779412746429443, 0.17941176891326904, 0.0, 0.0, 0.0, 0.0, 0.08137255162000656, 0.4237745404243469, 0.0, 0.0, 0.0, 0.0, 0.0, 0.23774510622024536, 0.5049020051956177, 0.46176472306251526, 0.3632352948188782, 0.05416666716337204, 0.0, 0.0, 0.0, 0.0, 0.0, 0.0, 0.0]"
2,Digit 2,1005,5,original_28x28,"[0.0, 0.0, 0.0, 0.0009803922148421407, 0.19485294818878174, 0.08063725382089615, 0.0, 0.0, 0.0, 0.032598040997982025, 0.563725471496582, 0.35245099663734436, 0.5249999761581421, 0.0, 0.0, 0.0, 0.07941176742315292, 0.18333333730697632, 0.03553921729326248, 0.5210784673690796, 0.0, 0.0, 0.0, 0.0, 0.003186274552717805, 0.4725490212440491, 0.26323530077934265, 0.0, 0.007352941203862429, 0.45000001788139343, 0.43504902720451355, 0.7610294818878174, 0.49215686321258545, 0.20465688407421112, 0.0, 0.07769608497619629, 0.5840686559677124, 0.5252451300621033, 0.17916667461395264, 0.0, 0.0, 0.0, 0.0, 0.0, 0.0, 0.0, 0.0, 0.0, 0.0]"
3,Digit 3,1500,0,original_28x28,"[0.0, 0.0, 0.004656862933188677, 0.23700980842113495, 0.040441177785396576, 0.0, 0.0, 0.0, 0.0, 0.0017156862886622548, 0.2446078509092331, 0.5024510025978088, 0.0, 0.0, 0.0, 0.0, 0.011029412038624287, 0.5242647528648376, 0.24558822810649872, 0.0, 0.0, 0.0, 0.0, 0.013970588333904743, 0.35269609093666077, 0.634313702583313, 0.024264706298708916, 0.0, 0.0, 0.0, 0.0, 0.04387255012989044, 0.5938725471496582, 0.10882353037595749, 0.0, 0.0, 0.34166666865348816, 0.5992647409439087, 0.5208333134651184, 0.16421566903591156, 0.0, 0.0, 0.0, 0.0, 0.0, 0.0, 0.0, 0.0, 0.0]"
3,Digit 3,1501,1,original_28x28,"[0.0, 0.0, 0.0, 0.0, 0.0, 0.0, 0.0, 0.0, 0.4218137562274933, 0.49264708161354065, 0.5598039627075195, 0.21446079015731812, 0.0, 0.0, 0.0, 0.0, 0.0, 0.003921568859368563, 0.6352941393852234, 0.08553921431303024, 0.0, 0.0, 0.30465686321258545, 0.6977941393852234, 0.5561274290084839, 0.6504902243614197, 0.0009803922148421407, 0.0, 0.0, 0.1985294222831726, 0.32083332538604736, 0.16764706373214722, 0.47622543573379517, 0.46176472306251526, 0.0, 0.0, 0.0034313725773245096, 0.3549019396305084, 0.6904411315917969, 0.719362735748291, 0.533088207244873, 0.0, 0.0, 0.0, 0.0, 0.0, 0.0, 0.0, 0.0]"
3,Digit 3,1502,2,original_28x28,"[0.0, 0.0, 0.0, 0.0, 0.0, 0.0, 0.0, 0.0, 0.24068626761436462, 0.5210784673690796, 0.6818627715110779, 0.618382453918457, 0.33235296607017517, 0.0, 0.0, 0.5159313678741455, 0.9296569228172302, 0.6416667103767395, 0.7661765217781067, 0.3612745404243469, 0.0, 0.0, 0.04950980469584465, 0.9892157912254333, 0.8718137145042419, 0.6215686798095703, 0.5223039388656616, 0.0, 0.0, 0.3762255311012268, 0.7781863808631897, 0.044607844203710556, 0.11078432202339172, 0.7340686917304993, 0.0, 0.0, 0.1306372582912445, 0.8362745642662048, 0.7600491046905518, 0.720833420753479, 0.29509806632995605, 0.0, 0.0, 0.0, 0.02916666679084301, 0.17377451062202454, 0.07352942228317261, 0.0, 0.0]"
3,Digit 3,1503,3,original_28x28,"[0.0, 0.0, 0.0, 0.0, 0.0, 0.0, 0.0, 0.0, 0.013235294260084629, 0.49191179871559143, 0.9102941751480103, 0.08210784196853638, 0.0, 0.0, 0.0, 0.09460784494876862, 0.24191178381443024, 0.7357843518257141, 0.015196078456938267, 0.0, 0.0, 0.0, 0.0, 0.0, 0.6539216041564941, 0.6460784673690796, 0.0, 0.0, 0.0, 0.0, 0.0, 0.15539216995239258, 0.855882465839386, 0.01617647148668766, 0.0, 0.0, 0.0, 0.5725491046905518, 0.89705890417099, 0.32009804248809814, 0.0, 0.0, 0.0, 0.0, 0.0, 0.0, 0.0, 0.0, 0.0]"
3,Digit 3,1504,4,original_28x28,"[0.0, 0.0, 0.0, 0.0, 0.0, 0.0, 0.0, 0.0, 0.0, 0.13946078717708588, 0.5975490808486938, 0.1924019753932953, 0.0, 0.0, 0.0, 0.03014705888926983, 0.5583333373069763, 0.26740196347236633, 0.3009803891181946, 0.0, 0.0, 0.0, 0.016421569511294365, 0.10367647558450699, 0.770098090171814, 0.1404411643743515, 0.0, 0.0, 0.0, 0.0, 0.0029411765281111, 0.10318627953529358, 0.6205882430076599, 0.05931372940540314, 0.0, 0.0, 0.0, 0.0941176488995552, 0.30980393290519714, 0.6254901885986328, 0.05318627506494522, 0.0, 0.0, 0.0, 0.012990196235477924, 0.1617647111415863, 0.03455882519483566, 0.0, 0.0]"
3,Digit 3,1505,5,original_28x28,"[0.0, 0.0, 0.0, 0.0, 0.0, 0.0, 0.0, 0.0, 0.0, 0.0, 0.3909313678741455, 0.6877450942993164, 0.6404411792755127, 0.0, 0.0, 0.0, 0.0, 0.1563725471496582, 0.5625, 0.3127450942993164, 0.0, 0.0, 0.0, 0.4531862735748291, 0.6095588207244873, 0.7343137264251709, 0.0, 0.0, 0.125, 0.4377450942993164, 0.0, 0.3436274528503418, 0.5313725471496582, 0.0, 0.0, 0.0468137264251709, 0.6098039150238037, 0.7039215564727783, 0.5313725471496582, 0.0, 0.0, 0.0, 0.0, 0.0, 0.0, 0.0, 0.0, 0.0, 0.0]"
4,Digit 4,2000,0,original_28x28,"[0.0, 0.0, 0.0, 0.0, 0.0, 0.0, 0.0, 0.0, 0.0, 0.09142157435417175, 0.25220587849617004, 0.0, 0.02132353000342846, 0.07377451658248901, 0.0, 0.0784313753247261, 0.753921627998352, 0.29485294222831726, 0.1563725471496582, 0.7379902005195618, 0.2911764979362488, 0.0, 0.37230393290519714, 0.6598039865493774, 0.3762255012989044, 0.7904412746429443, 0.18088236451148987, 0.0, 0.0, 0.06200980395078659, 0.35637256503105164, 0.8031863570213318, 0.3075980246067047, 0.0, 0.0, 0.0, 0.0, 0.17450979351997375, 0.5578431487083435, 0.0, 0.0, 0.0, 0.0, 0.0, 0.18088234961032867, 0.10588235408067703, 0.0, 0.0, 0.0]"
4,Digit 4,2001,1,original_28x28,"[0.0, 0.0, 0.0, 0.0, 0.0, 0.0, 0.0, 0.0, 0.0313725508749485, 0.1406862735748291, 0.1563725471496582, 0.3752450942993164, 0.375, 0.0, 0.0, 0.0938725471496582, 0.8595588207244873, 0.2811274528503418, 0.7970588207244873, 0.3127450942993164, 0.0, 0.0, 0.6095588207244873, 0.9688725471496582, 0.7034313678741455, 0.9375, 0.01568627543747425, 0.0, 0.0, 0.2659313678741455, 0.2031862735748291, 0.6252450942993164, 0.7659313678741455, 0.0, 0.0, 0.0, 0.0, 0.0468137264251709, 0.9063725471496582, 0.2656862735748291, 0.0, 0.0, 0.0, 0.0, 0.0625, 0.25, 0.0468137264251709, 0.0, 0.0]"
4,Digit 4,2002,2,original_28x28,"[0.0, 0.0, 0.0, 0.0, 0.0, 0.0, 0.0, 0.0, 0.0, 0.0, 0.08946079015731812, 0.1200980395078659, 0.14877451956272125, 0.0, 0.0, 0.0, 0.14852941036224365, 0.3845588266849518, 0.48700979351997375, 0.0, 0.0, 0.0, 0.0, 0.6899510025978088, 0.4575980007648468, 0.6279411315917969, 0.0, 0.0, 0.0, 0.0, 0.0058823530562222, 0.460049033164978, 0.052941177040338516, 0.0, 0.0, 0.0, 0.0, 0.053431373089551926, 0.47230395674705505, 0.0, 0.0, 0.0, 0.0, 0.0, 0.06053921580314636, 0.052941177040338516, 0.0, 0.0, 0.0]"
4,Digit 4,2003,3,original_28x28,"[0.0, 0.0, 0.0, 0.0, 0.0, 0.0, 0.0, 0.0, 0.0887254923582077, 0.0117647061124444, 0.0, 0.16053920984268188, 0.31862741708755493, 0.0, 0.0, 0.6191176772117615, 0.0519607849419117, 0.0, 0.5786765217781067, 0.1041666716337204, 0.0, 0.0, 0.7176470756530762, 0.0676470622420311, 0.0, 0.6865196228027344, 0.0, 0.0, 0.0, 0.2659313678741455, 0.6561275124549866, 0.6061274409294128, 0.7455882430076599, 0.0, 0.0, 0.0, 0.0, 0.0, 0.0, 0.6289215683937073, 0.13872548937797546, 0.0, 0.0, 0.0, 0.0, 0.0, 0.07671568542718887, 0.0676470622420311, 0.0]"
4,Digit 4,2004,4,original_28x28,"[0.0, 0.0, 0.0, 0.0, 0.0, 0.0, 0.0, 0.0, 0.0, 0.005147058982402086, 0.19436274468898773, 0.0, 0.28872549533843994, 0.0, 0.0, 0.0, 0.5068627595901489, 0.4161764681339264, 0.36838236451148987, 0.6252451539039612, 0.0, 0.0, 0.29362747073173523, 0.8343137502670288, 0.45637258887290955, 0.7600489258766174, 0.01985294185578823, 0.0, 0.0, 0.03014705888926983, 0.2191176563501358, 0.8397058844566345, 0.27254900336265564, 0.0, 0.0, 0.0, 0.0, 0.47720590233802795, 0.4164215326309204, 0.0, 0.0, 0.0, 0.0, 0.0, 0.3279411792755127, 0.009803921915590763, 0.0, 0.0, 0.0]"
4,Digit 4,2005,5,original_28x28,"[0.0, 0.0, 0.0, 0.0, 0.0, 0.0, 0.0, 0.0, 0.0, 0.0, 0.011519608087837696, 0.44044119119644165, 0.0, 0.0, 0.0, 0.0, 0.02598039247095585, 0.4318627417087555, 0.4230392277240753, 0.0, 0.0, 0.0, 0.022303922101855278, 0.6468137502670288, 0.2343137115240097, 0.4754902124404907, 0.0, 0.0, 0.0, 0.042401961982250214, 0.40833336114883423, 0.5186274647712708, 0.7919118404388428, 0.027941176667809486, 0.0, 0.0, 0.0, 0.0, 0.0, 0.5044118165969849, 0.0, 0.0, 0.0, 0.0, 0.0, 0.0, 0.0, 0.0, 0.0]"
