sample_order,class_name,shown_as,flattened_feature,label
0,Digit 2 adaptation,original_28x28,"[0.0, 0.0, 0.0, 0.0, 0.0, 0.0, 0.0, 0.0, 0.0, 0.0, 0.0, 0.48284316062927246, 0.027941176667809486, 0.0, 0.0, 0.0, 0.03872549161314964, 0.0779411792755127, 0.7517156600952148, 0.31544119119644165, 0.0, 0.0, 0.33676472306251526, 0.7338235378265381, 0.9909313917160034, 0.9936274886131287, 0.6691176891326904, 0.03700980544090271, 0.0, 0.5977941155433655, 0.7558823823928833, 0.8654411435127258, 0.4223038852214813, 0.239705890417099, 0.002205882454290986, 0.0, 0.046568628400564194, 0.2291666716337204, 0.030637254938483238, 0.0, 0.0, 0.0, 0.0, 0.0, 0.0, 0.0, 0.0, 0.0, 0.0]",2
1,Digit 2 adaptation,original_28x28,"[0.0, 0.0, 0.0, 0.0, 0.0, 0.0, 0.0, 0.0, 0.0, 0.0, 0.0, 0.0, 0.0, 0.0, 0.0, 0.0, 0.15980394184589386, 0.5865195393562317, 0.03897058963775635, 0.006862745154649019, 0.1769607812166214, 0.0, 0.0, 0.11544117331504822, 0.458823561668396, 0.23700979351997375, 0.27794116735458374, 0.09166667610406876, 0.0, 0.0, 0.573774516582489, 0.3764706254005432, 0.0678921639919281, 0.0, 0.0, 0.0, 0.08112744987010956, 0.16887255012989044, 0.0, 0.0, 0.0, 0.0, 0.0, 0.0, 0.0, 0.0, 0.0, 0.0, 0.0]",2
2,Digit 2 adaptation,original_28x28,"[0.0, 0.0, 0.0, 0.0, 0.0, 0.0, 0.0, 0.0, 0.004166666883975267, 0.39950981736183167, 0.5299019813537598, 0.510049045085907, 0.07745098322629929, 0.0, 0.0, 0.24191176891326904, 0.2450980395078659, 0.0, 0.5014706254005432, 0.1830882430076599, 0.0, 0.0, 0.0, 0.015196078456938267, 0.5147058963775635, 0.25661763548851013, 0.0, 0.0, 0.0, 0.0, 0.5151960849761963, 0.17107842862606049, 0.0, 0.28848040103912354, 0.13750001788139343, 0.0, 0.01225490216165781, 0.6593136787414551, 0.35588234663009644, 0.5588235259056091, 0.18357844650745392, 0.0, 0.0, 0.00024509805371053517, 0.177205890417099, 0.15906864404678345, 0.0004901961074210703, 0.0, 0.0]",2
3,Digit 2 adaptation,original_28x28,"[0.0, 0.0, 0.0, 0.0, 0.0, 0.0, 0.0, 0.0, 0.14240196347236633, 0.5034313797950745, 0.27941176295280457, 0.0, 0.0, 0.0, 0.0, 0.13186274468898773, 0.2696078419685364, 0.8762255907058716, 0.0066176471300423145, 0.0, 0.0, 0.0, 0.0, 0.1715686321258545, 0.7487745881080627, 0.02598039247095585, 0.0004901961074210703, 0.00857843179255724, 0.0, 0.08455882966518402, 0.9281864166259766, 0.8000000715255737, 0.7196078896522522, 0.6757352948188782, 0.36127448081970215, 0.0, 0.0, 0.010784314014017582, 0.0, 0.0, 0.0, 0.0, 0.0, 0.0, 0.0, 0.0, 0.0, 0.0, 0.0]",2
4,Digit 2 adaptation,original_28x28,"[0.0, 0.0, 0.0, 0.0, 0.0, 0.0, 0.0, 0.0, 0.4958333671092987, 0.8475490808486938, 0.7580882906913757, 0.4446078836917877, 0.00024509805371053517, 0.0, 0.0, 0.2720588147640228, 0.09044118225574493, 0.25833335518836975, 0.9786765575408936, 0.07549019902944565, 0.0, 0.0, 0.0, 0.12181372940540314, 0.9250001311302185, 0.5703431963920593, 0.0, 0.0, 0.0, 0.0, 0.6017157435417175, 0.9348040223121643, 0.24754902720451355, 0.14142157137393951, 0.03529411926865578, 0.0, 0.0, 0.4495098292827606, 0.7071079015731812, 0.732598066329956, 0.8085784912109375, 0.19166667759418488, 0.0, 0.0, 0.0, 0.0, 0.0, 0.0, 0.0]",2
5,Digit 2 adaptation,original_28x28,"[0.0, 0.18382352590560913, 0.0990196168422699, 0.007352941203862429, 0.229411780834198, 0.062254901975393295, 0.0, 0.0, 0.0, 0.0, 0.0, 0.07745098322629929, 0.0727941244840622, 0.0, 0.0, 0.0, 0.0, 0.0, 0.14656862616539001, 0.17279411852359772, 0.0, 0.0, 0.0, 0.014460784383118153, 0.04436274617910385, 0.5330882668495178, 0.35269609093666077, 0.0, 0.0, 0.15857842564582825, 0.8313725590705872, 0.708823561668396, 0.48750001192092896, 0.10539216548204422, 0.0, 0.0, 0.0066176471300423145, 0.2085784375667572, 0.0470588244497776, 0.0, 0.0, 0.0, 0.0, 0.0, 0.0, 0.0, 0.0, 0.0, 0.0]",2
6,Digit 2 adaptation,original_28x28,"[0.0, 0.0, 0.0, 0.0, 0.0, 0.0, 0.0, 0.0, 0.04950980469584465, 0.4526961147785187, 0.47132354974746704, 0.1566176563501358, 0.0, 0.0, 0.0, 0.0, 0.0, 0.06715686619281769, 0.6661765575408936, 0.0, 0.0, 0.0, 0.0, 0.0, 0.4071078598499298, 0.42573532462120056, 0.0, 0.0, 0.0, 0.0, 0.2541666626930237, 0.44705885648727417, 0.0, 0.0, 0.0, 0.0, 0.0, 0.38284313678741455, 0.5022059082984924, 0.18112744390964508, 0.0, 0.0, 0.0, 0.0, 0.0, 0.17377451062202454, 0.22254902124404907, 0.0, 0.0]",2
7,Digit 2 adaptation,original_28x28,"[0.0, 0.0, 0.0, 0.0, 0.0, 0.0, 0.0, 0.0, 0.4911765158176422, 0.6193627715110779, 0.5914216041564941, 0.17524510622024536, 0.0, 0.0, 0.0, 0.06544117629528046, 0.0004901961074210703, 0.0573529452085495, 0.6112745404243469, 0.0, 0.0, 0.0, 0.0, 0.0, 0.37205883860588074, 0.37622547149658203, 0.0, 0.0, 0.0, 0.0, 0.13210785388946533, 0.6495097279548645, 0.015196078456938267, 0.0, 0.0, 0.0, 0.0, 0.2546568512916565, 0.6745098829269409, 0.38823533058166504, 0.25343137979507446, 0.0, 0.0, 0.0, 0.0, 0.05269607901573181, 0.23504900932312012, 0.027941176667809486, 0.0]",2
8,Digit 2 adaptation,original_28x28,"[0.0, 0.0, 0.0, 0.07156863063573837, 0.33235296607017517, 0.0, 0.0, 0.0, 0.0, 0.0, 0.027941176667809486, 0.5112745761871338, 0.2404411882162094, 0.0, 0.0, 0.0, 0.15980392694473267, 0.24387255311012268, 0.1463235318660736, 0.46200981736183167, 0.0, 0.0, 0.3958333730697632, 0.6514706611633301, 0.5634804368019104, 0.7965686917304993, 0.45661768317222595, 0.0, 0.0, 0.5031862854957581, 0.22058823704719543, 0.4375000298023224, 0.6840686798095703, 0.3482843339443207, 0.010784314014017582, 0.0, 0.10588235408067703, 0.49313727021217346, 0.3132353127002716, 0.012009804137051105, 0.0, 0.0, 0.0, 0.0, 0.0, 0.0, 0.0, 0.0, 0.0]",2
