target_label,target_class_name,feature_index,feature_row,feature_col,query_feature,query_voltage,pre_mu_v,post_mu_v,delta_mu_v,pre_sigma_v,post_sigma_v,delta_sigma_v,pre_R_M1_ohm,post_R_M1_ohm,delta_R_M1_ohm,pre_R_M2_ohm,post_R_M2_ohm,delta_R_M2_ohm
2,Digit 2,0,0,0,0.0,0.7,0.7,0.7,0.0,0.02999999999999997,0.02999999999999997,0.0,76109.31852996214,76109.31852996214,0.0,71527.32963249052,71527.32963249052,0.0
2,Digit 2,1,0,1,0.0,0.7,0.7010487500578163,0.7092049304188952,0.008156180361078902,0.030000000000000027,0.03802961857213877,0.008029618572138741,76029.22917794318,76019.56409941372,-9.665078529462335,71447.24028047157,70211.1877636597,-1236.052516811862
2,Digit 2,2,0,2,0.0,0.7,0.7124616669247041,0.710906759813237,-0.0015549071114671076,0.0386393070538682,0.03380048714481865,-0.004838819909049552,75817.4183551236,75566.63748881048,-250.78086631312908,69915.92249089625,70404.18892792078,488.26643702453293
2,Digit 2,3,0,3,0.0,0.7,0.7304766672862402,0.7189651856466568,-0.011511481639583376,0.064627972344518,0.049227890831057775,-0.015400081513460229,76426.33909141291,76129.38040059936,-296.9586908135534,66555.51736645678,68610.65875947099,2055.1413930142007
2,Digit 2,4,0,4,0.0,0.7,0.7188125003949941,0.7359340299124257,0.017121529517431622,0.047038421298246424,0.08473801125310942,0.037699589954863,75973.83835121989,77545.3124254834,1571.474074263504,68789.52087978131,64603.02486696433,-4186.496012816977
2,Digit 2,5,0,5,0.0,0.7,0.7018704167017304,0.70387502316637,0.0020046064646395134,0.030000000000000027,0.030000000000000082,5.551115123125783e-17,75966.48138727923,75813.39664453293,-153.08474274630134,71384.49248980761,71231.40774706131,-153.08474274630134
2,Digit 2,6,0,6,0.0,0.7,0.7,0.7,0.0,0.02999999999999997,0.02999999999999997,0.0,76109.31852996214,76109.31852996214,0.0,71527.32963249052,71527.32963249052,0.0
2,Digit 2,7,1,0,0.0,0.7,0.7000158333339728,0.7000079166669863,-7.916666986518273e-06,0.030000000000000082,0.030000000000000027,-5.551115123125783e-17,76108.10939395425,76108.7139619582,0.6045680039533181,71526.12049648263,71526.72506448659,0.6045680039533181
2,Digit 2,8,1,1,0.0,0.7,0.7483620843389887,0.7800491016296196,0.03168701729063095,0.10432778969209894,0.1498213104990504,0.04549352080695146,78092.22809067831,79146.58218775636,1054.354097078045,62157.935621779965,56263.92947737984,-5894.006144400126
2,Digit 2,9,1,2,0.0,0.7,0.9660416768154392,0.9663078822772149,0.0002662054617756926,0.2,0.2,0.0,68774.95358224715,68754.62440774211,-20.329174505037372,38228.360932436415,38208.03175793137,-20.329174505044648
2,Digit 2,10,1,3,0.0,0.7,1.1523958537839585,1.0517187663772156,-0.10067708740674286,0.2,0.19999999999999996,-5.551115123125783e-17,54543.7407511269,62232.09569658481,7688.3549454579115,23997.148101316157,31685.503046774073,7688.354945457915
2,Digit 2,11,1,4,0.48284316062927246,1.1104166865348817,1.070364596961718,0.9965364734632014,-0.07382812349851653,0.2,0.19999999999999996,-5.551115123125783e-17,60808.17921787938,66446.17325440214,5637.994036522759,30261.586568068633,35899.5806045914,5637.994036522767
2,Digit 2,12,1,5,0.027941176667809486,0.723750000167638,0.7765870851391808,0.7580736361835281,-0.018513448955652767,0.13552048537674322,0.10863387468462832,-0.0268866106921149,78318.86050753901,77679.4316056523,-639.428901886713,57620.41519499898,61087.45801584266,3467.042820843679
2,Digit 2,13,1,6,0.0,0.7,0.7005508333384989,0.7002754166692494,-0.00027541666924946195,0.030000000000000082,0.030000000000000027,-5.551115123125783e-17,76067.25332593948,76088.28592795081,21.03260201132798,71485.26442846787,71506.2970304792,21.03260201132798
2,Digit 2,14,2,0,0.0,0.7,0.7006137500330805,0.7003068750165402,-0.0003068750165402534,0.02999999999999997,0.030000000000000027,5.551115123125783e-17,76062.44859933884,76085.88356465049,23.434965311651467,71480.45970186722,71503.89466717887,23.434965311651467
2,Digit 2,15,2,1,0.0,0.7,0.7421366676197677,0.754656296530013,0.012519628910245273,0.10072569184575941,0.09825818934505731,-0.002467502500702101,78292.56172317947,77148.04722768099,-1144.5144954984862,62908.4283322656,62140.7828055238,-767.6455267417987
2,Digit 2,16,2,2,0.03872549161314964,0.7329166678711772,0.8336312531121538,0.8123364614009015,-0.02129479171125226,0.1777352581710775,0.14256397165576906,-0.03517128651530843,77186.39177312666,76126.69268765986,-1059.6990854667965,50040.3591188224,54352.47484412015,4312.11572529775
2,Digit 2,17,2,3,0.0779411792755127,0.7662500023841857,0.876223336926254,0.89046120872323,0.014237871796975998,0.19355705187843047,0.19999999999999996,0.006442948121569481,75142.0389056065,74546.76800998398,-595.2708956225251,45579.496814463004,44000.17536017325,-1579.321454289755
2,Digit 2,18,2,4,0.7517156600952148,1.3389583110809327,1.0981125155440123,1.0807576569626163,-0.01735485858139607,0.2,0.2,0.0,58689.16830334572,60014.49779229816,1325.3294889524404,28142.57565353498,29467.905142487427,1325.3294889524477
2,Digit 2,19,2,5,0.31544119119644165,0.9681250125169754,0.8257008368688986,0.8202578277195927,-0.005443009149305955,0.1805911398918124,0.1617851548094364,-0.01880598508237602,78010.10339839039,76989.6199423486,-1020.4834560417949,50427.88346618949,52279.69383859648,1851.8103724069952
2,Digit 2,20,2,6,0.0,0.7,0.7003595833415861,0.7085362730060224,0.008176689664436299,0.02999999999999997,0.03652219188981065,0.00652219188981068,76081.8584153144,75955.51024141064,-126.34817390376702,71499.86951784279,70377.3676497293,-1122.5018681134825
2,Digit 2,21,3,0,0.0,0.7,0.7002341666721039,0.7001170833360518,-0.00011708333605209287,0.030000000000000027,0.030000000000000027,0.0,76091.43604509984,76100.377287531,8.94124243115948,71509.44714762822,71518.38839005938,8.94124243115948
2,Digit 2,22,3,1,0.33676472306251526,0.9862500146031379,0.7310470841767294,0.7501184521835,0.019071368006770673,0.07557752775836879,0.11279777190713519,0.0372202441487664,77218.95738273562,78604.92319913914,1385.9658164035209,65675.77761316234,61376.98524787153,-4298.792365290807
2,Digit 2,23,3,2,0.7338235378265381,1.3237500071525574,0.839684588573151,0.8559649835740641,0.01628039500091316,0.1707166143719962,0.20000000000000012,0.029283385628003922,76188.13070916568,77181.1233539533,992.9926447876205,50114.0763202847,46634.53070414255,-3479.5456161421534
2,Digit 2,24,3,3,0.9909313917160034,1.542291682958603,1.0194812627899286,1.0970438887767147,0.0775626259867861,0.2,0.19999999999999996,-5.551115123125783e-17,64693.96042190398,58770.77556973403,-5923.18485216995,34147.36777209325,28224.182919923296,-5923.18485216995
2,Digit 2,25,3,4,0.9936274886131287,1.5445833653211594,1.1042658475304488,1.1011838583210611,-0.0030819892093876256,0.2,0.2,0.0,58219.25998927391,58454.6206615996,235.36067232568894,27672.667339463173,27908.02801178886,235.36067232568894
2,Digit 2,26,3,5,0.6691176891326904,1.2687500357627868,0.7846004188209421,0.8252631762270289,0.040662757406086825,0.1412808993806784,0.1867755811574724,0.045494681776794,78146.81295836077,78515.81002202748,368.9970636667131,56568.56254545837,49989.0220492826,-6579.540496175774
2,Digit 2,27,3,6,0.03700980544090271,0.7314583346247673,0.7042316667532547,0.708597315395344,0.004365648642089326,0.02999999999999997,0.030000000000000082,1.1102230246251565e-16,75786.16102860859,75452.77180180333,-333.38922680525866,71204.17213113698,70870.78290433172,-333.38922680525866
2,Digit 2,28,4,0,0.0,0.7,0.705045000037318,0.702522500018659,-0.0025225000186589464,0.030000000000000027,0.02999999999999997,-5.551115123125783e-17,75724.04962731655,75916.68407863934,192.63445132279594,71142.06072984493,71334.69518116773,192.63445132279594
2,Digit 2,29,4,1,0.5977941155433655,1.2081249982118607,0.9017708402328076,0.8643576427773825,-0.03741319745542515,0.20000000000000007,0.2,-5.551115123125783e-17,73683.09124312765,76540.20549912217,2857.1142559945147,43136.49859331691,45993.61284931144,2857.1142559945292
2,Digit 2,30,4,2,0.7558823823928833,1.3425000250339507,1.1876133533337851,1.1710867815722596,-0.0165265717615255,0.19999999999999996,0.2,5.551115123125783e-17,51854.304218893274,53116.38035763624,1262.0761387429666,21307.711569082538,22569.787707825497,1262.0761387429593
2,Digit 2,31,4,3,0.8654411435127258,1.435624971985817,1.2497462717333225,1.2294333301553522,-0.020312941577970367,0.19999999999999996,0.19999999999999996,0.0,47109.43184765678,48660.65972741094,1551.2278797541585,16562.83919784604,18114.0670776002,1551.2278797541621
2,Digit 2,32,4,4,0.4223038852214813,1.0589583024382592,1.0950595981576043,1.0223909144020782,-0.07266868375552615,0.2,0.20000000000000007,5.551115123125783e-17,58922.30886283604,64471.76056553099,5549.451702694947,28375.716213025305,33925.167915720245,5549.45170269494
2,Digit 2,33,4,5,0.239705890417099,0.9037500068545341,0.8848720903614476,0.8773897512092848,-0.007482339152162898,0.19088508523965209,0.18944650778366717,-0.001438577455984913,74277.51534410109,74739.0561606153,461.5408165142144,45123.070635400836,45804.3296496309,681.2590142300614
2,Digit 2,34,4,6,0.002205882454290986,0.7018750000861473,0.7262070839792082,0.7389368748936236,0.012729790914415395,0.0580687164408028,0.08459131153930205,0.026522595098499246,76251.48485113212,77304.79277840666,1053.307927274538,67382.47771705927,64384.91110188519,-2997.5666151740807
2,Digit 2,35,5,0,0.0,0.7,0.7040875000831088,0.7020437500415543,-0.0020437500415545484,0.030000000000000138,0.030000000000000027,-1.1102230246251565e-16,75797.17052997515,75953.24452996865,156.0739999935031,71215.18163250353,71371.25563249704,156.0739999935031
2,Digit 2,36,5,1,0.046568628400564194,0.7395833341404795,0.8597420881909259,0.7917923404508291,-0.06794974774009677,0.18222385594553736,0.14768314425305346,-0.034540711692483905,75535.17758534574,78086.50812276892,2551.330537423186,47703.58809211513,55530.42387906261,7826.8357869474785
2,Digit 2,37,5,2,0.2291666716337204,0.8947916708886623,1.0859820986360778,1.0278984564686426,-0.05808364216743511,0.2,0.2,0.0,59615.525563243355,64051.16895550839,4435.643392265032,29068.932913432618,33504.57630569764,4435.643392265025
2,Digit 2,38,5,3,0.030637254938483238,0.7260416666977108,0.9874312595617258,0.967940175158066,-0.019491084403659875,0.2,0.20000000000000007,5.551115123125783e-17,67141.50640449655,68629.97194345074,1488.4655389541877,36594.91375468582,38083.379293640006,1488.4655389541877
2,Digit 2,39,5,4,0.0,0.7,0.9271937584353669,0.9020343817307022,-0.025159376704664727,0.2,0.19999999999999996,-5.551115123125783e-17,71741.63242737006,73662.96550617139,1921.3330788013263,41195.03977755932,43116.37285636065,1921.3330788013263
2,Digit 2,40,5,5,0.0,0.7,0.8326391706561961,0.8251390336551228,-0.007500137001073326,0.17221367066622173,0.1999999999999998,0.02778632933377806,76840.4894090418,79535.19269199671,2694.7032829549134,50537.78517619311,48988.600042185986,-1549.1851340071225
2,Digit 2,41,5,6,0.0,0.7,0.7126691669362828,0.715385509910089,0.002716342973806185,0.03784705765392338,0.04688416849979188,0.009037110845868501,75741.07101005937,76223.76581361411,482.69480355473934,69960.57774431787,69063.00782917296,-897.569915144908
2,Digit 2,42,6,0,0.0,0.7,0.7,0.7,0.0,0.02999999999999997,0.02999999999999997,0.0,76109.31852996214,76109.31852996214,0.0,71527.32963249052,71527.32963249052,0.0
2,Digit 2,43,6,1,0.0,0.7,0.7006387500074458,0.7003309490784813,-0.00030780092896454114,0.030000000000000027,0.030000000000000082,5.551115123125783e-17,76060.53943925585,76084.04511324163,23.505673985782778,71478.55054178424,71502.05621577002,23.505673985782778
2,Digit 2,44,6,2,0.0,0.7,0.7027575001095421,0.709746805991134,0.006989305881591967,0.02999999999999997,0.03830755316064077,0.008307553160640802,75898.73794851716,75999.40785512922,100.66990661206364,71316.74905104555,70148.5817460839,-1168.167304961651
2,Digit 2,45,6,3,0.0,0.7,0.7040800000371469,0.72024601938701,0.01616601934986317,0.030000000000000138,0.04980943114282299,0.019809431142822853,75797.74328209729,76075.97782183494,278.23453973764845,71215.75438462567,68468.43580564189,-2747.318578983788
2,Digit 2,46,6,4,0.0,0.7,0.703214166694565,0.7232390273846938,0.020024860690128765,0.02999999999999997,0.06544219796226802,0.03544219796226805,75863.86392814346,77041.23173163542,1177.3678034919576,71281.87503067184,67046.05091532704,-4235.824115344803
2,Digit 2,47,6,5,0.0,0.7,0.7010762500078882,0.7018575694577016,0.0007813194498134113,0.02999999999999997,0.02999999999999997,0.0,76027.12910351134,75967.46248610428,-59.66661740705604,71445.14020603972,71385.47358863267,-59.66661740705604
2,Digit 2,48,6,6,0.0,0.7,0.7003662500257661,0.7001831250128829,-0.0001831250128832007,0.02999999999999997,0.030000000000000082,1.1102230246251565e-16,76081.34930409948,76095.33391703082,13.984612931337324,71499.36040662786,71513.3450195592,13.984612931337324
