target_label,target_class_name,feature_index,query_feature,query_voltage,pre_mu_v,post_mu_v,delta_mu_v,pre_sigma_v,post_sigma_v,delta_sigma_v,pre_R_M1_ohm,post_R_M1_ohm,delta_R_M1_ohm,pre_R_M2_ohm,post_R_M2_ohm,delta_R_M2_ohm
1,Circle,0,0.0565657876431942,0.13959605135023595,0.16174047820677495,0.15579856097901912,-0.005941917227755833,0.15817404743023122,0.11885163681645472,-0.039322410613776504,382476.25641358935,379927.1055788081,-2549.150834781234,358317.8654404737,361774.5429008306,3456.6774603569065
1,Circle,1,0.09950168430805206,0.16965117901563645,0.19601628587530429,0.1585249510451472,-0.0374913348301571,0.19999999999999996,0.15469820266730894,-0.04530179733269102,383052.8344154523,382456.3768742735,-596.4575411787955,352506.2417656416,358828.8619715927,6322.620205951098
1,Circle,2,1.0,0.8,0.739680821659664,0.6403002734792727,-0.09938054818039133,0.16501537905551816,0.1999999999999998,0.034984620944481626,338863.4342210713,349124.42944002233,10260.995218951022,313660.14639625617,318577.8367902116,4917.690393955447
1,Circle,3,0.0,0.1,0.22641740004090571,0.17687481362617585,-0.04954258641472986,0.20000000000000007,0.18326797214319457,-0.016732027856805498,380731.20828915975,383236.835206364,2505.6269172042375,350184.61563934904,355245.7747522888,5061.159112939786
1,Circle,4,0.176326721906662,0.2234287053346634,0.18869108330730022,0.23280437378348562,0.044113290476185396,0.20000000000000007,0.20000000000000007,0.0,383612.23436275776,380243.4575762107,-3368.776786547038,353065.641712947,349696.86492639995,-3368.776786547038
1,Circle,5,0.09143216162919998,0.16400251314044,0.16837772343948,0.17668759288586422,0.008309869446384233,0.16875960241280696,0.12946230376535173,-0.03929729864745524,382777.7749375507,379142.1830101168,-3635.5919274339103,357002.6207843106,359369.0217269855,2366.400942674896
1,Circle,6,0.0,0.1,0.7306441294595906,0.6656415623150918,-0.06500256714449881,0.1760095679617143,0.20000000000000023,0.023990432038285936,340393.1221349963,347189.20437179995,6796.082236803661,313510.659260018,316642.6117219892,3131.952461971203
1,Circle,7,0.06224360689520836,0.14357052482664587,0.16574661588102213,0.20837115586638288,0.042624539985360754,0.168930315925512,0.20000000000000007,0.03106968407448807,382991.7401548969,382109.3364633052,-882.403691591695,357190.51242099464,351562.74381349445,-5627.768607500184
1,Circle,8,1.0,0.8,0.7089281954709439,0.7490720350714398,0.040143839600495945,0.19999999999999996,0.15407120008418718,-0.04592879991581278,343883.5564963159,337310.4918523192,-6573.0646439967095,313336.9638465052,313778.74091212347,441.7770656182547
1,Circle,9,0.10941397398710251,0.1765897817909718,0.15735472491952052,0.1491545611108207,-0.008200163808699812,0.1471209694045862,0.11099393258731594,-0.03612703681727025,381967.09628147027,379834.41924703075,-2132.677034439519,359496.87466823444,362881.9870203043,3385.1123520698748
1,Circle,10,1.0,0.8,0.7409474896981068,0.697119992355195,-0.0438274973429118,0.1566710255124722,0.19999999999999973,0.04332897448752754,338129.4743180756,344785.30742257345,6655.8331044978695,314200.64433628763,314238.71477276273,38.070436475099996
1,Circle,11,0.0,0.1,0.18004802081692695,0.14546676160747007,-0.03458125920945687,0.1873095357586133,0.13736490398779022,-0.04994463177082309,383303.1485313119,382129.90182291355,-1173.2467083983356,354694.8080900943,361149.7529904366,6454.9449003423215
1,Circle,12,0.0,0.1,0.17831376373195496,0.21586425646853324,0.03755049273657829,0.18394311005217023,0.2000000000000005,0.016056889947830277,383178.5055562722,381537.11473386036,-1641.390822411864,355084.32928875746,350990.5220840496,-4093.807204707875
1,Circle,13,0.037843842059373856,0.12649068944156172,0.1727570424895143,0.20810053553038088,0.03534349304086659,0.17692323593835602,0.14718885104452273,-0.029734384893833288,383066.7697194066,378097.0011499431,-4969.768569463515,356044.75962693,355616.4117726896,-428.34785424039
1,Circle,14,1.0,0.8,0.6990611674306761,0.6725710546432915,-0.026490112787384668,0.19999999999999973,0.19999999999999968,-5.551115123125783e-17,344637.06671184173,346660.0234232512,2022.9567114094389,314090.474062031,316113.43077344046,2022.9567114094389
1,Circle,15,0.1534315049648285,0.20740205347537996,0.15821409651970775,0.1600764215456244,0.0018623250259166557,0.154007723064865,0.12657820907165263,-0.027429513993212362,382427.3862428062,380190.4715566033,-2236.9146862028865,358905.3303358698,360857.8066023316,1952.4762664617738
1,Circle,16,0.0,0.1,0.7281659965962168,0.6240829982981084,-0.10408299829810841,0.17422646535161368,0.2,0.02577353464838633,340446.19915006135,350362.88568714465,9916.686537083297,313836.07482050086,319816.2930373339,5980.218216833018
1,Circle,17,0.0,0.1,0.15422572261886613,0.14854124519624712,-0.0056844774226190165,0.13684366237822454,0.11826733957487079,-0.01857632280335375,381421.205399988,380436.70052661386,-984.5048733741278,360520.6673431087,362373.3792977618,1852.7119546531467
1,Circle,18,0.6822652816772461,0.5775856971740723,0.7157051492397049,0.6984413475128038,-0.017263801726901007,0.1965190537951938,0.16567111814013125,-0.030847935655062553,343100.19676647824,342062.8242524682,-1037.3725140100578,313085.25934543816,316759.3834541419,3674.124108703749
1,Circle,19,0.29555222392082214,0.30688655674457554,0.18026617259193323,0.23359726183319496,0.05333108924126173,0.1823175241728714,0.1999999999999995,0.01768247582712812,382905.2666867625,380182.90750553226,-2722.3591812302475,355059.3709676089,349636.31485572155,-5423.05611188733
1,Circle,20,0.13586243987083435,0.19510370790958406,0.13364499800916085,0.15459790869189116,0.020952910682730308,0.09893584868228833,0.09026272089546161,-0.008673127786826718,380097.9965696778,377835.5602472849,-2262.436322392896,364987.2312288719,364049.46741399873,-937.7638148731785
1,Circle,21,0.0,0.1,0.18147936910742568,0.2218862863647637,0.040406917257338026,0.19090411224384662,0.1999999999999995,0.009095887756152887,383468.3466574948,381077.2334984475,-2391.113159047265,354310.99589806213,350530.6408486368,-3780.3550494253286
1,Circle,22,1.0,0.8,0.7072184694271224,0.6682695478429863,-0.0389489215841361,0.19823809916262092,0.19999999999999996,0.001761900837379038,343879.5720909025,346988.5143632745,3108.94227237202,313602.0797769356,316441.92171346373,2839.8419365281006
1,Circle,23,0.0,0.1,0.19540002066564433,0.22802151815926952,0.032621497493625196,0.19999999999999996,0.19999999999999996,0.0,383099.89642126166,380608.7074323502,-2491.1889889114536,352553.30377145094,350062.11478253943,-2491.188988911512
1,Circle,24,0.5433117151260376,0.4803182005882264,0.14579754843483272,0.16093059427623868,0.015133045841405957,0.11887775518365828,0.14750987351719114,0.028632118333532852,380692.8422872995,381723.71895871765,1030.8766714181402,362536.2904737038,359194.098867944,-3342.191605759843
