sample_type,is_id,score,raw_score,score_type
ID,1,0.8634488467296498,0.8634488467296498,best_N_hat
ID,1,0.866091218063464,0.866091218063464,best_N_hat
ID,1,0.8650040628261569,0.8650040628261569,best_N_hat
ID,1,0.8741590398847789,0.8741590398847789,best_N_hat
ID,1,0.8584621509333277,0.8584621509333277,best_N_hat
ID,1,0.8623459942645231,0.8623459942645231,best_N_hat
ID,1,0.8763810835015797,0.8763810835015797,best_N_hat
ID,1,0.8693004740746754,0.8693004740746754,best_N_hat
ID,1,0.8702146322897913,0.8702146322897913,best_N_hat
ID,1,0.8647007356791871,0.8647007356791871,best_N_hat
ID,1,0.865064124929,0.865064124929,best_N_hat
ID,1,0.871291566857586,0.871291566857586,best_N_hat
ID,1,0.8674530194004079,0.8674530194004079,best_N_hat
ID,1,0.8596030384491506,0.8596030384491506,best_N_hat
ID,1,0.8521375848911106,0.8521375848911106,best_N_hat
ID,1,0.8632502374347429,0.8632502374347429,best_N_hat
ID,1,0.874438829067609,0.874438829067609,best_N_hat
ID,1,0.8755698124631045,0.8755698124631045,best_N_hat
ID,1,0.8720470049715255,0.8720470049715255,best_N_hat
ID,1,0.8574819681663953,0.8574819681663953,best_N_hat
ID,1,0.85920038328436,0.85920038328436,best_N_hat
ID,1,0.8638852482639294,0.8638852482639294,best_N_hat
ID,1,0.8718185751712616,0.8718185751712616,best_N_hat
ID,1,0.879029035822637,0.879029035822637,best_N_hat
ID,1,0.8691477691133016,0.8691477691133016,best_N_hat
ID,1,0.8642935779397068,0.8642935779397068,best_N_hat
ID,1,0.8648083044514224,0.8648083044514224,best_N_hat
ID,1,0.8660073959380735,0.8660073959380735,best_N_hat
ID,1,0.8726244281990786,0.8726244281990786,best_N_hat
ID,1,0.8693922400558406,0.8693922400558406,best_N_hat
ID,1,0.876465156985614,0.876465156985614,best_N_hat
ID,1,0.8597033486402507,0.8597033486402507,best_N_hat
ID,1,0.8679911497230255,0.8679911497230255,best_N_hat
ID,1,0.8732265410828357,0.8732265410828357,best_N_hat
ID,1,0.8739441481241359,0.8739441481241359,best_N_hat
ID,1,0.8671247329257484,0.8671247329257484,best_N_hat
ID,1,0.8685644352485433,0.8685644352485433,best_N_hat
ID,1,0.8638139304458954,0.8638139304458954,best_N_hat
ID,1,0.8766351017689786,0.8766351017689786,best_N_hat
ID,1,0.8697261743755551,0.8697261743755551,best_N_hat
ID,1,0.8598632611146251,0.8598632611146251,best_N_hat
ID,1,0.8608361216128928,0.8608361216128928,best_N_hat
ID,1,0.8709486547188384,0.8709486547188384,best_N_hat
ID,1,0.8563681848814231,0.8563681848814231,best_N_hat
ID,1,0.8587274001891225,0.8587274001891225,best_N_hat
ID,1,0.8632703881416838,0.8632703881416838,best_N_hat
ID,1,0.8750619086399417,0.8750619086399417,best_N_hat
ID,1,0.8824129128567492,0.8824129128567492,best_N_hat
ID,1,0.8641455865663885,0.8641455865663885,best_N_hat
ID,1,0.8669521349572025,0.8669521349572025,best_N_hat
ID,1,0.8791653360321118,0.8791653360321118,best_N_hat
ID,1,0.8647976924449368,0.8647976924449368,best_N_hat
ID,1,0.8608950834410094,0.8608950834410094,best_N_hat
ID,1,0.8628178904228884,0.8628178904228884,best_N_hat
ID,1,0.8636226381794764,0.8636226381794764,best_N_hat
ID,1,0.8621875018709243,0.8621875018709243,best_N_hat
ID,1,0.8719554920877207,0.8719554920877207,best_N_hat
ID,1,0.8757205887243031,0.8757205887243031,best_N_hat
ID,1,0.8587141574597932,0.8587141574597932,best_N_hat
ID,1,0.8711275143511741,0.8711275143511741,best_N_hat
ID,1,0.866834949600963,0.866834949600963,best_N_hat
ID,1,0.8617271266326685,0.8617271266326685,best_N_hat
ID,1,0.8739728097861401,0.8739728097861401,best_N_hat
ID,1,0.8716312873929005,0.8716312873929005,best_N_hat
ID,1,0.8792002555063503,0.8792002555063503,best_N_hat
ID,1,0.8684781937470798,0.8684781937470798,best_N_hat
ID,1,0.8713290886049636,0.8713290886049636,best_N_hat
ID,1,0.8665679277497809,0.8665679277497809,best_N_hat
ID,1,0.8689581172600475,0.8689581172600475,best_N_hat
ID,1,0.8621117004673063,0.8621117004673063,best_N_hat
ID,1,0.8733444673174574,0.8733444673174574,best_N_hat
ID,1,0.872283229578033,0.872283229578033,best_N_hat
ID,1,0.8733936135005665,0.8733936135005665,best_N_hat
ID,1,0.8662833150997752,0.8662833150997752,best_N_hat
ID,1,0.8476649351637308,0.8476649351637308,best_N_hat
ID,1,0.8708745991697372,0.8708745991697372,best_N_hat
ID,1,0.8655754928400724,0.8655754928400724,best_N_hat
ID,1,0.8698874483115734,0.8698874483115734,best_N_hat
ID,1,0.8630401738820631,0.8630401738820631,best_N_hat
ID,1,0.8640205195491147,0.8640205195491147,best_N_hat
ID,1,0.877238587727562,0.877238587727562,best_N_hat
ID,1,0.8785338872041488,0.8785338872041488,best_N_hat
ID,1,0.8540604716701519,0.8540604716701519,best_N_hat
ID,1,0.8628558542134087,0.8628558542134087,best_N_hat
ID,1,0.8686149331449297,0.8686149331449297,best_N_hat
ID,1,0.8739189388070114,0.8739189388070114,best_N_hat
ID,1,0.8657705538388552,0.8657705538388552,best_N_hat
ID,1,0.8554094515119277,0.8554094515119277,best_N_hat
ID,1,0.8627373963148087,0.8627373963148087,best_N_hat
ID,1,0.8797653667064269,0.8797653667064269,best_N_hat
ID,1,0.8822043494592741,0.8822043494592741,best_N_hat
ID,1,0.8692225311734746,0.8692225311734746,best_N_hat
ID,1,0.8660930785112535,0.8660930785112535,best_N_hat
ID,1,0.8749996340782555,0.8749996340782555,best_N_hat
ID,1,0.8771882266067806,0.8771882266067806,best_N_hat
ID,1,0.8835370286648289,0.8835370286648289,best_N_hat
ID,1,0.8611024398916923,0.8611024398916923,best_N_hat
ID,1,0.8769922540492421,0.8769922540492421,best_N_hat
ID,1,0.8542993346844041,0.8542993346844041,best_N_hat
ID,1,0.8707324848993934,0.8707324848993934,best_N_hat
ID,1,0.8168014011188068,0.8168014011188068,best_N_hat
ID,1,0.8110674054043857,0.8110674054043857,best_N_hat
ID,1,0.8137267762973618,0.8137267762973618,best_N_hat
ID,1,0.8132960002360724,0.8132960002360724,best_N_hat
ID,1,0.8223280582914951,0.8223280582914951,best_N_hat
ID,1,0.8090973930694488,0.8090973930694488,best_N_hat
ID,1,0.8132696326790035,0.8132696326790035,best_N_hat
ID,1,0.7973956546824373,0.7973956546824373,best_N_hat
ID,1,0.81415340124406,0.81415340124406,best_N_hat
ID,1,0.8018477738608383,0.8018477738608383,best_N_hat
ID,1,0.8127171716627882,0.8127171716627882,best_N_hat
ID,1,0.8120738288558816,0.8120738288558816,best_N_hat
ID,1,0.8150798766803126,0.8150798766803126,best_N_hat
ID,1,0.8254684259041309,0.8254684259041309,best_N_hat
ID,1,0.8084270695297956,0.8084270695297956,best_N_hat
ID,1,0.8220453943754413,0.8220453943754413,best_N_hat
ID,1,0.7993996088459211,0.7993996088459211,best_N_hat
ID,1,0.8359807903310034,0.8359807903310034,best_N_hat
ID,1,0.8095924760006615,0.8095924760006615,best_N_hat
ID,1,0.8078298083567639,0.8078298083567639,best_N_hat
ID,1,0.8355072901062132,0.8355072901062132,best_N_hat
ID,1,0.830288754010041,0.830288754010041,best_N_hat
ID,1,0.8115158658071802,0.8115158658071802,best_N_hat
ID,1,0.8119160013727015,0.8119160013727015,best_N_hat
ID,1,0.8307568536554515,0.8307568536554515,best_N_hat
ID,1,0.8178757747812857,0.8178757747812857,best_N_hat
ID,1,0.8191419505309526,0.8191419505309526,best_N_hat
ID,1,0.8209133830432385,0.8209133830432385,best_N_hat
ID,1,0.8181112059641423,0.8181112059641423,best_N_hat
ID,1,0.8354394917226171,0.8354394917226171,best_N_hat
ID,1,0.8214907241344896,0.8214907241344896,best_N_hat
ID,1,0.8099835055099237,0.8099835055099237,best_N_hat
ID,1,0.8079312521832536,0.8079312521832536,best_N_hat
ID,1,0.8239729236577994,0.8239729236577994,best_N_hat
ID,1,0.7995926904371506,0.7995926904371506,best_N_hat
ID,1,0.8035709161199811,0.8035709161199811,best_N_hat
ID,1,0.7998384792513176,0.7998384792513176,best_N_hat
ID,1,0.8290034332535442,0.8290034332535442,best_N_hat
ID,1,0.8160294560186983,0.8160294560186983,best_N_hat
ID,1,0.8094014455494726,0.8094014455494726,best_N_hat
ID,1,0.8208831660385422,0.8208831660385422,best_N_hat
ID,1,0.8055190449353633,0.8055190449353633,best_N_hat
ID,1,0.7941696970152343,0.7941696970152343,best_N_hat
ID,1,0.8221439728879991,0.8221439728879991,best_N_hat
ID,1,0.8115016301176057,0.8115016301176057,best_N_hat
ID,1,0.8001252989645874,0.8001252989645874,best_N_hat
ID,1,0.8114017817966461,0.8114017817966461,best_N_hat
ID,1,0.8040727926024114,0.8040727926024114,best_N_hat
ID,1,0.8266502621595528,0.8266502621595528,best_N_hat
ID,1,0.843860670695691,0.843860670695691,best_N_hat
ID,1,0.8488167371275677,0.8488167371275677,best_N_hat
ID,1,0.8288425708952385,0.8288425708952385,best_N_hat
ID,1,0.8051147325390848,0.8051147325390848,best_N_hat
ID,1,0.8229786751831373,0.8229786751831373,best_N_hat
ID,1,0.8274683050941102,0.8274683050941102,best_N_hat
ID,1,0.8238742110189746,0.8238742110189746,best_N_hat
ID,1,0.8150740970669125,0.8150740970669125,best_N_hat
ID,1,0.8128179299055149,0.8128179299055149,best_N_hat
ID,1,0.8079289827700527,0.8079289827700527,best_N_hat
ID,1,0.7955405713426681,0.7955405713426681,best_N_hat
ID,1,0.8185889897446355,0.8185889897446355,best_N_hat
ID,1,0.8158410848610407,0.8158410848610407,best_N_hat
ID,1,0.8215016779018278,0.8215016779018278,best_N_hat
ID,1,0.8196454189073247,0.8196454189073247,best_N_hat
ID,1,0.8147650277615266,0.8147650277615266,best_N_hat
ID,1,0.7967410695854942,0.7967410695854942,best_N_hat
ID,1,0.8107190253793722,0.8107190253793722,best_N_hat
ID,1,0.8140215524866898,0.8140215524866898,best_N_hat
ID,1,0.819316473800604,0.819316473800604,best_N_hat
ID,1,0.8005130767587555,0.8005130767587555,best_N_hat
ID,1,0.8223565959449524,0.8223565959449524,best_N_hat
ID,1,0.8238811421181675,0.8238811421181675,best_N_hat
ID,1,0.8122183135835374,0.8122183135835374,best_N_hat
ID,1,0.8158536929970713,0.8158536929970713,best_N_hat
ID,1,0.822799521534711,0.822799521534711,best_N_hat
ID,1,0.818440771708445,0.818440771708445,best_N_hat
ID,1,0.8356716814228007,0.8356716814228007,best_N_hat
ID,1,0.8066732675570478,0.8066732675570478,best_N_hat
ID,1,0.7946658633143059,0.7946658633143059,best_N_hat
ID,1,0.8117419265207465,0.8117419265207465,best_N_hat
ID,1,0.8086136308337198,0.8086136308337198,best_N_hat
ID,1,0.8274547572233014,0.8274547572233014,best_N_hat
ID,1,0.8074907570147574,0.8074907570147574,best_N_hat
ID,1,0.832525711193955,0.832525711193955,best_N_hat
ID,1,0.8234635991274958,0.8234635991274958,best_N_hat
ID,1,0.8141221299752017,0.8141221299752017,best_N_hat
ID,1,0.8248824079881351,0.8248824079881351,best_N_hat
ID,1,0.8271954128629594,0.8271954128629594,best_N_hat
ID,1,0.800907509459539,0.800907509459539,best_N_hat
ID,1,0.8197867533183402,0.8197867533183402,best_N_hat
ID,1,0.8430473919573023,0.8430473919573023,best_N_hat
ID,1,0.8325024031705992,0.8325024031705992,best_N_hat
ID,1,0.8174700681092552,0.8174700681092552,best_N_hat
ID,1,0.7897272923328108,0.7897272923328108,best_N_hat
ID,1,0.7993223138453989,0.7993223138453989,best_N_hat
ID,1,0.8320982770965772,0.8320982770965772,best_N_hat
ID,1,0.8181125910084968,0.8181125910084968,best_N_hat
ID,1,0.8266356061984842,0.8266356061984842,best_N_hat
ID,1,0.8214235936898068,0.8214235936898068,best_N_hat
ID,1,0.8276807988391837,0.8276807988391837,best_N_hat
ID,1,0.8635509762453392,0.8635509762453392,best_N_hat
ID,1,0.8639067832804119,0.8639067832804119,best_N_hat
ID,1,0.8727876219116398,0.8727876219116398,best_N_hat
ID,1,0.8679078020971258,0.8679078020971258,best_N_hat
ID,1,0.8719291108663193,0.8719291108663193,best_N_hat
ID,1,0.8710594494010933,0.8710594494010933,best_N_hat
ID,1,0.864780013459581,0.864780013459581,best_N_hat
ID,1,0.8666493549685035,0.8666493549685035,best_N_hat
ID,1,0.8732832548855899,0.8732832548855899,best_N_hat
ID,1,0.8716980095983254,0.8716980095983254,best_N_hat
ID,1,0.8631546059956124,0.8631546059956124,best_N_hat
ID,1,0.85945041203008,0.85945041203008,best_N_hat
ID,1,0.865531366676591,0.865531366676591,best_N_hat
ID,1,0.8672010201456524,0.8672010201456524,best_N_hat
ID,1,0.8599600265171514,0.8599600265171514,best_N_hat
ID,1,0.8779923742087365,0.8779923742087365,best_N_hat
ID,1,0.8625465386881545,0.8625465386881545,best_N_hat
ID,1,0.8707674927126846,0.8707674927126846,best_N_hat
ID,1,0.8828288328180462,0.8828288328180462,best_N_hat
ID,1,0.8743288635675978,0.8743288635675978,best_N_hat
ID,1,0.8557499086782033,0.8557499086782033,best_N_hat
ID,1,0.869303074388157,0.869303074388157,best_N_hat
ID,1,0.8714632833784143,0.8714632833784143,best_N_hat
ID,1,0.8670293889321413,0.8670293889321413,best_N_hat
ID,1,0.8651203143723166,0.8651203143723166,best_N_hat
ID,1,0.8756457462177679,0.8756457462177679,best_N_hat
ID,1,0.8778905532783408,0.8778905532783408,best_N_hat
ID,1,0.8621123262281425,0.8621123262281425,best_N_hat
ID,1,0.8684182814859887,0.8684182814859887,best_N_hat
ID,1,0.8655768223325482,0.8655768223325482,best_N_hat
ID,1,0.8691602923581145,0.8691602923581145,best_N_hat
ID,1,0.8699617843659032,0.8699617843659032,best_N_hat
ID,1,0.8658312331776074,0.8658312331776074,best_N_hat
ID,1,0.8616877976946102,0.8616877976946102,best_N_hat
ID,1,0.8598900027062538,0.8598900027062538,best_N_hat
ID,1,0.8619974147391536,0.8619974147391536,best_N_hat
ID,1,0.8702854163660173,0.8702854163660173,best_N_hat
ID,1,0.8575036184188455,0.8575036184188455,best_N_hat
ID,1,0.8588121151845383,0.8588121151845383,best_N_hat
ID,1,0.8632944322155777,0.8632944322155777,best_N_hat
ID,1,0.8581244065113675,0.8581244065113675,best_N_hat
ID,1,0.8648100293257047,0.8648100293257047,best_N_hat
ID,1,0.8644443970018963,0.8644443970018963,best_N_hat
ID,1,0.8621671791877598,0.8621671791877598,best_N_hat
ID,1,0.8617303580734037,0.8617303580734037,best_N_hat
ID,1,0.8665437699156991,0.8665437699156991,best_N_hat
ID,1,0.8745918817572457,0.8745918817572457,best_N_hat
ID,1,0.8632331103014558,0.8632331103014558,best_N_hat
ID,1,0.8705668821181572,0.8705668821181572,best_N_hat
ID,1,0.872056824534128,0.872056824534128,best_N_hat
ID,1,0.859911270281617,0.859911270281617,best_N_hat
ID,1,0.8589315100741739,0.8589315100741739,best_N_hat
ID,1,0.8694271710826448,0.8694271710826448,best_N_hat
ID,1,0.8628320860296431,0.8628320860296431,best_N_hat
ID,1,0.869424502774875,0.869424502774875,best_N_hat
ID,1,0.8652999897859255,0.8652999897859255,best_N_hat
ID,1,0.8743648368707208,0.8743648368707208,best_N_hat
ID,1,0.8590049140727356,0.8590049140727356,best_N_hat
ID,1,0.8633363957372364,0.8633363957372364,best_N_hat
ID,1,0.863702052423107,0.863702052423107,best_N_hat
ID,1,0.8689099166536756,0.8689099166536756,best_N_hat
ID,1,0.8568265668121827,0.8568265668121827,best_N_hat
ID,1,0.8706415142365599,0.8706415142365599,best_N_hat
ID,1,0.8681723207487346,0.8681723207487346,best_N_hat
ID,1,0.8786007812098682,0.8786007812098682,best_N_hat
ID,1,0.8710033739726174,0.8710033739726174,best_N_hat
ID,1,0.8562491759683983,0.8562491759683983,best_N_hat
ID,1,0.8677956594387178,0.8677956594387178,best_N_hat
ID,1,0.8628441618327516,0.8628441618327516,best_N_hat
ID,1,0.8660246321837398,0.8660246321837398,best_N_hat
ID,1,0.868193674797115,0.868193674797115,best_N_hat
ID,1,0.8653544563567127,0.8653544563567127,best_N_hat
ID,1,0.863315100594497,0.863315100594497,best_N_hat
ID,1,0.8707703550355995,0.8707703550355995,best_N_hat
ID,1,0.8657467122199464,0.8657467122199464,best_N_hat
ID,1,0.8652238760716575,0.8652238760716575,best_N_hat
ID,1,0.8717670622964372,0.8717670622964372,best_N_hat
ID,1,0.868254866432788,0.868254866432788,best_N_hat
ID,1,0.8725835737857018,0.8725835737857018,best_N_hat
ID,1,0.8638979831345548,0.8638979831345548,best_N_hat
ID,1,0.8712086156838819,0.8712086156838819,best_N_hat
ID,1,0.865354275473224,0.865354275473224,best_N_hat
ID,1,0.8653886467753718,0.8653886467753718,best_N_hat
ID,1,0.858996316103104,0.858996316103104,best_N_hat
ID,1,0.8762013017776771,0.8762013017776771,best_N_hat
ID,1,0.8552515501157743,0.8552515501157743,best_N_hat
ID,1,0.8674124589459195,0.8674124589459195,best_N_hat
ID,1,0.857805493214638,0.857805493214638,best_N_hat
ID,1,0.860378848406372,0.860378848406372,best_N_hat
ID,1,0.8673360719522822,0.8673360719522822,best_N_hat
ID,1,0.8750447432373418,0.8750447432373418,best_N_hat
ID,1,0.8643651495105331,0.8643651495105331,best_N_hat
ID,1,0.8598749668379567,0.8598749668379567,best_N_hat
ID,1,0.8677123029767444,0.8677123029767444,best_N_hat
ID,1,0.8589988965562191,0.8589988965562191,best_N_hat
ID,1,0.872143286115374,0.872143286115374,best_N_hat
ID,1,0.8573337073593849,0.8573337073593849,best_N_hat
ID,1,0.8599927723504944,0.8599927723504944,best_N_hat
ID,1,0.8758331908350234,0.8758331908350234,best_N_hat
ID,1,0.8641781698890514,0.8641781698890514,best_N_hat
OOD,0,0.38246248974244756,0.38246248974244756,best_N_hat
OOD,0,0.32128273065132124,0.32128273065132124,best_N_hat
OOD,0,0.3110825667543379,0.3110825667543379,best_N_hat
OOD,0,0.3183935530457263,0.3183935530457263,best_N_hat
OOD,0,0.3251271443240142,0.3251271443240142,best_N_hat
OOD,0,0.39693505724004824,0.39693505724004824,best_N_hat
OOD,0,0.37642256042122874,0.37642256042122874,best_N_hat
OOD,0,0.3865037960596308,0.3865037960596308,best_N_hat
OOD,0,0.3839493693576234,0.3839493693576234,best_N_hat
OOD,0,0.38331420490340956,0.38331420490340956,best_N_hat
OOD,0,0.36514980668406904,0.36514980668406904,best_N_hat
OOD,0,0.3869416286638451,0.3869416286638451,best_N_hat
OOD,0,0.2551448236756429,0.2551448236756429,best_N_hat
OOD,0,0.3983244525328679,0.3983244525328679,best_N_hat
OOD,0,0.3413361478540748,0.3413361478540748,best_N_hat
OOD,0,0.3868363619101314,0.3868363619101314,best_N_hat
OOD,0,0.40017084728129854,0.40017084728129854,best_N_hat
OOD,0,0.3202283111595797,0.3202283111595797,best_N_hat
OOD,0,0.315209088788988,0.315209088788988,best_N_hat
OOD,0,0.37900119446133507,0.37900119446133507,best_N_hat
OOD,0,0.4025596076022789,0.4025596076022789,best_N_hat
OOD,0,0.3870134338557181,0.3870134338557181,best_N_hat
OOD,0,0.25924894385635955,0.25924894385635955,best_N_hat
OOD,0,0.31658062174084517,0.31658062174084517,best_N_hat
OOD,0,0.31608594172605775,0.31608594172605775,best_N_hat
OOD,0,0.38430767026270635,0.38430767026270635,best_N_hat
OOD,0,0.3796972343371013,0.3796972343371013,best_N_hat
OOD,0,0.3871731357635927,0.3871731357635927,best_N_hat
OOD,0,0.3193281267084183,0.3193281267084183,best_N_hat
OOD,0,0.31658917418830584,0.31658917418830584,best_N_hat
OOD,0,0.3916564386853313,0.3916564386853313,best_N_hat
OOD,0,0.39895635376477623,0.39895635376477623,best_N_hat
OOD,0,0.39303607442777533,0.39303607442777533,best_N_hat
OOD,0,0.3246153057650253,0.3246153057650253,best_N_hat
OOD,0,0.3923291892363502,0.3923291892363502,best_N_hat
OOD,0,0.4036705302698042,0.4036705302698042,best_N_hat
OOD,0,0.3994999136485855,0.3994999136485855,best_N_hat
OOD,0,0.3060773999210863,0.3060773999210863,best_N_hat
OOD,0,0.3841960184333341,0.3841960184333341,best_N_hat
OOD,0,0.3980330965719476,0.3980330965719476,best_N_hat
OOD,0,0.3972918160727473,0.3972918160727473,best_N_hat
OOD,0,0.3183372496598162,0.3183372496598162,best_N_hat
OOD,0,0.3269269731632285,0.3269269731632285,best_N_hat
OOD,0,0.32230867600033414,0.32230867600033414,best_N_hat
OOD,0,0.32829644361443633,0.32829644361443633,best_N_hat
OOD,0,0.3233478997105472,0.3233478997105472,best_N_hat
OOD,0,0.37940609229247146,0.37940609229247146,best_N_hat
OOD,0,0.3779281197073383,0.3779281197073383,best_N_hat
OOD,0,0.40742134102775374,0.40742134102775374,best_N_hat
OOD,0,0.41056281108573833,0.41056281108573833,best_N_hat
OOD,0,0.4075978382350507,0.4075978382350507,best_N_hat
OOD,0,0.3129417974888702,0.3129417974888702,best_N_hat
OOD,0,0.3393553794938174,0.3393553794938174,best_N_hat
OOD,0,0.3734563973450339,0.3734563973450339,best_N_hat
OOD,0,0.25175248860307986,0.25175248860307986,best_N_hat
OOD,0,0.38462448911896896,0.38462448911896896,best_N_hat
OOD,0,0.39372017081623784,0.39372017081623784,best_N_hat
OOD,0,0.31294747387812366,0.31294747387812366,best_N_hat
OOD,0,0.39437714533605905,0.39437714533605905,best_N_hat
OOD,0,0.39122528854205707,0.39122528854205707,best_N_hat
OOD,0,0.3284734917530588,0.3284734917530588,best_N_hat
OOD,0,0.3296184706025547,0.3296184706025547,best_N_hat
OOD,0,0.39250272999226504,0.39250272999226504,best_N_hat
OOD,0,0.40505384581433,0.40505384581433,best_N_hat
OOD,0,0.4019141951770012,0.4019141951770012,best_N_hat
OOD,0,0.32700252160099097,0.32700252160099097,best_N_hat
OOD,0,0.39119042430420986,0.39119042430420986,best_N_hat
OOD,0,0.3945523578692713,0.3945523578692713,best_N_hat
OOD,0,0.31422940456958964,0.31422940456958964,best_N_hat
OOD,0,0.3942449085448184,0.3942449085448184,best_N_hat
OOD,0,0.39033099933883303,0.39033099933883303,best_N_hat
OOD,0,0.38841483921036407,0.38841483921036407,best_N_hat
OOD,0,0.3993332606982351,0.3993332606982351,best_N_hat
OOD,0,0.39061812400667356,0.39061812400667356,best_N_hat
OOD,0,0.32643924393216556,0.32643924393216556,best_N_hat
OOD,0,0.40435251091621954,0.40435251091621954,best_N_hat
OOD,0,0.41026667669108396,0.41026667669108396,best_N_hat
OOD,0,0.38439477856813153,0.38439477856813153,best_N_hat
OOD,0,0.3357407986763967,0.3357407986763967,best_N_hat
OOD,0,0.32765016294757465,0.32765016294757465,best_N_hat
OOD,0,0.3132648343218398,0.3132648343218398,best_N_hat
OOD,0,0.32038140737956744,0.32038140737956744,best_N_hat
OOD,0,0.3265752434082139,0.3265752434082139,best_N_hat
OOD,0,0.40418490670927293,0.40418490670927293,best_N_hat
OOD,0,0.3014824095661251,0.3014824095661251,best_N_hat
OOD,0,0.3143463801159155,0.3143463801159155,best_N_hat
OOD,0,0.32202367368247287,0.32202367368247287,best_N_hat
OOD,0,0.40035562475261477,0.40035562475261477,best_N_hat
OOD,0,0.3902690710401375,0.3902690710401375,best_N_hat
OOD,0,0.3084255106379092,0.3084255106379092,best_N_hat
OOD,0,0.32438462839958193,0.32438462839958193,best_N_hat
OOD,0,0.38744132462342523,0.38744132462342523,best_N_hat
OOD,0,0.3878414422446033,0.3878414422446033,best_N_hat
OOD,0,0.3232902368971771,0.3232902368971771,best_N_hat
OOD,0,0.3019190545573227,0.3019190545573227,best_N_hat
OOD,0,0.3767386471797251,0.3767386471797251,best_N_hat
OOD,0,0.3061894816086858,0.3061894816086858,best_N_hat
OOD,0,0.38770511798416435,0.38770511798416435,best_N_hat
OOD,0,0.3290979022752137,0.3290979022752137,best_N_hat
OOD,0,0.26593903969463234,0.26593903969463234,best_N_hat
OOD,0,0.3169999837890755,0.3169999837890755,best_N_hat
OOD,0,0.31054026892695613,0.31054026892695613,best_N_hat
OOD,0,0.3956580948396128,0.3956580948396128,best_N_hat
OOD,0,0.32810413605270616,0.32810413605270616,best_N_hat
OOD,0,0.3804761793817165,0.3804761793817165,best_N_hat
OOD,0,0.40011431144355675,0.40011431144355675,best_N_hat
OOD,0,0.3752101069422154,0.3752101069422154,best_N_hat
OOD,0,0.380076014411827,0.380076014411827,best_N_hat
OOD,0,0.32123312571190027,0.32123312571190027,best_N_hat
OOD,0,0.40467418603401034,0.40467418603401034,best_N_hat
OOD,0,0.37841202528395756,0.37841202528395756,best_N_hat
OOD,0,0.32573125444272016,0.32573125444272016,best_N_hat
OOD,0,0.38860596096033095,0.38860596096033095,best_N_hat
OOD,0,0.38908129791959845,0.38908129791959845,best_N_hat
OOD,0,0.3865030780932354,0.3865030780932354,best_N_hat
