sample_index,true_label,true_class_name,pred_label,pred_class_name,winner_rule,status,status_legacy,best_d2,best_N_hat,best_I_ML,second_label,winner_margin,winner_by_nhat,winner_by_d2,winner_agreement
0,0,Cross,0,Cross,max_nhat,RELIABLE,RELIABLE,27.250463034944477,0.8634488467296498,0.0014246905971039222,2,0.2935716067216012,0,0,True
1,0,Cross,0,Cross,max_nhat,RELIABLE,RELIABLE,27.453197092016925,0.866091218063464,0.0014290505098047157,2,0.14723626996704764,0,0,True
2,0,Cross,0,Cross,max_nhat,UNRELIABLE,IDO,44.07830716020476,0.8650040628261569,0.001427256703663159,2,0.22228973953212428,0,0,True
3,0,Cross,0,Cross,max_nhat,RELIABLE,RELIABLE,18.77523109421111,0.8741590398847789,0.0014423624158098852,2,0.2216556084279715,0,0,True
4,0,Cross,0,Cross,max_nhat,RELIABLE,RELIABLE,22.61266159047428,0.8584621509333277,0.0014164625490399906,2,0.2962658187722971,0,0,True
5,0,Cross,0,Cross,max_nhat,RELIABLE,RELIABLE,24.6108475404474,0.8623459942645231,0.001422870890536463,2,0.21267336339697696,0,0,True
6,0,Cross,0,Cross,max_nhat,RELIABLE,RELIABLE,23.62023248732024,0.8763810835015797,0.0014460287877776066,2,0.22272417347945495,0,0,True
7,0,Cross,0,Cross,max_nhat,RELIABLE,RELIABLE,23.05871318701748,0.8693004740746754,0.0014343457822232144,2,0.22462111417710273,0,0,True
8,0,Cross,0,Cross,max_nhat,RELIABLE,RELIABLE,36.24356134585927,0.8702146322897913,0.0014358541432781557,2,0.292323974334168,0,0,True
9,0,Cross,0,Cross,max_nhat,RELIABLE,RELIABLE,37.08204322151188,0.8647007356791871,0.0014267562138706588,2,0.22441531977905904,0,0,True
10,0,Cross,0,Cross,max_nhat,RELIABLE,RELIABLE,27.48535095166987,0.865064124929,0.0014273558061328499,2,0.2956879316808424,0,0,True
11,0,Cross,0,Cross,max_nhat,RELIABLE,RELIABLE,23.80176048144883,0.871291566857586,0.001437631085315017,2,0.23053762791115184,0,0,True
12,0,Cross,0,Cross,max_nhat,UNRELIABLE,IDO,49.86808970899008,0.8674530194004079,0.001431297482010673,2,0.22073121748194557,0,0,True
13,0,Cross,0,Cross,max_nhat,UNRELIABLE,IDO,39.36542949917542,0.8596030384491506,0.0014183450134410986,2,0.29485115006227314,0,0,True
14,0,Cross,0,Cross,max_nhat,RELIABLE,RELIABLE,24.375015158501125,0.8521375848911106,0.0014060270150703324,2,0.29213674591632444,0,0,True
15,0,Cross,0,Cross,max_nhat,RELIABLE,RELIABLE,21.47386035526441,0.8632502374347429,0.0014243628917673258,2,0.22146113913039478,0,0,True
16,0,Cross,0,Cross,max_nhat,RELIABLE,RELIABLE,19.559778627208132,0.874438829067609,0.0014428240679615547,2,0.2339509226562949,0,0,True
17,0,Cross,0,Cross,max_nhat,RELIABLE,RELIABLE,24.968269462240087,0.8755698124631045,0.0014446901905641224,1,0.3028497334250352,0,0,True
18,0,Cross,0,Cross,max_nhat,RELIABLE,RELIABLE,23.156784950850646,0.8720470049715255,0.001438877558203017,2,0.22640540377997376,0,0,True
19,0,Cross,0,Cross,max_nhat,RELIABLE,RELIABLE,36.973545136957206,0.8574819681663953,0.0014148452474745522,1,0.2847795916127497,0,0,True
20,0,Cross,0,Cross,max_nhat,UNRELIABLE,IDO,38.29563537265922,0.85920038328436,0.001417680632419194,2,0.22467736526950077,0,0,True
21,0,Cross,0,Cross,max_nhat,RELIABLE,RELIABLE,26.594424746114345,0.8638852482639294,0.0014254106596354836,1,0.29130581135190126,0,0,True
22,0,Cross,0,Cross,max_nhat,RELIABLE,RELIABLE,20.017601486367095,0.8718185751712616,0.0014385006490325817,2,0.14913458437825944,0,0,True
23,0,Cross,0,Cross,max_nhat,RELIABLE,RELIABLE,33.24116847038859,0.879029035822637,0.001450397909107351,2,0.22628276874205244,0,0,True
24,0,Cross,0,Cross,max_nhat,RELIABLE,RELIABLE,17.129277897837213,0.8691477691133016,0.0014340938190369476,1,0.2874505408957121,0,0,True
25,0,Cross,0,Cross,max_nhat,RELIABLE,RELIABLE,31.662339631904917,0.8642935779397068,0.0014260844036005163,1,0.2255044891665685,0,0,True
26,0,Cross,0,Cross,max_nhat,RELIABLE,RELIABLE,22.05873061148391,0.8648083044514224,0.001426933702344847,2,0.22113086030321294,0,0,True
27,0,Cross,0,Cross,max_nhat,RELIABLE,RELIABLE,22.889638403980566,0.8660073959380735,0.0014289122032978213,2,0.29518637783189017,0,0,True
28,0,Cross,0,Cross,max_nhat,RELIABLE,RELIABLE,22.87993584359249,0.8726244281990786,0.0014398303065284797,2,0.3005768459711057,0,0,True
29,0,Cross,0,Cross,max_nhat,RELIABLE,RELIABLE,21.98210224689692,0.8693922400558406,0.001434497196092137,2,0.2998956067597416,0,0,True
30,0,Cross,0,Cross,max_nhat,RELIABLE,RELIABLE,20.379603336222903,0.876465156985614,0.0014461675090262631,2,0.3044964525819257,0,0,True
31,0,Cross,0,Cross,max_nhat,UNRELIABLE,IDO,43.42284714985865,0.8597033486402507,0.0014185105252564137,2,0.21999861301111878,0,0,True
32,0,Cross,0,Cross,max_nhat,RELIABLE,RELIABLE,20.068877890259806,0.8679911497230255,0.0014321853970429921,1,0.21649412984832672,0,0,True
33,0,Cross,0,Cross,max_nhat,RELIABLE,RELIABLE,21.58149203219494,0.8732265410828357,0.001440823792786679,2,0.22668124295236847,0,0,True
34,0,Cross,0,Cross,max_nhat,RELIABLE,RELIABLE,24.798459391752512,0.8739441481241359,0.0014420078444048242,2,0.3000515344268362,0,0,True
35,0,Cross,0,Cross,max_nhat,RELIABLE,RELIABLE,23.52394304967774,0.8671247329257484,0.001430755809327485,2,0.15174530846893142,0,0,True
36,0,Cross,0,Cross,max_nhat,RELIABLE,RELIABLE,23.223954865470496,0.8685644352485433,0.0014331313181600964,2,0.22575334381443513,0,0,True
37,0,Cross,0,Cross,max_nhat,UNRELIABLE,IDO,48.09372205489905,0.8638139304458954,0.0014252929852357273,2,0.15527537623553211,0,0,True
38,0,Cross,0,Cross,max_nhat,UNRELIABLE,IDO,49.1647288228869,0.8766351017689786,0.0014464479179188148,2,0.15118154882882573,0,0,True
39,0,Cross,0,Cross,max_nhat,RELIABLE,RELIABLE,18.355823168971042,0.8697261743755551,0.001435048187719666,1,0.28578426361552356,0,0,True
40,0,Cross,0,Cross,max_nhat,RELIABLE,RELIABLE,28.734216008520615,0.8598632611146251,0.0014187743808391313,2,0.20906676609213914,0,0,True
41,0,Cross,0,Cross,max_nhat,RELIABLE,RELIABLE,21.863116372635897,0.8608361216128928,0.0014203796006612731,1,0.29659998413941646,0,0,True
42,0,Cross,0,Cross,max_nhat,RELIABLE,RELIABLE,22.58769445266007,0.8709486547188384,0.0014370652802860834,2,0.22626186574554574,0,0,True
43,0,Cross,0,Cross,max_nhat,UNRELIABLE,IDO,49.143801391359084,0.8563681848814231,0.0014130075050543481,2,0.21381733253797497,0,0,True
44,0,Cross,0,Cross,max_nhat,RELIABLE,RELIABLE,33.7615987468702,0.8587274001891225,0.001416900210312052,2,0.2933063745760106,0,0,True
45,0,Cross,0,Cross,max_nhat,RELIABLE,RELIABLE,21.08499181330807,0.8632703881416838,0.0014243961404337782,2,0.2220126151444971,0,0,True
46,0,Cross,0,Cross,max_nhat,RELIABLE,RELIABLE,22.75446461170693,0.8750619086399417,0.0014438521492559039,2,0.23443007731536225,0,0,True
47,0,Cross,0,Cross,max_nhat,RELIABLE,RELIABLE,19.40965906906025,0.8824129128567492,0.0014559813062136361,1,0.2230231786028175,0,0,True
48,0,Cross,0,Cross,max_nhat,RELIABLE,RELIABLE,33.473228235098475,0.8641455865663885,0.001425840217834541,2,0.2997300155656919,0,0,True
49,0,Cross,0,Cross,max_nhat,RELIABLE,RELIABLE,37.01294853618926,0.8669521349572025,0.001430471022679384,2,0.2357664945284329,0,0,True
50,0,Cross,0,Cross,max_nhat,RELIABLE,RELIABLE,33.37719027946418,0.8791653360321118,0.0014506228044529844,2,0.2293395487874268,0,0,True
51,0,Cross,0,Cross,max_nhat,RELIABLE,RELIABLE,19.30288540839141,0.8647976924449368,0.0014269161925341456,2,0.20906980341856185,0,0,True
52,0,Cross,0,Cross,max_nhat,RELIABLE,RELIABLE,26.19376153794701,0.8608950834410094,0.0014204768876776655,2,0.2254540615659376,0,0,True
53,0,Cross,0,Cross,max_nhat,RELIABLE,RELIABLE,18.399944146645385,0.8628178904228884,0.0014236495191977659,2,0.21795677086312537,0,0,True
54,0,Cross,0,Cross,max_nhat,RELIABLE,RELIABLE,23.0079042365034,0.8636226381794764,0.001424977352996136,1,0.29494109682725256,0,0,True
55,0,Cross,0,Cross,max_nhat,RELIABLE,RELIABLE,33.181321329328085,0.8621875018709243,0.001422609378087025,1,0.2912301788809626,0,0,True
56,0,Cross,0,Cross,max_nhat,RELIABLE,RELIABLE,18.89608666220784,0.8719554920877207,0.0014387265619447392,2,0.2966932791423448,0,0,True
57,0,Cross,0,Cross,max_nhat,OOD,OOD,57.691761064385716,0.8757205887243031,0.0014449389713951002,2,0.23078774686157755,0,0,True
58,0,Cross,0,Cross,max_nhat,RELIABLE,RELIABLE,27.38259301432389,0.8587141574597932,0.0014168783598086587,2,0.2970388406380219,0,0,True
59,0,Cross,0,Cross,max_nhat,RELIABLE,RELIABLE,21.353672177443332,0.8711275143511741,0.0014373603986794373,2,0.22885763200656328,0,0,True
60,0,Cross,0,Cross,max_nhat,RELIABLE,RELIABLE,20.920278298439708,0.866834949600963,0.0014302776668415889,2,0.22770394816241946,0,0,True
61,0,Cross,0,Cross,max_nhat,RELIABLE,RELIABLE,30.93686825876684,0.8617271266326685,0.001421849758943903,1,0.2876802443671994,0,0,True
62,0,Cross,0,Cross,max_nhat,RELIABLE,RELIABLE,27.85855725039865,0.8739728097861401,0.0014420551361471311,1,0.29445301530674506,0,0,True
63,0,Cross,0,Cross,max_nhat,RELIABLE,RELIABLE,23.144518906841054,0.8716312873929005,0.0014381916241982858,2,0.22102445251864444,0,0,True
64,0,Cross,0,Cross,max_nhat,RELIABLE,RELIABLE,19.027166729278164,0.8792002555063503,0.0014506804215854779,2,0.30823388936733276,0,0,True
65,0,Cross,0,Cross,max_nhat,RELIABLE,RELIABLE,31.23030584222285,0.8684781937470798,0.0014329890196826817,2,0.3037903224052525,0,0,True
66,0,Cross,0,Cross,max_nhat,RELIABLE,RELIABLE,20.369166722519363,0.8713290886049636,0.0014376929961981899,2,0.1595070595261967,0,0,True
67,0,Cross,0,Cross,max_nhat,RELIABLE,RELIABLE,27.72667011507853,0.8665679277497809,0.0014298370807871385,2,0.22989351022228754,0,0,True
68,0,Cross,0,Cross,max_nhat,RELIABLE,RELIABLE,29.501540117180117,0.8689581172600475,0.0014337808934790782,2,0.22535419797680356,0,0,True
69,0,Cross,0,Cross,max_nhat,RELIABLE,RELIABLE,34.27109617467014,0.8621117004673063,0.0014224843057710555,2,0.22413871677328345,0,0,True
70,0,Cross,0,Cross,max_nhat,RELIABLE,RELIABLE,20.95740119495713,0.8733444673174574,0.0014410183710738048,2,0.22807812990382703,0,0,True
71,0,Cross,0,Cross,max_nhat,RELIABLE,RELIABLE,21.43591257718036,0.872283229578033,0.0014392673288037543,2,0.14352287986983148,0,0,True
72,0,Cross,0,Cross,max_nhat,RELIABLE,RELIABLE,20.284177002948546,0.8733936135005665,0.0014410994622759347,1,0.2935103101955856,0,0,True
73,0,Cross,0,Cross,max_nhat,RELIABLE,RELIABLE,27.07556154270547,0.8662833150997752,0.001429367469914629,2,0.2277678484265162,0,0,True
74,0,Cross,0,Cross,max_nhat,RELIABLE,RELIABLE,33.32735945203536,0.8476649351637308,0.0013986471430201557,2,0.19945419308809165,0,0,True
75,0,Cross,0,Cross,max_nhat,RELIABLE,RELIABLE,29.002656329039176,0.8708745991697372,0.0014369430886300664,1,0.2925450734394025,0,0,True
76,0,Cross,0,Cross,max_nhat,RELIABLE,RELIABLE,27.49469896673237,0.8655754928400724,0.0014281995631861195,1,0.22471904109145113,0,0,True
77,0,Cross,0,Cross,max_nhat,RELIABLE,RELIABLE,18.6392181149016,0.8698874483115734,0.001435314289714096,1,0.297218226756099,0,0,True
78,0,Cross,0,Cross,max_nhat,RELIABLE,RELIABLE,27.43329285134719,0.8630401738820631,0.0014240162869054041,1,0.28406061429186835,0,0,True
79,0,Cross,0,Cross,max_nhat,RELIABLE,RELIABLE,29.07278687832026,0.8640205195491147,0.0014256338572560393,2,0.3000585901104088,0,0,True
80,0,Cross,0,Cross,max_nhat,RELIABLE,RELIABLE,36.90311097856,0.877238587727562,0.0014474436697504774,2,0.22884424313354879,0,0,True
81,0,Cross,0,Cross,max_nhat,RELIABLE,RELIABLE,24.713880780618982,0.8785338872041488,0.0014495809138868455,1,0.28570205035178353,0,0,True
82,0,Cross,0,Cross,max_nhat,RELIABLE,RELIABLE,21.215452872599183,0.8540604716701519,0.0014091997782557505,2,0.21580377775323745,0,0,True
83,0,Cross,0,Cross,max_nhat,RELIABLE,RELIABLE,27.06551818323427,0.8628558542134087,0.0014237121594521244,2,0.22843551070947532,0,0,True
84,0,Cross,0,Cross,max_nhat,RELIABLE,RELIABLE,27.640779966652254,0.8686149331449297,0.0014332146396891338,1,0.21912380558121292,0,0,True
85,0,Cross,0,Cross,max_nhat,UNRELIABLE,IDO,52.55715329726706,0.8739189388070114,0.0014419662490315688,2,0.22707672439893622,0,0,True
86,0,Cross,0,Cross,max_nhat,RELIABLE,RELIABLE,33.485851095499044,0.8657705538388552,0.001428521413834111,2,0.22113666287428746,0,0,True
87,0,Cross,0,Cross,max_nhat,RELIABLE,RELIABLE,25.798064598742535,0.8554094515119277,0.0014114255949946807,1,0.22218314676384043,0,0,True
88,0,Cross,0,Cross,max_nhat,RELIABLE,RELIABLE,24.737007132208625,0.8627373963148087,0.0014235167039194343,2,0.22275040829800663,0,0,True
89,0,Cross,0,Cross,max_nhat,RELIABLE,RELIABLE,20.32795067802121,0.8797653667064269,0.0014516128550656044,1,0.21934913600731432,0,0,True
90,0,Cross,0,Cross,max_nhat,RELIABLE,RELIABLE,36.98054445603652,0.8822043494592741,0.0014556371766078022,2,0.3035422916586744,0,0,True
91,0,Cross,0,Cross,max_nhat,RELIABLE,RELIABLE,24.771568090009236,0.8692225311734746,0.001434217176436233,2,0.22872030042990443,0,0,True
92,0,Cross,0,Cross,max_nhat,RELIABLE,RELIABLE,22.61364009280039,0.8660930785112535,0.0014290535795435683,1,0.2909398395341425,0,0,True
93,0,Cross,0,Cross,max_nhat,RELIABLE,RELIABLE,28.308798898352293,0.8749996340782555,0.0014437493962291216,2,0.3043054281936215,0,0,True
94,0,Cross,0,Cross,max_nhat,RELIABLE,RELIABLE,26.507253366824763,0.8771882266067806,0.001447360573901188,2,0.2975344157409222,0,0,True
95,0,Cross,0,Cross,max_nhat,RELIABLE,RELIABLE,20.294335703526976,0.8835370286648289,0.0014578360972969677,2,0.23324564308399698,0,0,True
96,0,Cross,0,Cross,max_nhat,RELIABLE,RELIABLE,23.598503499330796,0.8611024398916923,0.0014208190258212924,2,0.2929679789726146,0,0,True
97,0,Cross,0,Cross,max_nhat,RELIABLE,RELIABLE,19.45236104205246,0.8769922540492421,0.0014470372191812495,2,0.3009862990652731,0,0,True
98,0,Cross,0,Cross,max_nhat,RELIABLE,RELIABLE,32.37772991074599,0.8542993346844041,0.0014095939022292668,2,0.22184938609980953,0,0,True
99,0,Cross,0,Cross,max_nhat,RELIABLE,RELIABLE,22.469032014993388,0.8707324848993934,0.001436708600083999,2,0.29722538001590226,0,0,True
100,0,Cross,1,Circle,max_nhat,RELIABLE,RELIABLE,37.285184748198745,0.8168014011188068,0.0013477223118460312,0,0.20708627813639213,1,1,True
101,0,Cross,1,Circle,max_nhat,RELIABLE,RELIABLE,33.735883789062946,0.8110674054043857,0.0013382612189172364,0,0.28211077490505676,1,1,True
102,0,Cross,1,Circle,max_nhat,UNRELIABLE,IDO,44.848608215484376,0.8137267762973618,0.0013426491808906469,0,0.28165238879891774,1,1,True
103,0,Cross,1,Circle,max_nhat,RELIABLE,RELIABLE,21.64195396551667,0.8132960002360724,0.0013419384003895195,0,0.20361266792962252,1,1,True
104,0,Cross,1,Circle,max_nhat,RELIABLE,RELIABLE,25.495146427397323,0.8223280582914951,0.001356841296180967,0,0.14028757400033987,1,1,True
105,0,Cross,1,Circle,max_nhat,UNRELIABLE,IDO,45.70343760524109,0.8090973930694488,0.0013350106985645905,0,0.2000510346804425,1,1,True
106,0,Cross,1,Circle,max_nhat,OOD,OOD,73.88378104636969,0.8132696326790035,0.0013418948939203559,0,0.2847448306771415,1,1,True
107,0,Cross,1,Circle,max_nhat,RELIABLE,RELIABLE,33.51993914130847,0.7973956546824373,0.0013157028302260216,0,0.12257022079942326,1,1,True
108,0,Cross,1,Circle,max_nhat,RELIABLE,RELIABLE,20.94172902132562,0.81415340124406,0.001343353112052699,0,0.28232316206004904,1,1,True
109,0,Cross,1,Circle,max_nhat,RELIABLE,RELIABLE,32.708180235049284,0.8018477738608383,0.0013230488268703832,0,0.13296479569850428,1,1,True
110,0,Cross,1,Circle,max_nhat,RELIABLE,RELIABLE,29.257666216158412,0.8127171716627882,0.0013409833332436005,0,0.28458309193586495,1,1,True
111,0,Cross,1,Circle,max_nhat,UNRELIABLE,IDO,43.681980483956565,0.8120738288558816,0.0013399218176122047,0,0.13241646797603068,1,1,True
112,0,Cross,1,Circle,max_nhat,RELIABLE,RELIABLE,31.87708070713713,0.8150798766803126,0.0013448817965225157,0,0.2783109092623792,1,1,True
113,0,Cross,1,Circle,max_nhat,UNRELIABLE,IDO,38.635498314843055,0.8254684259041309,0.001362022902741816,0,0.28735500975949624,1,1,True
114,0,Cross,1,Circle,max_nhat,RELIABLE,RELIABLE,29.377746035249313,0.8084270695297956,0.0013339046647241628,0,0.2049762292215751,1,1,True
115,0,Cross,1,Circle,max_nhat,RELIABLE,RELIABLE,21.496204714097164,0.8220453943754413,0.0013563749007194782,0,0.22010857364299952,1,1,True
116,0,Cross,1,Circle,max_nhat,UNRELIABLE,IDO,38.20248049684102,0.7993996088459211,0.0013190093545957697,0,0.12356609030164933,1,1,True
117,0,Cross,1,Circle,max_nhat,RELIABLE,RELIABLE,19.04344428265068,0.8359807903310034,0.0013793683040461556,0,0.2156014722832308,1,1,True
118,0,Cross,1,Circle,max_nhat,RELIABLE,RELIABLE,22.712456662420706,0.8095924760006615,0.0013358275854010915,0,0.20542922693463106,1,1,True
119,0,Cross,1,Circle,max_nhat,RELIABLE,RELIABLE,23.239861564504416,0.8078298083567639,0.0013329191837886604,0,0.20355457245625652,1,1,True
120,0,Cross,1,Circle,max_nhat,RELIABLE,RELIABLE,32.03170138301284,0.8355072901062132,0.0013785870286752518,0,0.22176646005061573,1,1,True
121,0,Cross,1,Circle,max_nhat,UNRELIABLE,IDO,41.225531048467005,0.830288754010041,0.0013699764441165677,0,0.22321768062527914,1,1,True
122,0,Cross,1,Circle,max_nhat,RELIABLE,RELIABLE,25.941262959012253,0.8115158658071802,0.0013390011785818473,0,0.2038359880698014,1,1,True
123,0,Cross,1,Circle,max_nhat,RELIABLE,RELIABLE,21.322290916346038,0.8119160013727015,0.0013396614022649575,0,0.2116276979434143,1,1,True
124,0,Cross,1,Circle,max_nhat,RELIABLE,RELIABLE,31.23593253032345,0.8307568536554515,0.001370748808531495,0,0.2872830634949486,1,1,True
125,0,Cross,1,Circle,max_nhat,RELIABLE,RELIABLE,31.27520970483417,0.8178757747812857,0.0013494950283891214,0,0.21810907948967384,1,1,True
126,0,Cross,1,Circle,max_nhat,RELIABLE,RELIABLE,23.861945918766715,0.8191419505309526,0.0013515842183760719,0,0.13925901054618361,1,1,True
127,0,Cross,1,Circle,max_nhat,RELIABLE,RELIABLE,21.683253630010626,0.8209133830432385,0.0013545070820213435,0,0.21648729395443156,1,1,True
128,0,Cross,1,Circle,max_nhat,OOD,OOD,52.63044447745226,0.8181112059641423,0.0013498834898408349,0,0.22530496852630788,1,1,True
129,0,Cross,1,Circle,max_nhat,UNRELIABLE,IDO,47.931121834971876,0.8354394917226171,0.0013784751613423183,0,0.2968554623626336,1,1,True
130,0,Cross,1,Circle,max_nhat,RELIABLE,RELIABLE,30.373206725912926,0.8214907241344896,0.001355459694821908,0,0.21389520074419266,1,1,True
131,0,Cross,1,Circle,max_nhat,RELIABLE,RELIABLE,24.71298274597055,0.8099835055099237,0.001336472784091374,0,0.12739482359067933,1,1,True
132,0,Cross,1,Circle,max_nhat,UNRELIABLE,IDO,45.72376467730172,0.8079312521832536,0.0013330865661023684,0,0.20892756817899005,1,1,True
133,0,Cross,1,Circle,max_nhat,RELIABLE,RELIABLE,28.756746099756434,0.8239729236577994,0.001359555324035369,0,0.21078632815450282,1,1,True
134,0,Cross,1,Circle,max_nhat,RELIABLE,RELIABLE,32.754865595678574,0.7995926904371506,0.0013193279392212985,0,0.2709346998681563,1,1,True
135,0,Cross,1,Circle,max_nhat,RELIABLE,RELIABLE,33.59653277065318,0.8035709161199811,0.0013258920115979689,0,0.27741243138040717,1,1,True
136,0,Cross,1,Circle,max_nhat,RELIABLE,RELIABLE,22.837947749688237,0.7998384792513176,0.001319733490764674,0,0.27312787206739353,1,1,True
137,0,Cross,1,Circle,max_nhat,RELIABLE,RELIABLE,30.526444360120365,0.8290034332535442,0.001367855664868348,0,0.2190903881302123,1,1,True
138,0,Cross,1,Circle,max_nhat,RELIABLE,RELIABLE,36.44921401648554,0.8160294560186983,0.001346448602430852,0,0.2088944119649414,1,1,True
139,0,Cross,1,Circle,max_nhat,UNRELIABLE,IDO,43.54280071238962,0.8094014455494726,0.0013355123851566298,0,0.2745707631681914,1,1,True
140,0,Cross,1,Circle,max_nhat,RELIABLE,RELIABLE,27.799524651683523,0.8208831660385422,0.0013544572239635945,0,0.20975327621262063,1,1,True
141,0,Cross,1,Circle,max_nhat,UNRELIABLE,IDO,39.291155449499115,0.8055190449353633,0.0013291064241433494,0,0.20287553765118538,1,1,True
142,0,Cross,1,Circle,max_nhat,OOD,OOD,79.69583897477482,0.7941696970152343,0.0013103800000751366,0,0.27067960988279394,1,1,True
143,0,Cross,1,Circle,max_nhat,RELIABLE,RELIABLE,37.081500481727176,0.8221439728879991,0.0013565375552651985,0,0.28444170668383617,1,1,True
144,0,Cross,1,Circle,max_nhat,RELIABLE,RELIABLE,35.178572883019,0.8115016301176057,0.0013389776896940494,0,0.2032853465002088,1,1,True
145,0,Cross,1,Circle,max_nhat,RELIABLE,RELIABLE,23.374955931381443,0.8001252989645874,0.0013202067432915691,0,0.20232041884055385,1,1,True
146,0,Cross,1,Circle,max_nhat,UNRELIABLE,IDO,43.41019272772916,0.8114017817966461,0.001338812939964466,0,0.2820981413945921,1,1,True
147,0,Cross,1,Circle,max_nhat,RELIABLE,RELIABLE,27.585010111455542,0.8040727926024114,0.0013267201077939788,0,0.2006802542395606,1,1,True
148,0,Cross,1,Circle,max_nhat,RELIABLE,RELIABLE,25.387930352966965,0.8266502621595528,0.0013639729325632623,0,0.21846101030391396,1,1,True
149,0,Cross,1,Circle,max_nhat,RELIABLE,RELIABLE,19.11916966414312,0.843860670695691,0.0013923701066478902,0,0.30612233416345724,1,1,True
150,0,Cross,1,Circle,max_nhat,RELIABLE,RELIABLE,26.675670097217328,0.8488167371275677,0.0014005476162604867,0,0.22677673612698201,1,1,True
151,0,Cross,1,Circle,max_nhat,OOD,OOD,58.18712513536789,0.8288425708952385,0.0013675902419771435,0,0.2246039507585782,1,1,True
152,0,Cross,1,Circle,max_nhat,UNRELIABLE,IDO,52.085161516559424,0.8051147325390848,0.00132843930868949,0,0.20324263240382578,1,1,True
153,0,Cross,1,Circle,max_nhat,UNRELIABLE,IDO,47.71272600148809,0.8229786751831373,0.0013579148140521766,0,0.28567948355855444,1,1,True
154,0,Cross,1,Circle,max_nhat,OOD,OOD,80.21293457363764,0.8274683050941102,0.0013653227034052817,0,0.28944591929621144,1,1,True
155,0,Cross,1,Circle,max_nhat,UNRELIABLE,IDO,48.72743614064313,0.8238742110189746,0.001359392448181308,0,0.14699251310669326,1,1,True
156,0,Cross,1,Circle,max_nhat,UNRELIABLE,IDO,43.872949578734385,0.8150740970669125,0.0013448722601604056,0,0.207478216603882,1,1,True
157,0,Cross,1,Circle,max_nhat,RELIABLE,RELIABLE,25.199670580485716,0.8128179299055149,0.0013411495843440996,0,0.28772118431543536,1,1,True
158,0,Cross,1,Circle,max_nhat,UNRELIABLE,IDO,47.62746680356424,0.8079289827700527,0.001333082821570587,0,0.28075187968111814,1,1,True
159,0,Cross,1,Circle,max_nhat,UNRELIABLE,IDO,42.169487555523574,0.7955405713426681,0.0013126419427154023,0,0.1920223540707242,1,1,True
160,0,Cross,1,Circle,max_nhat,RELIABLE,RELIABLE,22.49314253184342,0.8185889897446355,0.0013506718330786485,0,0.2787914016048517,1,1,True
161,0,Cross,1,Circle,max_nhat,RELIABLE,RELIABLE,25.215287017188942,0.8158410848610407,0.001346137790020717,0,0.28438103644193524,1,1,True
162,0,Cross,1,Circle,max_nhat,RELIABLE,RELIABLE,19.33748121739456,0.8215016779018278,0.001355477768538016,0,0.287778249021173,1,1,True
163,0,Cross,1,Circle,max_nhat,RELIABLE,RELIABLE,22.832490020208994,0.8196454189073247,0.0013524149411970857,0,0.3004218950132125,1,1,True
164,0,Cross,1,Circle,max_nhat,UNRELIABLE,IDO,37.87094159719861,0.8147650277615266,0.0013443622958065188,0,0.2821646152284918,1,1,True
165,0,Cross,1,Circle,max_nhat,RELIABLE,RELIABLE,23.80336146306258,0.7967410695854942,0.0013146227648160654,0,0.26828245220843927,1,1,True
166,0,Cross,1,Circle,max_nhat,OOD,OOD,78.88410295317038,0.8107190253793722,0.0013376863918759642,0,0.279904501985063,1,1,True
167,0,Cross,1,Circle,max_nhat,RELIABLE,RELIABLE,25.790214693779635,0.8140215524866898,0.0013431355616030382,0,0.2812911774673448,1,1,True
168,0,Cross,1,Circle,max_nhat,RELIABLE,RELIABLE,25.214716963660276,0.819316473800604,0.0013518721817709965,0,0.20882137102190834,1,1,True
169,0,Cross,1,Circle,max_nhat,RELIABLE,RELIABLE,34.003551260336586,0.8005130767587555,0.0013208465766519465,0,0.2726085093182453,1,1,True
170,0,Cross,1,Circle,max_nhat,UNRELIABLE,IDO,45.75666640296398,0.8223565959449524,0.0013568883833091714,0,0.2870156923971524,1,1,True
171,0,Cross,1,Circle,max_nhat,RELIABLE,RELIABLE,30.662561649007813,0.8238811421181675,0.0013594038844949765,0,0.28730280678063413,1,1,True
172,0,Cross,1,Circle,max_nhat,RELIABLE,RELIABLE,31.88748060260099,0.8122183135835374,0.0013401602174128366,0,0.2791677516528197,1,1,True
173,0,Cross,1,Circle,max_nhat,RELIABLE,RELIABLE,34.66557883367236,0.8158536929970713,0.0013461585934451676,0,0.20078579359760074,1,1,True
174,0,Cross,1,Circle,max_nhat,UNRELIABLE,IDO,39.66265214630919,0.822799521534711,0.0013576192105322733,0,0.13155827072769466,1,1,True
175,0,Cross,1,Circle,max_nhat,RELIABLE,RELIABLE,36.8288427568715,0.818440771708445,0.0013504272733189343,0,0.2876518446341858,1,1,True
176,0,Cross,1,Circle,max_nhat,RELIABLE,RELIABLE,37.16902009347679,0.8356716814228007,0.0013788582743476212,0,0.30532037102176635,1,1,True
177,0,Cross,1,Circle,max_nhat,RELIABLE,RELIABLE,27.344155018022157,0.8066732675570478,0.0013310108914691289,0,0.13132813063976567,1,1,True
178,0,Cross,1,Circle,max_nhat,UNRELIABLE,IDO,45.471087251692424,0.7946658633143059,0.0013111986744686046,0,0.20001820391186798,1,1,True
179,0,Cross,1,Circle,max_nhat,OOD,OOD,66.06648939585303,0.8117419265207465,0.0013393741787592318,0,0.20506161965107517,1,1,True
180,0,Cross,1,Circle,max_nhat,UNRELIABLE,IDO,41.744483849945276,0.8086136308337198,0.0013342124908756376,0,0.28753630581550604,1,1,True
181,0,Cross,1,Circle,max_nhat,RELIABLE,RELIABLE,23.533354832702976,0.8274547572233014,0.0013653003494184474,0,0.2276421361437605,1,1,True
182,0,Cross,1,Circle,max_nhat,RELIABLE,RELIABLE,33.14845686510964,0.8074907570147574,0.0013323597490743496,0,0.198767311246964,1,1,True
183,0,Cross,1,Circle,max_nhat,RELIABLE,RELIABLE,21.133787697374856,0.832525711193955,0.0013736674234700258,0,0.2306051547175615,1,1,True
184,0,Cross,1,Circle,max_nhat,RELIABLE,RELIABLE,20.86411758928287,0.8234635991274958,0.0013587149385603681,0,0.2109225218920271,1,1,True
185,0,Cross,1,Circle,max_nhat,RELIABLE,RELIABLE,21.562938905301596,0.8141221299752017,0.0013433015144590828,0,0.21500281610071925,1,1,True
186,0,Cross,1,Circle,max_nhat,RELIABLE,RELIABLE,27.76696270446871,0.8248824079881351,0.0013610559731804229,0,0.28733725447223846,1,1,True
187,0,Cross,1,Circle,max_nhat,RELIABLE,RELIABLE,28.906258433470587,0.8271954128629594,0.001364872431223883,0,0.20930717986071212,1,1,True
188,0,Cross,1,Circle,max_nhat,RELIABLE,RELIABLE,37.525544834169175,0.800907509459539,0.0013214973906082394,0,0.19731917587226488,1,1,True
189,0,Cross,1,Circle,max_nhat,RELIABLE,RELIABLE,21.44762030561401,0.8197867533183402,0.0013526481429752613,0,0.22239194541479979,1,1,True
190,0,Cross,1,Circle,max_nhat,RELIABLE,RELIABLE,20.92175192448994,0.8430473919573023,0.0013910281967295488,0,0.23634556264766338,1,1,True
191,0,Cross,1,Circle,max_nhat,RELIABLE,RELIABLE,35.1788068187306,0.8325024031705992,0.0013736289652314887,0,0.2990111952802106,1,1,True
192,0,Cross,1,Circle,max_nhat,RELIABLE,RELIABLE,35.573662966712156,0.8174700681092552,0.001348825612380271,0,0.28877979210734106,1,1,True
193,0,Cross,1,Circle,max_nhat,RELIABLE,RELIABLE,29.57509172559452,0.7897272923328108,0.0013030500323491377,0,0.1895106673304764,1,1,True
194,0,Cross,1,Circle,max_nhat,UNRELIABLE,IDO,40.01151906249192,0.7993223138453989,0.0013188818178449082,0,0.11500351174995438,1,1,True
195,0,Cross,1,Circle,max_nhat,OOD,OOD,87.37791814977044,0.8320982770965772,0.0013729621572093524,0,0.2924190898022393,1,1,True
196,0,Cross,1,Circle,max_nhat,UNRELIABLE,IDO,42.24778842071022,0.8181125910084968,0.0013498857751640197,0,0.2809695614852842,1,1,True
197,0,Cross,1,Circle,max_nhat,RELIABLE,RELIABLE,19.08199690489705,0.8266356061984842,0.0013639487502274989,0,0.3004638905538001,1,1,True
198,0,Cross,1,Circle,max_nhat,RELIABLE,RELIABLE,35.67951210553118,0.8214235936898068,0.001355348929588181,0,0.2156113204015826,1,1,True
199,0,Cross,1,Circle,max_nhat,UNRELIABLE,IDO,43.299718394532455,0.8276807988391837,0.001365673318084653,0,0.21945332943726137,1,1,True
200,0,Cross,2,Triangle,max_nhat,RELIABLE,RELIABLE,25.574283307489154,0.8635509762453392,0.0014248591108048097,0,0.28965588345415916,2,2,True
201,0,Cross,2,Triangle,max_nhat,UNRELIABLE,IDO,41.16011754391513,0.8639067832804119,0.0014254461924126797,0,0.2975647481673608,2,2,True
202,0,Cross,2,Triangle,max_nhat,RELIABLE,RELIABLE,19.54299073553005,0.8727876219116398,0.0014400995761542057,0,0.29692913662951936,2,2,True
203,0,Cross,2,Triangle,max_nhat,RELIABLE,RELIABLE,35.51709841470569,0.8679078020971258,0.0014320478734602576,0,0.29321853142298626,2,2,True
204,0,Cross,2,Triangle,max_nhat,RELIABLE,RELIABLE,22.760914942537074,0.8719291108663193,0.0014386830329294268,0,0.22038259178625696,2,2,True
205,0,Cross,2,Triangle,max_nhat,RELIABLE,RELIABLE,24.30504594524978,0.8710594494010933,0.001437248091511804,0,0.2241607852188644,2,2,True
206,0,Cross,2,Triangle,max_nhat,RELIABLE,RELIABLE,26.432881623735366,0.864780013459581,0.0014268870222083087,0,0.22498634598756828,2,2,True
207,0,Cross,2,Triangle,max_nhat,RELIABLE,RELIABLE,30.996912688682873,0.8666493549685035,0.0014299714356980308,0,0.29702120023597756,2,2,True
208,0,Cross,2,Triangle,max_nhat,RELIABLE,RELIABLE,28.474857606579175,0.8732832548855899,0.0014409173705612233,0,0.22699562711817367,2,2,True
209,0,Cross,2,Triangle,max_nhat,RELIABLE,RELIABLE,22.890219506268437,0.8716980095983254,0.001438301715837237,0,0.22652468806446857,2,2,True
210,0,Cross,2,Triangle,max_nhat,RELIABLE,RELIABLE,27.584802805987373,0.8631546059956124,0.0014242050998927605,0,0.2196042868252912,2,2,True
211,0,Cross,2,Triangle,max_nhat,RELIABLE,RELIABLE,24.97976679693607,0.85945041203008,0.001418093179849632,0,0.1438628430454213,2,2,True
212,0,Cross,2,Triangle,max_nhat,RELIABLE,RELIABLE,29.328158666431836,0.865531366676591,0.0014281267550163752,0,0.2276783853502835,2,2,True
213,0,Cross,2,Triangle,max_nhat,RELIABLE,RELIABLE,23.542699465984498,0.8672010201456524,0.0014308816832403265,0,0.22299822870886388,2,2,True
214,0,Cross,2,Triangle,max_nhat,RELIABLE,RELIABLE,29.176300778036214,0.8599600265171514,0.0014189340437532998,0,0.2190465137867763,2,2,True
215,0,Cross,2,Triangle,max_nhat,RELIABLE,RELIABLE,23.72832345814799,0.8779923742087365,0.0014486874174444153,0,0.22983166324458848,2,2,True
216,0,Cross,2,Triangle,max_nhat,RELIABLE,RELIABLE,36.3297770037225,0.8625465386881545,0.0014232017888354549,0,0.29415483617967564,2,2,True
217,0,Cross,2,Triangle,max_nhat,RELIABLE,RELIABLE,19.978676681672944,0.8707674927126846,0.0014367663629759296,0,0.2235545482060287,2,2,True
218,0,Cross,2,Triangle,max_nhat,RELIABLE,RELIABLE,23.93314042518633,0.8828288328180462,0.0014566675741497764,0,0.3030234438175249,2,2,True
219,0,Cross,2,Triangle,max_nhat,RELIABLE,RELIABLE,25.256304185251857,0.8743288635675978,0.0014426426248865362,0,0.29490178393229094,2,2,True
220,0,Cross,2,Triangle,max_nhat,RELIABLE,RELIABLE,32.564176612568765,0.8557499086782033,0.0014119873493190355,0,0.2908653278999813,2,2,True
221,0,Cross,2,Triangle,max_nhat,RELIABLE,RELIABLE,30.21600843384667,0.869303074388157,0.001434350072740459,0,0.2949325368317164,2,2,True
222,0,Cross,2,Triangle,max_nhat,RELIABLE,RELIABLE,34.927613584058584,0.8714632833784143,0.0014379144175743835,0,0.2943345626977436,2,2,True
223,0,Cross,2,Triangle,max_nhat,RELIABLE,RELIABLE,30.656757663505015,0.8670293889321413,0.0014305984917380333,0,0.2958833863935415,2,2,True
224,0,Cross,2,Triangle,max_nhat,RELIABLE,RELIABLE,29.807573250380596,0.8651203143723166,0.0014274485187143224,0,0.15165938842568294,2,2,True
225,0,Cross,2,Triangle,max_nhat,RELIABLE,RELIABLE,19.902865634275514,0.8756457462177679,0.001444815481259317,0,0.22510816176874882,2,2,True
226,0,Cross,2,Triangle,max_nhat,RELIABLE,RELIABLE,23.054092049297434,0.8778905532783408,0.0014485194129092622,0,0.22511937569843743,2,2,True
227,0,Cross,2,Triangle,max_nhat,RELIABLE,RELIABLE,23.385264559277008,0.8621123262281425,0.001422485338276435,0,0.2249710412622581,2,2,True
228,0,Cross,2,Triangle,max_nhat,RELIABLE,RELIABLE,24.32596854114123,0.8684182814859887,0.0014328901644518812,0,0.23006055619662824,2,2,True
229,0,Cross,2,Triangle,max_nhat,RELIABLE,RELIABLE,33.94957770085684,0.8655768223325482,0.0014282017568487044,0,0.29746579015823993,2,2,True
230,0,Cross,2,Triangle,max_nhat,RELIABLE,RELIABLE,21.539198532970055,0.8691602923581145,0.001434114482390889,0,0.22637748490296095,2,2,True
231,0,Cross,2,Triangle,max_nhat,UNRELIABLE,IDO,39.07200167270681,0.8699617843659032,0.0014354369442037404,0,0.2975078120269464,2,2,True
232,0,Cross,2,Triangle,max_nhat,RELIABLE,RELIABLE,28.215960594943766,0.8658312331776074,0.001428621534743052,0,0.22167618834247627,2,2,True
233,0,Cross,2,Triangle,max_nhat,RELIABLE,RELIABLE,27.40011215141606,0.8616877976946102,0.001421784866196107,0,0.21838752705279618,2,2,True
234,0,Cross,2,Triangle,max_nhat,RELIABLE,RELIABLE,37.337811467193205,0.8598900027062538,0.0014188185044653188,0,0.2970679701041742,2,2,True
235,0,Cross,2,Triangle,max_nhat,RELIABLE,RELIABLE,24.98098185169046,0.8619974147391536,0.0014222957343196035,0,0.22453088377010144,2,2,True
236,0,Cross,2,Triangle,max_nhat,RELIABLE,RELIABLE,22.272059046181873,0.8702854163660173,0.0014359709370039286,0,0.22404842622435628,2,2,True
237,0,Cross,2,Triangle,max_nhat,RELIABLE,RELIABLE,32.66894754227655,0.8575036184188455,0.001414880970391095,0,0.2971518172747233,2,2,True
238,0,Cross,2,Triangle,max_nhat,RELIABLE,RELIABLE,24.94122885536351,0.8588121151845383,0.0014170399900544882,0,0.22163006587242517,2,2,True
239,0,Cross,2,Triangle,max_nhat,RELIABLE,RELIABLE,25.85702891528308,0.8632944322155777,0.001424435813155703,0,0.23016342968498305,2,2,True
240,0,Cross,2,Triangle,max_nhat,RELIABLE,RELIABLE,22.17677588058292,0.8581244065113675,0.0014159052707437563,0,0.2923983782049866,2,2,True
241,0,Cross,2,Triangle,max_nhat,RELIABLE,RELIABLE,29.38730564160333,0.8648100293257047,0.0014269365483874127,0,0.3009208412448905,2,2,True
242,0,Cross,2,Triangle,max_nhat,RELIABLE,RELIABLE,34.95147468389476,0.8644443970018963,0.001426333255053129,0,0.2236078951184447,2,2,True
243,0,Cross,2,Triangle,max_nhat,RELIABLE,RELIABLE,27.556888293440213,0.8621671791877598,0.0014225758456598036,0,0.21898054109723097,2,2,True
244,0,Cross,2,Triangle,max_nhat,RELIABLE,RELIABLE,29.90709685980745,0.8617303580734037,0.0014218550908211161,0,0.2963792685390503,2,2,True
245,0,Cross,2,Triangle,max_nhat,RELIABLE,RELIABLE,22.827890317678296,0.8665437699156991,0.0014297972203609036,0,0.22420385480557503,2,2,True
246,0,Cross,2,Triangle,max_nhat,RELIABLE,RELIABLE,26.654338893840993,0.8745918817572457,0.0014430766048994553,0,0.2287710425762428,2,2,True
247,0,Cross,2,Triangle,max_nhat,RELIABLE,RELIABLE,23.35618291270039,0.8632331103014558,0.001424334631997402,0,0.29666544266241945,2,2,True
248,0,Cross,2,Triangle,max_nhat,RELIABLE,RELIABLE,30.368225256817258,0.8705668821181572,0.0014364353554949594,0,0.22202949980400188,2,2,True
249,0,Cross,2,Triangle,max_nhat,RELIABLE,RELIABLE,21.51443781411252,0.872056824534128,0.0014388937604813113,0,0.14868214461796359,2,2,True
250,0,Cross,2,Triangle,max_nhat,RELIABLE,RELIABLE,34.04105469258333,0.859911270281617,0.0014188535959646679,0,0.22181861588236407,2,2,True
251,0,Cross,2,Triangle,max_nhat,RELIABLE,RELIABLE,30.618323308572666,0.8589315100741739,0.001417236991622387,0,0.28832853840781203,2,2,True
252,0,Cross,2,Triangle,max_nhat,RELIABLE,RELIABLE,30.97810576513815,0.8694271710826448,0.001434554832286364,0,0.22352467338549908,2,2,True
253,0,Cross,2,Triangle,max_nhat,RELIABLE,RELIABLE,30.114198651456814,0.8628320860296431,0.0014236729419489112,0,0.29359734119885716,2,2,True
254,0,Cross,2,Triangle,max_nhat,RELIABLE,RELIABLE,21.02124344931812,0.869424502774875,0.001434550429578544,0,0.2960543030198931,2,2,True
255,0,Cross,2,Triangle,max_nhat,RELIABLE,RELIABLE,37.24651194299826,0.8652999897859255,0.001427744983146777,0,0.3022973325245465,2,2,True
256,0,Cross,2,Triangle,max_nhat,RELIABLE,RELIABLE,28.398749759349325,0.8743648368707208,0.0014427019808366892,0,0.22279149782413543,2,2,True
257,0,Cross,2,Triangle,max_nhat,RELIABLE,RELIABLE,21.1162589594573,0.8590049140727356,0.0014173581082200138,0,0.14207499186741168,2,2,True
258,0,Cross,2,Triangle,max_nhat,RELIABLE,RELIABLE,26.360854525523,0.8633363957372364,0.00142450505296644,0,0.29722418887564994,2,2,True
259,0,Cross,2,Triangle,max_nhat,RELIABLE,RELIABLE,27.980076752371772,0.863702052423107,0.0014251083864981267,0,0.22383121537490336,2,2,True
260,0,Cross,2,Triangle,max_nhat,RELIABLE,RELIABLE,32.03526285911883,0.8689099166536756,0.0014337013624785646,0,0.29315894819116683,2,2,True
261,0,Cross,2,Triangle,max_nhat,RELIABLE,RELIABLE,22.34561540366131,0.8568265668121827,0.0014137638352401014,0,0.22144889971636117,2,2,True
262,0,Cross,2,Triangle,max_nhat,RELIABLE,RELIABLE,34.84708646635004,0.8706415142365599,0.0014365584984903238,0,0.2954818181636285,2,2,True
263,0,Cross,2,Triangle,max_nhat,RELIABLE,RELIABLE,27.23693001701144,0.8681723207487346,0.001432484329235412,0,0.29453551713627657,2,2,True
264,0,Cross,2,Triangle,max_nhat,UNRELIABLE,IDO,38.774308579792695,0.8786007812098682,0.0014496912889962825,0,0.30496159167724557,2,2,True
265,0,Cross,2,Triangle,max_nhat,RELIABLE,RELIABLE,25.1542130183361,0.8710033739726174,0.0014371555670548188,0,0.2235532742974039,2,2,True
266,0,Cross,2,Triangle,max_nhat,RELIABLE,RELIABLE,34.440552818344194,0.8562491759683983,0.0014128111403478572,0,0.21931374821215222,2,2,True
267,0,Cross,2,Triangle,max_nhat,RELIABLE,RELIABLE,25.196471660467132,0.8677956594387178,0.0014318628380738845,0,0.3008369807339607,2,2,True
268,0,Cross,2,Triangle,max_nhat,RELIABLE,RELIABLE,22.720617771778553,0.8628441618327516,0.00142369286702404,0,0.22690971428182394,2,2,True
269,0,Cross,2,Triangle,max_nhat,RELIABLE,RELIABLE,19.55369664742711,0.8660246321837398,0.0014289406431031706,0,0.22298944511425867,2,2,True
270,0,Cross,2,Triangle,max_nhat,RELIABLE,RELIABLE,32.280813601471856,0.868193674797115,0.0014325195634152397,0,0.22477451628165224,2,2,True
271,0,Cross,2,Triangle,max_nhat,RELIABLE,RELIABLE,24.995516106934627,0.8653544563567127,0.001427834852988576,0,0.2292499158935445,2,2,True
272,0,Cross,2,Triangle,max_nhat,RELIABLE,RELIABLE,26.244675372921566,0.863315100594497,0.00142446991598092,0,0.2939506877771654,2,2,True
273,0,Cross,2,Triangle,max_nhat,RELIABLE,RELIABLE,22.883470773370092,0.8707703550355995,0.0014367710858087391,0,0.22650259924127913,2,2,True
274,0,Cross,2,Triangle,max_nhat,RELIABLE,RELIABLE,29.1628126819933,0.8657467122199464,0.0014284820751629115,0,0.22108789782588978,2,2,True
275,0,Cross,2,Triangle,max_nhat,RELIABLE,RELIABLE,27.971111233704864,0.8652238760716575,0.001427619395518235,0,0.2190844800140882,2,2,True
276,0,Cross,2,Triangle,max_nhat,RELIABLE,RELIABLE,33.44094359401462,0.8717670622964372,0.0014384156527891213,0,0.22572090395187683,2,2,True
277,0,Cross,2,Triangle,max_nhat,RELIABLE,RELIABLE,34.18231741208947,0.868254866432788,0.0014326205296141003,0,0.29813693690871035,2,2,True
278,0,Cross,2,Triangle,max_nhat,RELIABLE,RELIABLE,33.511621280219984,0.8725835737857018,0.001439762896746408,0,0.29737220030048106,2,2,True
279,0,Cross,2,Triangle,max_nhat,RELIABLE,RELIABLE,30.06001323910189,0.8638979831345548,0.0014254316721720153,0,0.21025622666559318,2,2,True
280,0,Cross,2,Triangle,max_nhat,RELIABLE,RELIABLE,25.33304898108241,0.8712086156838819,0.001437494215878405,0,0.3022801451965087,2,2,True
281,0,Cross,2,Triangle,max_nhat,UNRELIABLE,IDO,37.93407859594123,0.865354275473224,0.0014278345545308195,0,0.29306956625539526,2,2,True
282,0,Cross,2,Triangle,max_nhat,RELIABLE,RELIABLE,21.63482292998176,0.8653886467753718,0.0014278912671793634,0,0.14819161960100036,2,2,True
283,0,Cross,2,Triangle,max_nhat,RELIABLE,RELIABLE,30.613609254771898,0.858996316103104,0.0014173439215701216,0,0.2925201668825357,2,2,True
284,0,Cross,2,Triangle,max_nhat,RELIABLE,RELIABLE,26.568750201262944,0.8762013017776771,0.0014457321479331672,0,0.2324221315006787,2,2,True
285,0,Cross,2,Triangle,max_nhat,RELIABLE,RELIABLE,25.330069858342828,0.8552515501157743,0.0014111650576910276,0,0.14553397117350586,2,2,True
286,0,Cross,2,Triangle,max_nhat,RELIABLE,RELIABLE,21.907543869316715,0.8674124589459195,0.0014312305572607672,0,0.2990586732548638,2,2,True
287,0,Cross,2,Triangle,max_nhat,RELIABLE,RELIABLE,33.82183974010244,0.857805493214638,0.0014153790638041525,0,0.28809286142817814,2,2,True
288,0,Cross,2,Triangle,max_nhat,RELIABLE,RELIABLE,23.071102619432487,0.860378848406372,0.0014196250998705139,0,0.214559840684322,2,2,True
289,0,Cross,2,Triangle,max_nhat,UNRELIABLE,IDO,41.446504242664815,0.8673360719522822,0.0014311045187212657,0,0.2960321440887196,2,2,True
290,0,Cross,2,Triangle,max_nhat,RELIABLE,RELIABLE,28.324311031393524,0.8750447432373418,0.001443823826341614,0,0.23161343106976373,2,2,True
291,0,Cross,2,Triangle,max_nhat,RELIABLE,RELIABLE,34.42127077190178,0.8643651495105331,0.0014262024966923796,0,0.3001495398219285,2,2,True
292,0,Cross,2,Triangle,max_nhat,RELIABLE,RELIABLE,25.92155726680454,0.8598749668379567,0.0014187936952826286,0,0.22468853997632676,2,2,True
293,0,Cross,2,Triangle,max_nhat,RELIABLE,RELIABLE,21.3818269871711,0.8677123029767444,0.0014317252999116283,0,0.22084428979006987,2,2,True
294,0,Cross,2,Triangle,max_nhat,RELIABLE,RELIABLE,23.23190256175762,0.8589988965562191,0.0014173481793177615,0,0.21926382151883061,2,2,True
295,0,Cross,2,Triangle,max_nhat,RELIABLE,RELIABLE,31.40173905032864,0.872143286115374,0.001439036422090367,0,0.29627505194156534,2,2,True
296,0,Cross,2,Triangle,max_nhat,RELIABLE,RELIABLE,36.38545963843966,0.8573337073593849,0.001414600617142985,0,0.21864100455430135,2,2,True
297,0,Cross,2,Triangle,max_nhat,UNRELIABLE,IDO,42.47026787638334,0.8599927723504944,0.0014189880743783157,0,0.29918726966117815,2,2,True
298,0,Cross,2,Triangle,max_nhat,RELIABLE,RELIABLE,27.20891254307468,0.8758331908350234,0.0014451247648777886,0,0.21873742811777708,2,2,True
299,0,Cross,2,Triangle,max_nhat,RELIABLE,RELIABLE,23.258451935647624,0.8641781698890514,0.0014258939803169347,0,0.22065774737902355,2,2,True
