label,class_name,feature_index,mu_x,sigma_x_raw,sigma_x_effective,mu_v,sigma_v_raw,sigma_v,sigma_clipped_low,sigma_clipped_high,R_M1_ohm,R_M2_ohm,R_gap_ohm,mu_v_decoded,sigma_v_decoded,decode_mu_abs_err_v,decode_sigma_abs_err_v,R_M1_clipped,R_M2_clipped
0,Cross,0,0.12734218213008716,0.28727726718008273,0.2857142857142857,0.18913952749106103,0.20109408702605794,0.2,False,True,383577.988258239,353031.3956084282,30546.592649810773,0.18913952749106044,0.20000000000000007,5.828670879282072e-16,5.551115123125783e-17,False,False
0,Cross,1,0.08819762614633267,0.23583360452668622,0.23583360452668625,0.1617383383024329,0.16508352316868039,0.16508352316868039,False,False,383004.07218257035,357790.376505424,25213.695677146374,0.16173833830243256,0.16508352316868014,3.3306690738754696e-16,2.498001805406602e-16,False,False
0,Cross,2,0.8894395518465898,0.2704475770584856,0.2704475770584856,0.722607686292613,0.18931330394093993,0.18931330394093993,False,False,342022.79653362895,313108.41464026045,28914.381893368496,0.722607686292613,0.18931330394093987,0.0,5.551115123125783e-17,False,False
0,Cross,3,0.13050215544644744,0.2999421646068395,0.2857142857142857,0.19135150881251323,0.20995951522478765,0.2,False,True,383409.0670273005,352862.47437748977,30546.592649810715,0.19135150881251306,0.19999999999999996,1.6653345369377348e-16,5.551115123125783e-17,False,False
0,Cross,4,0.12532981750167285,0.2798936588233035,0.2798936588233035,0.18773087225117102,0.1959255611763125,0.1959255611763125,False,False,383374.41174517194,353450.12021047994,29924.29153469199,0.1877308722511708,0.19592556117631266,2.220446049250313e-16,1.6653345369377348e-16,False,False
0,Cross,5,0.07186608182576795,0.19635303418026417,0.19635303418026417,0.1503062572780376,0.13744712392618494,0.13744712392618494,False,False,381766.6054131298,360773.89888582367,20992.706527306116,0.15030625727803748,0.13744712392618463,1.1102230246251565e-16,3.0531133177191805e-16,False,False
0,Cross,6,0.08293019930521647,0.228419749732183,0.22841974973218301,0.15805113951365155,0.15989382481252812,0.15989382481252812,False,False,382889.33157696784,358468.27390812535,24421.05766884249,0.15805113951365135,0.15989382481252823,1.942890293094024e-16,1.1102230246251565e-16,False,False
0,Cross,7,0.8903630007601654,0.26423750503018817,0.26423750503018817,0.7232541005321158,0.18496625352113175,0.18496625352113175,False,False,341641.46320648096,313391.0192051228,28250.444001358177,0.7232541005321158,0.18496625352113166,0.0,8.326672684688674e-17,False,False
0,Cross,8,0.11071558378995784,0.2777235672336262,0.2777235672336262,0.1775009086529705,0.19440649706353835,0.19440649706353835,False,False,384039.63249065884,354347.3521192762,29692.280371382658,0.17750090865296986,0.19440649706353808,6.38378239159465e-16,2.7755575615628914e-16,False,False
0,Cross,9,0.06399274733412312,0.19598910055582414,0.19598910055582414,0.1447949231338862,0.13719237038907692,0.13719237038907692,False,False,382168.0319794654,361214.23471478,20953.79726468539,0.1447949231338862,0.1371923703890766,0.0,3.0531133177191805e-16,False,False
0,Cross,10,0.8714710630088424,0.2901779031393718,0.2857142857142857,0.7100297441061897,0.20312453219756027,0.2,False,True,343799.4351027039,313252.8424528932,30546.592649810715,0.7100297441061894,0.19999999999999996,3.3306690738754696e-16,5.551115123125783e-17,False,False
0,Cross,11,0.8954445661821713,0.24882243206694377,0.24882243206694377,0.7268111963275199,0.17417570244686065,0.17417570244686065,False,False,340545.78389545274,313943.4127347582,26602.371160694514,0.7268111963275197,0.1741757024468606,2.220446049250313e-16,5.551115123125783e-17,False,False
0,Cross,12,0.8672810451205198,0.2988131562725604,0.2857142857142857,0.7070967315843639,0.20916920939079228,0.2,False,True,344023.4189495564,313476.8262997457,30546.592649810715,0.7070967315843641,0.19999999999999973,2.220446049250313e-16,2.7755575615628914e-16,False,False
0,Cross,13,0.9137162724509835,0.22380055872641919,0.22380055872641919,0.7396013907156885,0.15666039110849345,0.15666039110849345,False,False,338231.45904926525,314304.2532915093,23927.20575775596,0.739601390715688,0.1566603911084939,5.551115123125783e-16,4.440892098500626e-16,False,False
0,Cross,14,0.9506268764496781,0.15262316201863207,0.15262316201863207,0.7654388135147747,0.10683621341304246,0.10683621341304246,False,False,332453.44882541685,316136.0373685346,16317.411456882255,0.7654388135147743,0.10683621341304228,4.440892098500626e-16,1.8041124150158794e-16,False,False
0,Cross,15,0.14138471811432585,0.311455879634974,0.2857142857142857,0.1989693026800281,0.21801911574448182,0.2,False,True,382827.3229118975,352280.7302620867,30546.592649810773,0.19896930268002788,0.19999999999999996,2.220446049250313e-16,5.551115123125783e-17,False,False
0,Cross,16,0.07996836852756435,0.20871203461341126,0.20871203461341126,0.15597785796929506,0.1460984242293879,0.1460984242293879,False,False,381994.15458879207,359680.10933022026,22314.0452585718,0.15597785796929464,0.146098424229388,4.163336342344337e-16,1.1102230246251565e-16,False,False
0,Cross,17,0.8662638287836065,0.2901867639341165,0.2857142857142857,0.7063846801485246,0.20313073475388158,0.2,False,True,344077.7958124472,313531.20316263643,30546.592649810773,0.7063846801485241,0.20000000000000023,5.551115123125783e-16,2.220446049250313e-16,False,False
0,Cross,18,0.14798838309094814,0.32149034689149353,0.2857142857142857,0.2035918681636637,0.2250432428240455,0.2,False,True,382474.31384983327,351927.7212000225,30546.592649810773,0.20359186816366348,0.2000000000000004,2.220446049250313e-16,3.885780586188048e-16,False,False
0,Cross,19,0.11325099696987309,0.2745423421367717,0.2745423421367717,0.17927569787891118,0.1921796394957402,0.1921796394957402,False,False,383734.04080431693,354381.8749879977,29352.165816319233,0.17927569787891084,0.1921796394957399,3.3306690738754696e-16,3.0531133177191805e-16,False,False
0,Cross,20,0.08577477941580583,0.22132603099175763,0.22132603099175763,0.1600423455910641,0.15492822169423034,0.15492822169423034,False,False,382358.0645353583,358695.41814509215,23662.646390266134,0.16004234559106434,0.1549282216942306,2.498001805406602e-16,2.498001805406602e-16,False,False
0,Cross,21,0.08886268337082584,0.23926766140695624,0.23926766140695624,0.1622038783595781,0.16748736298486938,0.16748736298486938,False,False,383152.09331550216,357571.2520600532,25580.84125544899,0.1622038783595786,0.16748736298486933,4.996003610813204e-16,5.551115123125783e-17,False,False
0,Cross,22,0.9079355875238737,0.24452914434491144,0.24452914434491144,0.7355549112667117,0.17117040104143802,0.17117040104143802,False,False,339648.55285466544,313505.1902830777,26143.362571587728,0.7355549112667117,0.17117040104143783,0.0,1.942890293094024e-16,False,False
0,Cross,23,0.12494225155872603,0.2816284456255005,0.2816284456255005,0.18745957609110825,0.19713991193785035,0.19713991193785035,False,False,383487.86537351087,353378.1024485855,30109.762924925366,0.18745957609110842,0.1971399119378503,1.6653345369377348e-16,5.551115123125783e-17,False,False
0,Cross,24,0.10582970268636321,0.2660203665297839,0.2660203665297839,0.17408079188045428,0.18621425657084875,0.18621425657084875,False,False,383675.2021922723,355234.146986987,28441.055205285316,0.17408079188045356,0.18621425657084856,7.216449660063518e-16,1.942890293094024e-16,False,False
1,Circle,0,0.08820068315253593,0.22596292490033051,0.2259629249003305,0.16174047820677517,0.15817404743023136,0.15817404743023136,False,False,382476.25641358935,358317.8654404737,24158.39097311563,0.16174047820677495,0.15817404743023122,2.220446049250313e-16,1.3877787807814457e-16,False,False
1,Circle,1,0.13716612267900624,0.29992073591849744,0.2857142857142857,0.1960162858753044,0.20994451514294823,0.2,False,True,383052.8344154523,352506.2417656416,30546.592649810715,0.19601628587530429,0.19999999999999996,1.1102230246251565e-16,5.551115123125783e-17,False,False
1,Circle,2,0.9138297452280919,0.23573625579359736,0.23573625579359736,0.7396808216596644,0.16501537905551816,0.16501537905551816,False,False,338863.4342210713,313660.14639625617,25203.28782481514,0.739680821659664,0.16501537905551816,4.440892098500626e-16,0.0,False,False
1,Circle,3,0.1805962857727233,0.3512285942192865,0.2857142857142857,0.22641740004090632,0.24586001595350057,0.2,False,True,380731.20828915975,350184.61563934904,30546.592649810715,0.22641740004090571,0.20000000000000007,6.106226635438361e-16,5.551115123125783e-17,False,False
1,Circle,4,0.1267015475818577,0.2903741798030709,0.2857142857142857,0.1886910833073004,0.20326192586214964,0.2,False,True,383612.23436275776,353065.641712947,30546.592649810773,0.18869108330730022,0.20000000000000007,1.6653345369377348e-16,5.551115123125783e-17,False,False
1,Circle,5,0.09768246205640026,0.24108514630400918,0.24108514630400918,0.1683777234394802,0.16875960241280644,0.16875960241280644,False,False,382777.7749375507,357002.6207843106,25775.154153240088,0.16837772343948,0.16875960241280696,2.220446049250313e-16,5.273559366969494e-16,False,False
1,Circle,6,0.9009201849422728,0.2514422399453061,0.2514422399453061,0.730644129459591,0.1760095679617143,0.1760095679617143,False,False,340393.1221349963,313510.659260018,26882.462874978315,0.7306441294595906,0.1760095679617143,4.440892098500626e-16,0.0,False,False
1,Circle,7,0.09392373697288955,0.2413290227507315,0.2413290227507315,0.16574661588102269,0.16893031592551208,0.16893031592551208,False,False,382991.7401548969,357190.51242099464,25801.227733902284,0.16574661588102213,0.168930315925512,5.551115123125783e-16,8.326672684688674e-17,False,False
1,Circle,8,0.8698974221013487,0.29931835345079416,0.2857142857142857,0.7089281954709441,0.20952284741555594,0.2,False,True,343883.5564963159,313336.9638465052,30546.592649810715,0.7089281954709439,0.19999999999999996,2.220446049250313e-16,5.551115123125783e-17,False,False
1,Circle,9,0.08193532131360068,0.21017281343512323,0.21017281343512323,0.1573547249195205,0.14712096940458627,0.14712096940458627,False,False,381967.09628147027,359496.87466823444,22470.22161323583,0.15735472491952052,0.1471209694045862,2.7755575615628914e-17,8.326672684688674e-17,False,False
1,Circle,10,0.9156392709972958,0.22381575073210247,0.22381575073210247,0.7409474896981071,0.15667102551247175,0.15667102551247175,False,False,338129.4743180756,314200.64433628763,23928.829981787945,0.7409474896981068,0.1566710255124722,3.3306690738754696e-16,4.440892098500626e-16,False,False
1,Circle,11,0.11435431545275303,0.2675850510837334,0.2675850510837334,0.1800480208169271,0.18730953575861342,0.18730953575861342,False,False,383303.1485313119,354694.8080900943,28608.340441217588,0.18004802081692695,0.1873095357586133,1.6653345369377348e-16,1.1102230246251565e-16,False,False
1,Circle,12,0.11187680533136396,0.2627758715031007,0.2627758715031007,0.1783137637319548,0.1839431100521705,0.1839431100521705,False,False,383178.5055562722,355084.32928875746,28094.176267514762,0.17831376373195496,0.18394311005217023,1.6653345369377348e-16,2.7755575615628914e-16,False,False
1,Circle,13,0.1039386321278774,0.25274747991193774,0.25274747991193774,0.17275704248951418,0.17692323593835643,0.17692323593835643,False,False,383066.7697194066,356044.75962693,27022.010092476616,0.1727570424895143,0.17692323593835602,1.1102230246251565e-16,4.163336342344337e-16,False,False
1,Circle,14,0.8558016677581084,0.2928032315976775,0.2857142857142857,0.6990611674306759,0.2049622621183743,0.2,False,True,344637.06671184173,314090.474062031,30546.592649810715,0.6990611674306761,0.19999999999999973,2.220446049250313e-16,2.7755575615628914e-16,False,False
1,Circle,15,0.0831629950281543,0.2200110329498072,0.22001103294980717,0.15821409651970803,0.15400772306486504,0.15400772306486504,False,False,382427.3862428062,358905.3303358698,23522.05590693641,0.15821409651970775,0.154007723064865,2.7755575615628914e-16,5.551115123125783e-17,False,False
1,Circle,16,0.897379995137453,0.24889495050230517,0.24889495050230515,0.7281659965962172,0.17422646535161362,0.17422646535161362,False,False,340446.19915006135,313836.07482050086,26610.124329560495,0.7281659965962168,0.17422646535161368,3.3306690738754696e-16,5.551115123125783e-17,False,False
1,Circle,17,0.07746531802695245,0.1954909462546061,0.1954909462546061,0.15422572261886672,0.1368436623782243,0.1368436623782243,False,False,381421.205399988,360520.6673431087,20900.538056879304,0.15422572261886613,0.13684366237822454,5.828670879282072e-16,2.498001805406602e-16,False,False
1,Circle,18,0.8795787846281503,0.28074150542170445,0.28074150542170445,0.7157051492397053,0.19651905379519313,0.19651905379519313,False,False,343100.19676647824,313085.25934543816,30014.937421040086,0.7157051492397049,0.1965190537951938,4.440892098500626e-16,6.661338147750939e-16,False,False
1,Circle,19,0.11466596084561995,0.2604536059612451,0.2604536059612451,0.18026617259193398,0.1823175241728716,0.1823175241728716,False,False,382905.2666867625,355059.3709676089,27845.895719153632,0.18026617259193323,0.1823175241728714,7.494005416219807e-16,1.942890293094024e-16,False,False
1,Circle,20,0.048064282870230575,0.141336926688983,0.141336926688983,0.1336449980091614,0.09893584868228812,0.09893584868228812,False,False,380097.9965696778,364987.2312288719,15110.765340805869,0.13364499800916085,0.09893584868228833,5.551115123125783e-16,2.0816681711721685e-16,False,False
1,Circle,21,0.11639909872489322,0.27272016034835245,0.27272016034835245,0.18147936910742526,0.19090411224384674,0.19090411224384674,False,False,383468.3466574948,354310.99589806213,29157.35075943265,0.18147936910742568,0.19090411224384662,4.163336342344337e-16,1.1102230246251565e-16,False,False
1,Circle,22,0.8674549563244606,0.2831972845180299,0.2831972845180299,0.7072184694271224,0.19823809916262095,0.19823809916262095,False,False,343879.5720909025,313602.0797769356,30277.492313966854,0.7072184694271224,0.19823809916262092,0.0,2.7755575615628914e-17,False,False
1,Circle,23,0.13628574380806338,0.3083441156065134,0.2857142857142857,0.19540002066564438,0.21584088092455941,0.2,False,True,383099.89642126166,352553.30377145094,30546.592649810715,0.19540002066564433,0.19999999999999996,5.551115123125783e-17,5.551115123125783e-17,False,False
1,Circle,24,0.06542506919261844,0.1698253645480832,0.1698253645480832,0.14579754843483292,0.11887775518365824,0.11887775518365824,False,False,380692.8422872995,362536.2904737038,18156.551813595695,0.14579754843483272,0.11887775518365828,1.942890293094024e-16,4.163336342344337e-17,False,False
2,Triangle,0,0.13903438138756125,0.30839265437197977,0.2857142857142857,0.1973240669712929,0.21587485806038587,0.2,False,True,382952.96377441665,352406.3711246059,30546.592649810773,0.19732406697129234,0.20000000000000062,5.551115123125783e-16,6.106226635438361e-16,False,False
2,Triangle,1,0.10755759686774885,0.2610235504186294,0.2610235504186294,0.1752903178074242,0.1827164852930406,0.1827164852930406,False,False,383315.7224667824,355408.8922335241,27906.830233258253,0.175290317807424,0.18271648529304085,2.220446049250313e-16,2.498001805406602e-16,False,False
2,Triangle,2,0.08516309560945956,0.2214288851829273,0.2214288851829273,0.1596141669266217,0.15500021962804914,0.15500021962804914,False,False,382396.2612623584,358722.61841431237,23673.64284804603,0.15961416692662145,0.15500021962804877,2.498001805406602e-16,3.608224830031759e-16,False,False
2,Triangle,3,0.07584020193122948,0.20925765873731236,0.20925765873731236,0.15308814135186066,0.14648036111611867,0.14648036111611867,False,False,382243.9992559997,359871.61964494345,22372.37961105624,0.15308814135186022,0.14648036111611862,4.440892098500626e-16,5.551115123125783e-17,False,False
2,Triangle,4,0.0839132537211602,0.21148664799361028,0.21148664799361028,0.15873927760481216,0.1480406535955272,0.1480406535955272,False,False,381931.5959101386,359320.90820516704,22610.687704971584,0.15873927760481243,0.14804065359552765,2.7755575615628914e-16,4.440892098500626e-16,False,False
2,Triangle,5,0.08744138117181137,0.23226951756947997,0.23226951756947997,0.16120896682026797,0.162588662298636,0.162588662298636,False,False,382853.97467334766,358021.32648977725,24832.648183570418,0.16120896682026775,0.16258866229863644,2.220446049250313e-16,4.440892098500626e-16,False,False
2,Triangle,6,0.05308333796492661,0.18009805498897616,0.1800980549889762,0.13715833657544863,0.12606863849228334,0.12606863849228334,False,False,381901.7309590618,362646.8942293617,19254.836729700153,0.1371583365754483,0.12606863849228356,3.3306690738754696e-16,2.220446049250313e-16,False,False
2,Triangle,7,0.878827418825919,0.2823984395418638,0.2823984395418638,0.7151791931781433,0.19767890767930466,0.19767890767930466,False,False,343228.93614071695,313036.8507990206,30192.085341696336,0.715179193178143,0.19767890767930485,2.220446049250313e-16,1.942890293094024e-16,False,False
2,Triangle,8,0.09662492484397565,0.24506501982194354,0.24506501982194354,0.16763744739078296,0.1715455138753605,0.1715455138753605,False,False,383047.0574713333,356846.40280506783,26200.654666265473,0.167637447390783,0.17154551387536088,5.551115123125783e-17,3.885780586188048e-16,False,False
2,Triangle,9,0.09649041939992457,0.24843208496966607,0.24843208496966607,0.1675432935799472,0.17390245947876626,0.17390245947876626,False,False,383234.2393097109,356673.60135722044,26560.637952490477,0.1675432935799469,0.17390245947876626,3.0531133177191805e-16,0.0,False,False
2,Triangle,10,0.10592640615844479,0.2544283219528668,0.2544283219528668,0.17414848431091134,0.17809982536700678,0.17809982536700678,False,False,383050.3621981039,355848.64811566204,27201.714082441875,0.17414848431091146,0.1780998253670062,1.1102230246251565e-16,5.828670879282072e-16,False,False
2,Triangle,11,0.8898956207505155,0.2677870649357538,0.2677870649357538,0.7229269345253609,0.1874509454550277,0.1874509454550277,False,False,341856.1949042365,313226.25654105336,28629.938363183115,0.7229269345253605,0.1874509454550276,4.440892098500626e-16,8.326672684688674e-17,False,False
2,Triangle,12,0.8992880388628691,0.23887514031023013,0.23887514031023013,0.7295016272040085,0.1672125982171611,0.1672125982171611,False,False,339808.57738415425,314269.7017658738,25538.875618280435,0.7295016272040085,0.1672125982171609,0.0,2.220446049250313e-16,False,False
2,Triangle,13,0.9163024168117165,0.21661455760254011,0.21661455760254011,0.7414116917682017,0.1516301903217781,0.1516301903217781,False,False,337709.07399125723,314550.1457053941,23158.928285863134,0.7414116917682014,0.151630190321778,2.220446049250313e-16,1.1102230246251565e-16,False,False
2,Triangle,14,0.10433118546789047,0.26617804064497536,0.26617804064497536,0.17303182982752335,0.18632462845148276,0.18632462845148276,False,False,383763.7364458066,355305.8238161326,28457.912629673956,0.17303182982752308,0.186324628451483,2.7755575615628914e-16,2.498001805406602e-16,False,False
2,Triangle,15,0.8672884774704774,0.2990788483591198,0.2857142857142857,0.7071019342293342,0.20935519385138388,0.2,False,True,344023.0216418649,313476.4289920542,30546.592649810715,0.7071019342293341,0.19999999999999973,1.1102230246251565e-16,2.7755575615628914e-16,False,False
2,Triangle,16,0.8863120065381129,0.2680458690340374,0.2680458690340374,0.720418404576679,0.18763210832382618,0.18763210832382618,False,False,342061.5972813582,313403.9893763928,28657.607904965407,0.7204184045766786,0.1876321083238262,4.440892098500626e-16,2.7755575615628914e-17,False,False
2,Triangle,17,0.8561213375069201,0.31224129197630374,0.2857142857142857,0.6992849362548441,0.21856890438341264,0.2,False,True,344619.9782740428,314073.38562423206,30546.592649810715,0.6992849362548439,0.1999999999999999,2.220446049250313e-16,1.1102230246251565e-16,False,False
2,Triangle,18,0.8950773876160383,0.26917719904066517,0.26917719904066517,0.7265541713312268,0.18842403932846563,0.18842403932846563,False,False,341653.5073467583,312874.94547276554,28778.56187399279,0.7265541713312265,0.18842403932846552,3.3306690738754696e-16,1.1102230246251565e-16,False,False
2,Triangle,19,0.8749421642472347,0.2786155787738889,0.2786155787738889,0.7124595149730644,0.19503090514172222,0.19503090514172222,False,False,343234.40975926176,313446.7616918214,29787.648067440372,0.7124595149730637,0.19503090514172255,6.661338147750939e-16,3.3306690738754696e-16,False,False
2,Triangle,20,0.12995584748970637,0.28627288480557483,0.2857142857142857,0.19096909324279449,0.2003910193639024,0.2,False,True,383438.2707588784,352891.6781090676,30546.592649810773,0.1909690932427942,0.20000000000000007,2.7755575615628914e-16,5.551115123125783e-17,False,False
2,Triangle,21,0.08009942469264691,0.209845167217705,0.209845167217705,0.15606959728485287,0.1468916170523935,0.1468916170523935,False,False,382047.722125179,359612.53017632174,22435.191948857275,0.1560695972848527,0.1468916170523933,1.6653345369377348e-16,2.220446049250313e-16,False,False
2,Triangle,22,0.11882102515194977,0.27057173941624,0.27057173941624,0.18317471760636483,0.18940021759136802,0.18940021759136802,False,False,383224.03171415965,354296.3752414144,28927.656472745235,0.18317471760636483,0.18940021759136838,0.0,3.608224830031759e-16,False,False
2,Triangle,23,0.14477707060286776,0.3071747716058364,0.2857142857142857,0.20134394942200745,0.2150223401240855,0.2,False,True,382645.9794951114,352099.3868453006,30546.592649810773,0.20134394942200717,0.2000000000000005,2.7755575615628914e-16,4.996003610813204e-16,False,False
2,Triangle,24,0.1180892113368221,0.28166439229570417,0.28166439229570417,0.18266244793577546,0.19716507460699292,0.19716507460699292,False,False,383856.1267571463,353742.5206631995,30113.606093946844,0.18266244793577535,0.19716507460699362,1.1102230246251565e-16,6.938893903907228e-16,False,False
