label,class_name,feature_index,feature_row,feature_col,mu_x,sigma_x_raw,sigma_x_effective,mu_v,sigma_v_raw,sigma_v,sigma_clipped_low,sigma_clipped_high,R_M1_ohm,R_M2_ohm,R_gap_ohm,mu_v_decoded,sigma_v_decoded,decode_mu_abs_err_v,decode_sigma_abs_err_v,R_M1_clipped,R_M2_clipped
0,Digit 0,0,0,0,0.0,0.0,0.035294117647058816,0.7,0.0,0.03,True,False,76109.31852996214,71527.32963249052,4581.988897471616,0.7,0.02999999999999997,0.0,2.7755575615628914e-17,False,False
0,Digit 0,1,0,1,0.0,0.0,0.035294117647058816,0.7,0.0,0.03,True,False,76109.31852996214,71527.32963249052,4581.988897471616,0.7,0.02999999999999997,0.0,2.7755575615628914e-17,False,False
0,Digit 0,2,0,2,0.0007225490477867424,0.008387466600066805,0.035294117647058816,0.7006141666906187,0.0071293466100567846,0.03,True,False,76062.4167806686,71480.42788319699,4581.988897471616,0.7006141666906187,0.030000000000000027,0.0,2.7755575615628914e-17,False,False
0,Digit 0,3,0,3,0.002962254935875535,0.01879825513516701,0.035294117647058816,0.7025179166954941,0.01597851686489196,0.03,True,False,75917.0340909036,71335.04519343199,4581.988897471616,0.702517916695494,0.02999999999999997,1.1102230246251565e-16,2.7755575615628914e-17,False,False
0,Digit 0,4,0,4,0.0017828431685920805,0.012016420501921263,0.035294117647058816,0.7015154166933032,0.010213957426633075,0.03,True,False,75993.5914888995,71411.60259142789,4581.988897471616,0.7015154166933031,0.030000000000000027,1.1102230246251565e-16,2.7755575615628914e-17,False,False
0,Digit 0,5,0,5,0.0008877451127627864,0.010747891576389664,0.035294117647058816,0.7007545833458483,0.009135707839931215,0.03,True,False,76051.69365474724,71469.70475727563,4581.988897471616,0.7007545833458482,0.030000000000000027,1.1102230246251565e-16,2.7755575615628914e-17,False,False
0,Digit 0,6,0,6,0.0,0.0,0.035294117647058816,0.7,0.0,0.03,True,False,76109.31852996214,71527.32963249052,4581.988897471616,0.7,0.02999999999999997,0.0,2.7755575615628914e-17,False,False
0,Digit 0,7,1,0,0.00012598039209842682,0.0028170072056416112,0.035294117647058816,0.7001070833332836,0.00239445612479537,0.03,True,False,76101.14095255864,71519.15205508702,4581.988897471616,0.7001070833332836,0.030000000000000027,0.0,2.7755575615628914e-17,False,False
0,Digit 0,8,1,1,0.004557353046664502,0.023577979992721473,0.035294117647058816,0.7038737500896648,0.020041282993813254,0.03,True,False,75813.49386492174,71231.50496745012,4581.988897471616,0.7038737500896648,0.030000000000000027,0.0,2.7755575615628914e-17,False,False
0,Digit 0,9,1,2,0.13021176969003864,0.18384462117759537,0.18384462117759537,0.8106800042365329,0.15626792800095607,0.15626792800095607,False,False,77299.7134236825,53432.44971930669,23867.2637043758,0.8106800042365327,0.15626792800095612,1.1102230246251565e-16,5.551115123125783e-17,False,False
0,Digit 0,10,1,3,0.4724554123408161,0.24103540117486133,0.23529411764705882,1.1015871004896938,0.20488009099863216,0.2,False,True,58423.826475938484,27877.23382612774,30546.592649810744,1.1015871004896938,0.2,0.0,0.0,False,False
0,Digit 0,11,1,4,0.5424764957642183,0.23160524076447273,0.23160524076447273,1.1611050213995855,0.19686445464980185,0.19686445464980185,False,False,53639.201696074415,23571.510179001238,30067.691517073177,1.1611050213995855,0.1968644546498018,0.0,5.551115123125783e-17,False,False
0,Digit 0,12,1,5,0.1694279461745755,0.19861381995392244,0.19861381995392244,0.8440137542483892,0.1688217469608341,0.1688217469608341,False,False,75712.82320084264,49928.17752663253,25784.645674210115,0.8440137542483893,0.16882174696083407,1.1102230246251565e-16,2.7755575615628914e-17,False,False
0,Digit 0,13,1,6,0.001479411803476978,0.010875042368980273,0.035294117647058816,0.7012575000329554,0.009243786013633234,0.03,True,False,76013.2876768026,71431.29877933099,4581.988897471616,0.7012575000329554,0.030000000000000027,0.0,2.7755575615628914e-17,False,False
0,Digit 0,14,2,0,0.00014411765336990357,0.003222568696928562,0.035294117647058816,0.7001225000053644,0.002739183392389278,0.03,True,False,76099.96363555347,71517.97473808186,4581.988897471616,0.7001225000053644,0.02999999999999997,0.0,2.7755575615628914e-17,False,False
0,Digit 0,15,2,1,0.06438235522073228,0.12752984251549537,0.12752984251549537,0.7547250019376224,0.10840036613817108,0.10840036613817108,False,False,77917.32279513731,61361.013657572075,16556.309137565237,0.7547250019376224,0.108400366138171,0.0,8.326672684688674e-17,False,False
0,Digit 0,16,2,2,0.48345198239898307,0.250393312066174,0.23529411764705882,1.1109341850391357,0.2128343152562479,0.2,False,True,57710.022515450626,27163.42986563989,30546.592649810736,1.1109341850391357,0.2,0.0,0.0,False,False
0,Digit 0,17,2,3,0.47424854660173876,0.2911076137705547,0.23529411764705882,1.103111264611478,0.24744147170497155,0.2,False,True,58307.431424539485,27760.83877472874,30546.592649810744,1.103111264611478,0.2,0.0,0.0,False,False
0,Digit 0,18,2,4,0.4213833494115388,0.26702981474415094,0.23529411764705882,1.058175846999808,0.22697534253252832,0.2,False,True,61738.99116787153,31192.398518060785,30546.592649810744,1.058175846999808,0.20000000000000007,0.0,5.551115123125783e-17,False,False
0,Digit 0,19,2,5,0.44688678287144284,0.25142208649987957,0.23529411764705882,1.0798537654407263,0.21370877352489767,0.2,False,True,60083.52480759514,29536.932157784402,30546.592649810736,1.0798537654407263,0.2,0.0,0.0,False,False
0,Digit 0,20,2,6,0.011340686512703542,0.04000901184965407,0.04000901184965407,0.7096395835357979,0.034007660072205965,0.034007660072205965,False,False,75679.228350269,70485.13765427445,5194.090695994542,0.7096395835357978,0.03400766007220596,1.1102230246251565e-16,6.938893903907228e-18,False,False
0,Digit 0,21,3,0,2.7941176667809487e-05,0.0006247837040055316,0.035294117647058816,0.7000237500001676,0.0005310661484047019,0.03,True,False,76107.50482601076,71525.51592853914,4581.988897471616,0.7000237500001676,0.02999999999999997,0.0,2.7755575615628914e-17,False,False
0,Digit 0,22,3,1,0.24868383099057245,0.23308852853848885,0.23308852853848885,0.9113812563419865,0.19812524925771555,0.19812524925771555,False,False,72806.00945981075,42545.75304622248,30260.25641358827,0.9113812563419865,0.19812524925771552,0.0,2.7755575615628914e-17,False,False
0,Digit 0,23,3,2,0.5173132543596439,0.2417548574468589,0.23529411764705882,1.1397162662056974,0.20549162882983008,0.2,False,True,55512.03624292875,24965.44359311801,30546.59264981074,1.1397162662056974,0.2,0.0,0.0,False,False
0,Digit 0,24,3,3,0.08653578614810249,0.15191142262760368,0.15191142262760368,0.773555418225887,0.12912470923346314,0.12912470923346314,False,False,78061.95532184438,58340.35585194511,19721.599469899265,0.7735554182258869,0.1291247092334631,1.1102230246251565e-16,5.551115123125783e-17,False,False
0,Digit 0,25,3,4,0.20349363473244012,0.22438285105352554,0.22438285105352554,0.8729695895225741,0.19072542339549672,0.19072542339549672,False,False,75174.27464241102,46044.215560286415,29130.059082124608,0.872969589522574,0.19072542339549664,1.1102230246251565e-16,8.326672684688674e-17,False,False
0,Digit 0,26,3,5,0.49174903858464675,0.23654210168775958,0.23529411764705882,1.1179866827969498,0.20106078643459566,0.2,False,True,57171.4480750215,26624.85542521076,30546.59264981074,1.1179866827969498,0.20000000000000007,0.0,5.551115123125783e-17,False,False
0,Digit 0,27,3,6,0.023523039518855513,0.06025246981213066,0.06025246981213066,0.7199945835910272,0.051214599340311064,0.051214599340311064,False,False,76202.48684026145,68380.32932140272,7822.15751885873,0.7199945835910271,0.05121459934031103,1.1102230246251565e-16,3.469446951953614e-17,False,False
0,Digit 0,28,4,0,0.00019950980693101883,0.0026735396876437787,0.035294117647058816,0.7001695833358913,0.002272508734497212,0.03,True,False,76096.36804725797,71514.37914978636,4581.988897471616,0.7001695833358912,0.030000000000000027,1.1102230246251565e-16,2.7755575615628914e-17,False,False
0,Digit 0,29,4,1,0.3871735448075924,0.26669379240019037,0.23529411764705882,1.0290975130864535,0.22668972354016184,0.2,False,True,63959.601220337565,33413.00857052683,30546.592649810736,1.0290975130864535,0.19999999999999984,0.0,1.6653345369377348e-16,False,False
0,Digit 0,30,4,2,0.39074707468703856,0.251686834259418,0.23529411764705882,1.0321350134839828,0.21393380912050533,0.2,False,True,63727.63800204515,33181.0453522344,30546.592649810744,1.0321350134839828,0.2,0.0,0.0,False,False
0,Digit 0,31,4,3,0.13068235766596625,0.1891864134088022,0.1891864134088022,0.8110800040160713,0.1608084513974819,0.1608084513974819,False,False,77615.91064439507,53055.15934696623,24560.75129742884,0.8110800040160713,0.1608084513974819,0.0,0.0,False,False
0,Digit 0,32,4,4,0.45848433365579694,0.25309391653564217,0.23529411764705882,1.0897116836074274,0.21512982905529587,0.2,False,True,59330.71028106167,28784.11763125093,30546.59264981074,1.0897116836074274,0.2,0.0,0.0,False,False
0,Digit 0,33,4,5,0.3270769709341694,0.24713125712845607,0.23529411764705882,0.978015425294044,0.21006156855918767,0.2,False,True,67860.56053907907,37313.96788926833,30546.592649810744,0.9780154252940438,0.20000000000000012,1.1102230246251565e-16,1.1102230246251565e-16,False,False
0,Digit 0,34,4,6,0.007156372740399092,0.029365142773067246,0.035294117647058816,0.7060829168293392,0.024960371357107162,0.03,True,False,75644.78757369088,71062.79867621926,4581.988897471616,0.7060829168293392,0.02999999999999997,0.0,2.7755575615628914e-17,False,False
0,Digit 0,35,5,0,0.0004387255050241947,0.006540500537842799,0.035294117647058816,0.7003729166792705,0.00555942545716638,0.03,True,False,76080.84019522715,71498.85129775554,4581.988897471616,0.7003729166792703,0.02999999999999997,2.220446049250313e-16,2.7755575615628914e-17,False,False
0,Digit 0,36,5,1,0.21216275197605136,0.2239779930884271,0.22397799308842709,0.8803383391796437,0.19038129412516305,0.19038129412516305,False,False,74585.26921552929,45507.77001660347,29077.49919892582,0.8803383391796437,0.19038129412516314,0.0,8.326672684688674e-17,False,False
0,Digit 0,37,5,2,0.6352269927226007,0.19224410639772205,0.19224410639772205,1.2399429438142107,0.16340749043806377,0.16340749043806377,False,False,45063.63629999392,20105.926068297027,24957.710231696896,1.2399429438142107,0.1634074904380638,0.0,2.7755575615628914e-17,False,False
0,Digit 0,38,5,3,0.6010740514621139,0.18445711284258567,0.18445711284258567,1.2109129437427968,0.15678854591619784,0.15678854591619784,False,False,46775.08976180472,22828.310540513514,23946.779221291203,1.2109129437427968,0.15678854591619773,0.0,1.1102230246251565e-16,False,False
0,Digit 0,39,5,4,0.35766569777810947,0.23207592405013253,0.23207592405013253,1.004015843111393,0.19726453544261266,0.19726453544261266,False,False,65666.1023057442,35537.305263646,30128.79704209821,1.004015843111393,0.1972645354426127,0.0,2.7755575615628914e-17,False,False
0,Digit 0,40,5,5,0.04584117740928195,0.09717331944001761,0.09717331944001761,0.7389650007978896,0.08259732152401499,0.08259732152401499,False,False,77150.37090019345,64535.03722739579,12615.333672797657,0.7389650007978895,0.08259732152401511,1.1102230246251565e-16,1.249000902703301e-16,False,False
0,Digit 0,41,5,6,9.754902159329503e-05,0.0020945439180377915,0.035294117647058816,0.7000829166683542,0.001780362330332123,0.03,True,False,76102.9864757319,71520.99757826029,4581.988897471616,0.7000829166683541,0.030000000000000027,1.1102230246251565e-16,2.7755575615628914e-17,False,False
0,Digit 0,42,6,0,0.0,0.0,0.035294117647058816,0.7,0.0,0.03,True,False,76109.31852996214,71527.32963249052,4581.988897471616,0.7,0.02999999999999997,0.0,2.7755575615628914e-17,False,False
0,Digit 0,43,6,1,0.0012725490457960403,0.009619065010824402,0.035294117647058816,0.7010816666889266,0.008176205259200743,0.03,True,False,76026.71545063837,71444.72655316675,4581.988897471616,0.7010816666889266,0.030000000000000082,0.0,8.326672684688674e-17,False,False
0,Digit 0,44,6,2,0.023826961026643403,0.0542508411479366,0.0542508411479366,0.7202529168726468,0.046113214975746115,0.046113214975746115,False,False,75793.18406112146,68750.1760929351,7043.007968186357,0.7202529168726467,0.046113214975746164,1.1102230246251565e-16,4.85722573273506e-17,False,False
0,Digit 0,45,6,3,0.02979607891361229,0.06437786228020394,0.06437786228020394,0.7253266670765705,0.05472118293817335,0.05472118293817335,False,False,76063.07983663329,67705.35141399251,8357.72842264078,0.7253266670765705,0.05472118293817341,0.0,5.551115123125783e-17,False,False
0,Digit 0,46,6,4,0.004761764845519792,0.022197724366640564,0.035294117647058816,0.7040475001186918,0.018868065711644483,0.03,True,False,75800.22518652279,71218.23628905117,4581.988897471616,0.7040475001186919,0.030000000000000082,1.1102230246251565e-16,8.326672684688674e-17,False,False
0,Digit 0,47,6,5,0.00011715686460956931,0.0022727539474854397,0.035294117647058816,0.7000995833349181,0.001931840855362624,0.03,True,False,76101.71370104601,71519.7248035744,4581.988897471616,0.700099583334918,0.030000000000000082,1.1102230246251565e-16,8.326672684688674e-17,False,False
0,Digit 0,48,6,6,0.0,0.0,0.035294117647058816,0.7,0.0,0.03,True,False,76109.31852996214,71527.32963249052,4581.988897471616,0.7,0.02999999999999997,0.0,2.7755575615628914e-17,False,False
1,Digit 1,0,0,0,0.0,0.0,0.035294117647058816,0.7,0.0,0.03,True,False,76109.31852996214,71527.32963249052,4581.988897471616,0.7,0.02999999999999997,0.0,2.7755575615628914e-17,False,False
1,Digit 1,1,0,1,0.0,0.0,0.035294117647058816,0.7,0.0,0.03,True,False,76109.31852996214,71527.32963249052,4581.988897471616,0.7,0.02999999999999997,0.0,2.7755575615628914e-17,False,False
1,Digit 1,2,0,2,0.00019852942414581775,0.004082872246785399,0.035294117647058816,0.7001687500105239,0.0034704414097675895,0.03,True,False,76096.43168538432,71514.4427879127,4581.988897471616,0.7001687500105238,0.030000000000000082,1.1102230246251565e-16,8.326672684688674e-17,False,False
1,Digit 1,3,0,3,0.0012544118128716946,0.016115741733895305,0.035294117647058816,0.7010662500409409,0.01369838047381101,0.03,True,False,76027.89276580347,71445.90386833185,4581.988897471616,0.7010662500409408,0.030000000000000082,1.1102230246251565e-16,8.326672684688674e-17,False,False
1,Digit 1,4,0,4,0.0015901961179915817,0.01542113443869365,0.035294117647058816,0.7013516667002928,0.013107964272889605,0.03,True,False,76006.09649973174,71424.10760226013,4581.988897471601,0.7013516667002928,0.02999999999999986,0.0,1.3877787807814457e-16,False,False
1,Digit 1,5,0,5,5.784313753247261e-05,0.001293411875544788,0.035294117647058816,0.7000491666669025,0.00109940009421307,0.03,True,False,76105.5638445976,71523.57494712598,4581.988897471616,0.7000491666669023,0.030000000000000027,2.220446049250313e-16,2.7755575615628914e-17,False,False
1,Digit 1,6,0,6,0.0,0.0,0.035294117647058816,0.7,0.0,0.03,True,False,76109.31852996214,71527.32963249052,4581.988897471616,0.7,0.02999999999999997,0.0,2.7755575615628914e-17,False,False
1,Digit 1,7,1,0,7.696078717708588e-05,0.0017208955172985701,0.035294117647058816,0.7000654166691005,0.0014627611897037847,0.03,True,False,76104.32288910334,71522.33399163172,4581.988897471616,0.7000654166691005,0.030000000000000027,0.0,2.7755575615628914e-17,False,False
1,Digit 1,8,1,1,0.0005122549030929804,0.008874362868224293,0.035294117647058816,0.700435416667629,0.00754320843799065,0.03,True,False,76076.06729101464,71494.07839354302,4581.988897471616,0.700435416667629,0.030000000000000082,0.0,8.326672684688674e-17,False,False
1,Digit 1,9,1,2,0.014343137852847576,0.06893074105450603,0.06893074105450603,0.7121916671749204,0.05859112989633013,0.05859112989633013,False,False,77361.68779852877,68412.89090935206,8948.796889176709,0.7121916671749204,0.05859112989633003,0.0,9.71445146547012e-17,False,False
1,Digit 1,10,1,3,0.24593334273959044,0.23253689889307955,0.23253689889307955,0.9090433413286518,0.19765636405911763,0.19765636405911763,False,False,72948.74069081353,42760.09850303075,30188.64218778278,0.9090433413286518,0.19765636405911752,0.0,1.1102230246251565e-16,False,False
1,Digit 1,11,1,4,0.2844975602473132,0.2357498022247894,0.23529411764705882,0.9418229262102162,0.200387331891071,0.2,False,True,70624.4543553099,40077.86170549917,30546.592649810736,0.9418229262102162,0.2,0.0,0.0,False,False
1,Digit 1,12,1,5,0.0457112757852301,0.12208505499930393,0.12208505499930393,0.7388545844174456,0.10377229674940835,0.10377229674940835,False,False,78775.86136713148,62926.41098143421,15849.450385697273,0.7388545844174456,0.10377229674940824,0.0,1.1102230246251565e-16,False,False
1,Digit 1,13,1,6,0.0002862745155580342,0.004944458671118657,0.035294117647058816,0.7002433333382243,0.004202789870450859,0.03,True,False,76090.73601906,71508.74712158839,4581.988897471616,0.7002433333382241,0.02999999999999997,2.220446049250313e-16,2.7755575615628914e-17,False,False
1,Digit 1,14,2,0,0.00010490196943283081,0.002345679346254138,0.035294117647058816,0.7000891666740179,0.0019938274443160177,0.03,True,False,76102.50918478923,71520.52028731762,4581.988897471616,0.7000891666740179,0.02999999999999997,0.0,2.7755575615628914e-17,False,False
1,Digit 1,15,2,1,0.0012200980382040144,0.014519223680972951,0.035294117647058816,0.7010370833324734,0.012341340128827009,0.03,True,False,76030.1201247097,71448.13122723809,4581.988897471616,0.7010370833324734,0.030000000000000027,0.0,2.7755575615628914e-17,False,False
1,Digit 1,16,2,2,0.016101471379224675,0.08229417377020107,0.08229417377020107,0.7136862506723409,0.06995004770467092,0.06995004770467092,False,False,78114.99230342187,67431.3142380748,10683.678065347063,0.7136862506723409,0.06995004770467095,0.0,2.7755575615628914e-17,False,False
1,Digit 1,17,2,3,0.44542207615589724,0.23813127986652843,0.23529411764705882,1.0786087647325127,0.2024115878865492,0.2,False,True,60178.60113130146,29632.008481490724,30546.592649810736,1.0786087647325127,0.2,0.0,0.0,False,False
1,Digit 1,18,2,4,0.30803481534973254,0.2723626787250541,0.23529411764705882,0.9618295930472727,0.231508276916296,0.2,False,True,69096.6155999298,38550.02295011907,30546.592649810736,0.9618295930472727,0.2,0.0,0.0,False,False
1,Digit 1,19,2,5,0.01227598067431245,0.05145583907137247,0.05145583907137247,0.7104345835731656,0.0437374632106666,0.0437374632106666,False,False,76361.54782710738,69681.3954659458,6680.152361161585,0.7104345835731656,0.04373746321066668,0.0,8.326672684688674e-17,False,False
1,Digit 1,20,2,6,9.803921915590763e-06,0.00021922235849361032,0.035294117647058816,0.7000083333336282,0.0001863390047195688,0.03,True,False,76108.68214259275,71526.69324512113,4581.988897471616,0.7000083333336282,0.030000000000000082,0.0,8.326672684688674e-17,False,False
1,Digit 1,21,3,0,5.000000074505806e-05,0.0011180340054098839,0.035294117647058816,0.7000425000006333,0.0009503289045984014,0.03,True,False,76106.07295444474,71524.08405697312,4581.988897471616,0.7000425000006332,0.02999999999999997,1.1102230246251565e-16,2.7755575615628914e-17,False,False
1,Digit 1,22,3,1,0.000206372557207942,0.0025195839691538246,0.035294117647058816,0.7001754166736267,0.0021416463737807512,0.03,True,False,76095.92257577898,71513.93367830737,4581.988897471616,0.7001754166736267,0.030000000000000027,0.0,2.7755575615628914e-17,False,False
1,Digit 1,23,3,2,0.016802941581525375,0.05853483337903126,0.05853483337903126,0.7142825003442965,0.04975460837217657,0.04975460837217657,False,False,76527.20416712067,68928.03539514195,7599.168771978715,0.7142825003442965,0.049754608372176656,0.0,8.326672684688674e-17,False,False
1,Digit 1,24,3,3,0.6508902250155807,0.14711030000912384,0.14711030000912384,1.2532566912632435,0.12504375500775528,0.12504375500775528,False,False,41117.2087532869,22018.905515163744,19098.303238123153,1.2532566912632435,0.12504375500775522,0.0,5.551115123125783e-17,False,False
1,Digit 1,25,3,4,0.10810588520212332,0.12607577189457636,0.12607577189457636,0.7918900024218047,0.10716440611038992,0.10716440611038992,False,False,74984.77654983627,58617.23924977143,16367.53730006484,0.7918900024218047,0.10716440611038996,0.0,4.163336342344337e-17,False,False
1,Digit 1,26,3,5,0.0008230392300756648,0.012755648969290616,0.035294117647058816,0.7006995833455643,0.010842301623897025,0.03,True,False,76055.89381125828,71473.90491378667,4581.988897471616,0.7006995833455641,0.030000000000000027,1.1102230246251565e-16,2.7755575615628914e-17,False,False
1,Digit 1,27,3,6,0.0,0.0,0.035294117647058816,0.7,0.0,0.03,True,False,76109.31852996214,71527.32963249052,4581.988897471616,0.7,0.02999999999999997,0.0,2.7755575615628914e-17,False,False
1,Digit 1,28,4,0,5.490196123719215e-05,0.0012276451742442062,0.035294117647058816,0.7000466666670516,0.0010434983981075755,0.03,True,False,76105.75476079027,71523.76586331865,4581.988897471616,0.7000466666670515,0.02999999999999997,1.1102230246251565e-16,2.7755575615628914e-17,False,False
1,Digit 1,29,4,1,0.0022289216169156132,0.015152223572588856,0.035294117647058816,0.7018945833743783,0.012879390036700529,0.03,True,False,75964.63586351655,71382.64696604494,4581.988897471616,0.7018945833743782,0.030000000000000082,1.1102230246251565e-16,8.326672684688674e-17,False,False
1,Digit 1,30,4,2,0.12638088648370466,0.18591110225140817,0.18591110225140817,0.8074237535111489,0.15802443691369697,0.15802443691369697,False,False,77682.52024047551,53546.97972488344,24135.540515592074,0.8074237535111488,0.15802443691369694,1.1102230246251565e-16,2.7755575615628914e-17,False,False
1,Digit 1,31,4,3,0.6096838472485542,0.17165294536671924,0.17165294536671924,1.218231270161271,0.14590500356171138,0.14590500356171138,False,False,45385.07708462237,23100.573537778466,22284.503546843902,1.218231270161271,0.14590500356171132,0.0,5.551115123125783e-17,False,False
1,Digit 1,32,4,4,0.04663235400494887,0.10708626611172883,0.10708626611172883,0.7396375009042065,0.09102332619496951,0.09102332619496951,False,False,77742.47876405453,63840.21642951162,13902.262334542902,0.7396375009042065,0.09102332619496956,0.0,4.163336342344337e-17,False,False
1,Digit 1,33,4,5,0.0016426471187733114,0.013915656607099711,0.035294117647058816,0.7013962500509573,0.011828308116034756,0.03,True,False,76002.69182610247,71420.70292863085,4581.988897471616,0.7013962500509572,0.030000000000000027,1.1102230246251565e-16,2.7755575615628914e-17,False,False
1,Digit 1,34,4,6,7.84313753247261e-05,0.0017537788679488954,0.035294117647058816,0.700066666669026,0.0014907120377565613,0.03,True,False,76104.227431007,71522.23853353539,4581.988897471616,0.7000666666690258,0.030000000000000082,1.1102230246251565e-16,8.326672684688674e-17,False,False
1,Digit 1,35,5,0,0.0,0.0,0.035294117647058816,0.7,0.0,0.03,True,False,76109.31852996214,71527.32963249052,4581.988897471616,0.7,0.02999999999999997,0.0,2.7755575615628914e-17,False,False
1,Digit 1,36,5,1,0.023750490843085573,0.08722057405064332,0.08722057405064332,0.7201879172166227,0.07413748794304682,0.07413748794304682,False,False,77938.26298275692,66615.02476137437,11323.238221382548,0.7201879172166226,0.07413748794304698,1.1102230246251565e-16,1.5265566588595902e-16,False,False
1,Digit 1,37,5,2,0.25318481427174994,0.27935378392102134,0.23529411764705882,0.9152070921309874,0.23745071633286816,0.2,False,True,72657.0119594428,42110.41930963206,30546.592649810736,0.9152070921309872,0.1999999999999999,2.220446049250313e-16,1.1102230246251565e-16,False,False
1,Digit 1,38,5,3,0.39691276055620983,0.25149271366028897,0.23529411764705882,1.0373758464727785,0.21376880661124564,0.2,False,True,63327.41402590907,32780.821376098334,30546.592649810736,1.0373758464727785,0.20000000000000007,0.0,5.551115123125783e-17,False,False
1,Digit 1,39,5,4,0.06717598216165789,0.13914609842291487,0.13914609842291487,0.7570995848374091,0.11827418365947764,0.11827418365947764,False,False,78490.01295805963,60425.6464118848,18064.366546174824,0.7570995848374091,0.11827418365947756,0.0,8.326672684688674e-17,False,False
1,Digit 1,40,5,5,0.0038250001831911505,0.03247992652133635,0.035294117647058816,0.7032512501557124,0.0276079375431359,0.03,True,False,75861.03199468918,71279.04309721757,4581.988897471616,0.7032512501557124,0.030000000000000082,0.0,8.326672684688674e-17,False,False
1,Digit 1,41,5,6,5.147058982402086e-05,0.0009181847841751936,0.035294117647058816,0.7000437500013503,0.0007804570665489146,0.03,True,False,76105.97749628795,71523.98859881633,4581.988897471616,0.7000437500013502,0.030000000000000138,1.1102230246251565e-16,1.3877787807814457e-16,False,False
1,Digit 1,42,6,0,0.0,0.0,0.035294117647058816,0.7,0.0,0.03,True,False,76109.31852996214,71527.32963249052,4581.988897471616,0.7,0.02999999999999997,0.0,2.7755575615628914e-17,False,False
1,Digit 1,43,6,1,0.0016921568866819143,0.01037691899970463,0.035294117647058816,0.7014383333536796,0.008820381149748938,0.03,True,False,75999.47807233842,71417.4891748668,4581.988897471616,0.7014383333536796,0.02999999999999997,0.0,2.7755575615628914e-17,False,False
1,Digit 1,44,6,2,0.016803921771934256,0.04335039042591784,0.04335039042591784,0.714283333506144,0.03684783186203017,0.03684783186203017,False,False,75541.49543028777,69913.61688069701,5627.878549590765,0.714283333506144,0.03684783186203017,0.0,0.0,False,False
1,Digit 1,45,6,3,0.017988725809089372,0.03792157000186359,0.03792157000186359,0.7152904169377259,0.032233334501584054,0.032233334501584054,False,False,75112.19508403257,70189.10239020768,4923.092693824889,0.7152904169377259,0.032233334501584054,0.0,0.0,False,False
1,Digit 1,46,6,4,0.0035171569660305975,0.01625721626127749,0.035294117647058816,0.7029895834211259,0.013818633822085868,0.03,True,False,75881.01456256774,71299.02566509612,4581.988897471616,0.7029895834211258,0.030000000000000027,1.1102230246251565e-16,2.7755575615628914e-17,False,False
1,Digit 1,47,6,5,0.0,0.0,0.035294117647058816,0.7,0.0,0.03,True,False,76109.31852996214,71527.32963249052,4581.988897471616,0.7,0.02999999999999997,0.0,2.7755575615628914e-17,False,False
1,Digit 1,48,6,6,0.0,0.0,0.035294117647058816,0.7,0.0,0.03,True,False,76109.31852996214,71527.32963249052,4581.988897471616,0.7,0.02999999999999997,0.0,2.7755575615628914e-17,False,False
2,Digit 2,0,0,0,0.0,0.0,0.035294117647058816,0.7,0.0,0.03,True,False,76109.31852996214,71527.32963249052,4581.988897471616,0.7,0.02999999999999997,0.0,2.7755575615628914e-17,False,False
2,Digit 2,1,0,1,0.010829329904582765,0.044740727731928026,0.044740727731928026,0.7092049304188953,0.038029618572138824,0.038029618572138824,False,False,76019.56409941372,70211.1877636597,5808.376335754016,0.7092049304188952,0.03802961857213877,1.1102230246251565e-16,5.551115123125783e-17,False,False
2,Digit 2,2,0,2,0.012831482133220157,0.03976527899390435,0.03976527899390435,0.7109067598132371,0.0338004871448187,0.0338004871448187,False,False,75566.63748881048,70404.18892792078,5162.448560889694,0.710906759813237,0.03380048714481865,1.1102230246251565e-16,5.551115123125783e-17,False,False
2,Digit 2,3,0,3,0.022311983113713924,0.05791516568359742,0.05791516568359742,0.7189651856466568,0.04922789083105781,0.04922789083105781,False,False,76129.38040059936,68610.65875947099,7518.721641128373,0.7189651856466568,0.049227890831057775,0.0,3.469446951953614e-17,False,False
2,Digit 2,4,0,4,0.042275329308736315,0.09969177794483468,0.09969177794483468,0.7359340299124258,0.08473801125310948,0.08473801125310948,False,False,77545.3124254834,64603.02486696433,12942.287558519063,0.7359340299124257,0.08473801125310942,1.1102230246251565e-16,5.551115123125783e-17,False,False
2,Digit 2,5,0,5,0.004558850783964671,0.018097765735762966,0.035294117647058816,0.70387502316637,0.015383100875398523,0.03,True,False,75813.39664453293,71231.40774706131,4581.988897471616,0.70387502316637,0.030000000000000082,0.0,8.326672684688674e-17,False,False
2,Digit 2,6,0,6,0.0,0.0,0.035294117647058816,0.7,0.0,0.03,True,False,76109.31852996214,71527.32963249052,4581.988897471616,0.7,0.02999999999999997,0.0,2.7755575615628914e-17,False,False
2,Digit 2,7,1,0,9.313725866377354e-06,0.000294673098540639,0.035294117647058816,0.7000079166669864,0.00025047213375954317,0.03,True,False,76108.7139619582,71526.72506448659,4581.988897471616,0.7000079166669863,0.030000000000000027,1.1102230246251565e-16,2.7755575615628914e-17,False,False
2,Digit 2,8,1,1,0.09417541368190561,0.17626036529300046,0.17626036529300046,0.7800491016296197,0.1498213104990504,0.1498213104990504,False,False,79146.58218775636,56263.92947737984,22882.65271037652,0.7800491016296196,0.1498213104990504,1.1102230246251565e-16,0.0,False,False
2,Digit 2,9,1,2,0.31330339091437054,0.2956358663284973,0.23529411764705882,0.9663078822772149,0.25129048637922274,0.2,False,True,68754.62440774211,38208.03175793137,30546.592649810744,0.9663078822772149,0.2,0.0,0.0,False,False
2,Digit 2,10,1,3,0.41378678397319485,0.2957590059826721,0.23529411764705882,1.0517187663772156,0.25139515508527127,0.2,False,True,62232.09569658481,31685.503046774073,30546.592649810736,1.0517187663772156,0.19999999999999996,0.0,5.551115123125783e-17,False,False
2,Digit 2,11,1,4,0.34886643936847234,0.25922593644641206,0.23529411764705882,0.9965364734632014,0.22034204597945029,0.2,False,True,66446.17325440214,35899.5806045914,30546.592649810736,0.9965364734632014,0.19999999999999996,0.0,5.551115123125783e-17,False,False
2,Digit 2,12,1,5,0.0683219249217978,0.12780455845250385,0.12780455845250385,0.7580736361835281,0.10863387468462829,0.10863387468462829,False,False,77679.4316056523,61087.45801584266,16591.973589809633,0.7580736361835281,0.10863387468462832,0.0,2.7755575615628914e-17,False,False
2,Digit 2,13,1,6,0.0003240196108818054,0.008080122506823462,0.035294117647058816,0.7002754166692495,0.006868104130799944,0.03,True,False,76088.28592795081,71506.2970304792,4581.988897471616,0.7002754166692494,0.030000000000000027,1.1102230246251565e-16,2.7755575615628914e-17,False,False
2,Digit 2,14,2,0,0.00036102943122386935,0.008076963997121947,0.035294117647058816,0.7003068750165402,0.006865419397553656,0.03,True,False,76085.88356465049,71503.89466717887,4581.988897471616,0.7003068750165402,0.030000000000000027,0.0,2.7755575615628914e-17,False,False
2,Digit 2,15,2,1,0.06430152532942722,0.1155978698177144,0.1155978698177144,0.7546562965300131,0.09825818934505726,0.09825818934505726,False,False,77148.04722768099,62140.7828055238,15007.26442215719,0.754656296530013,0.09825818934505731,1.1102230246251565e-16,5.551115123125783e-17,False,False
2,Digit 2,16,2,2,0.13216054282459017,0.16772231959502237,0.16772231959502237,0.8123364614009017,0.14256397165576903,0.14256397165576903,False,False,76126.69268765986,54352.47484412015,21774.217843539707,0.8123364614009015,0.14256397165576906,1.1102230246251565e-16,2.7755575615628914e-17,False,False
2,Digit 2,17,2,3,0.22407201026262352,0.2680042890231719,0.23529411764705882,0.89046120872323,0.22780364566969616,0.2,False,True,74546.76800998398,44000.17536017325,30546.59264981073,0.89046120872323,0.19999999999999996,0.0,5.551115123125783e-17,False,False
2,Digit 2,18,2,4,0.4479501846619015,0.3008873834001715,0.23529411764705882,1.0807576569626163,0.2557542758901458,0.2,False,True,60014.49779229816,29467.905142487427,30546.592649810736,1.0807576569626163,0.2,0.0,0.0,False,False
2,Digit 2,19,2,5,0.14147979731716784,0.19033547624639585,0.19033547624639588,0.8202578277195927,0.1617851548094365,0.1617851548094365,False,False,76989.6199423486,52279.69383859648,24709.926103752114,0.8202578277195927,0.1617851548094364,0.0,1.1102230246251565e-16,False,False
2,Digit 2,20,2,6,0.010042674124732406,0.04296728457624779,0.04296728457624779,0.7085362730060225,0.036522191889810623,0.036522191889810623,False,False,75955.51024141064,70377.3676497293,5578.142591681331,0.7085362730060224,0.03652219188981065,1.1102230246251565e-16,2.7755575615628914e-17,False,False
2,Digit 2,21,3,0,0.00013774510123766958,0.0022291658738519786,0.035294117647058816,0.7001170833360519,0.001894790992774182,0.03,True,False,76100.377287531,71518.38839005938,4581.988897471616,0.7001170833360518,0.030000000000000027,1.1102230246251565e-16,2.7755575615628914e-17,False,False
2,Digit 2,22,3,1,0.05896288492176488,0.1327032610672178,0.1327032610672178,0.7501184521835002,0.11279777190713515,0.11279777190713515,False,False,78604.92319913914,61376.98524787153,17227.93795126761,0.7501184521835,0.11279777190713519,1.1102230246251565e-16,4.163336342344337e-17,False,False
2,Digit 2,23,3,2,0.1834882159694874,0.24748139077884843,0.23529411764705882,0.8559649835740643,0.21035918216202118,0.2,False,True,77181.1233539533,46634.53070414255,30546.59264981075,0.8559649835740641,0.20000000000000012,1.1102230246251565e-16,1.1102230246251565e-16,False,False
2,Digit 2,24,3,3,0.46711045738437035,0.2893057363806107,0.23529411764705882,1.0970438887767147,0.24590987592351912,0.2,False,True,58770.77556973403,28224.182919923296,30546.592649810736,1.0970438887767147,0.19999999999999996,0.0,5.551115123125783e-17,False,False
2,Digit 2,25,3,4,0.4719810097894838,0.2712256768919016,0.23529411764705882,1.1011838583210611,0.23054182535811638,0.2,False,True,58454.6206615996,27908.02801178886,30546.592649810736,1.1011838583210611,0.2,0.0,0.0,False,False
2,Digit 2,26,3,5,0.14736844262003435,0.21973597783232052,0.21973597783232052,0.8252631762270292,0.18677558115747245,0.18677558115747245,False,False,78515.81002202748,49989.0220492826,28526.78797274488,0.8252631762270289,0.1867755811574724,2.220446049250313e-16,5.551115123125783e-17,False,False
2,Digit 2,27,3,6,0.010114488700404763,0.028782144440269764,0.035294117647058816,0.708597315395344,0.024464822774229303,0.03,True,False,75452.77180180333,70870.78290433172,4581.988897471616,0.708597315395344,0.030000000000000082,0.0,8.326672684688674e-17,False,False
2,Digit 2,28,4,0,0.0029676470807753503,0.018641759359802775,0.035294117647058816,0.702522500018659,0.01584549545583236,0.03,True,False,75916.68407863934,71334.69518116773,4581.988897471616,0.702522500018659,0.02999999999999997,0.0,2.7755575615628914e-17,False,False
2,Digit 2,29,4,1,0.19336193267927348,0.2524393226456834,0.23529411764705882,0.8643576427773825,0.21457342424883094,0.2,False,True,76540.20549912217,45993.61284931144,30546.59264981073,0.8643576427773825,0.2,0.0,0.0,False,False
2,Digit 2,30,4,2,0.5542197430261877,0.269982239945944,0.23529411764705882,1.1710867815722596,0.22948490395405244,0.2,False,True,53116.38035763624,22569.787707825497,30546.592649810744,1.1710867815722596,0.2,0.0,0.0,False,False
2,Digit 2,31,4,3,0.6228627413592378,0.25079799238215605,0.23529411764705882,1.2294333301553522,0.21317829352483267,0.2,False,True,48660.65972741094,18114.0670776002,30546.592649810736,1.2294333301553522,0.19999999999999996,0.0,5.551115123125783e-17,False,False
2,Digit 2,32,4,4,0.37928342870832743,0.2989469211833242,0.23529411764705882,1.0223909144020782,0.2541048830058256,0.2,False,True,64471.76056553099,33925.167915720245,30546.592649810744,1.0223909144020782,0.20000000000000007,0.0,5.551115123125783e-17,False,False
2,Digit 2,33,4,5,0.20869382495209965,0.22287824445137316,0.22287824445137316,0.8773897512092846,0.1894465077836672,0.1894465077836672,False,False,74739.0561606153,45804.3296496309,28934.72651098441,0.8773897512092848,0.18944650778366717,1.1102230246251565e-16,2.7755575615628914e-17,False,False
2,Digit 2,34,4,6,0.04580808811014544,0.0995191900462376,0.09951919004623759,0.7389368748936236,0.08459131153930197,0.08459131153930197,False,False,77304.79277840666,64384.91110188519,12919.881676521465,0.7389368748936236,0.08459131153930205,0.0,8.326672684688674e-17,False,False
2,Digit 2,35,5,0,0.0024044118135934695,0.016618073151045486,0.035294117647058816,0.7020437500415544,0.014125362178388664,0.03,True,False,75953.24452996865,71371.25563249704,4581.988897471616,0.7020437500415543,0.030000000000000027,1.1102230246251565e-16,2.7755575615628914e-17,False,False
2,Digit 2,36,5,1,0.10799098876568153,0.17374487559182764,0.17374487559182764,0.7917923404508292,0.1476831442530535,0.1476831442530535,False,False,78086.50812276892,55530.42387906261,22556.08424370631,0.7917923404508291,0.14768314425305346,1.1102230246251565e-16,5.551115123125783e-17,False,False
2,Digit 2,37,5,2,0.38576288996310903,0.24111201222572026,0.23529411764705882,1.0278984564686426,0.20494521039186225,0.2,False,True,64051.16895550839,33504.57630569764,30546.592649810744,1.0278984564686426,0.2,0.0,0.0,False,False
2,Digit 2,38,5,3,0.31522373548007776,0.27659828140442655,0.23529411764705882,0.9679401751580661,0.2351085391937626,0.2,False,True,68629.97194345074,38083.379293640006,30546.592649810736,0.967940175158066,0.20000000000000007,1.1102230246251565e-16,5.551115123125783e-17,False,False
2,Digit 2,39,5,4,0.23768750791847315,0.2697923556754357,0.23529411764705882,0.9020343817307022,0.22932350232412035,0.2,False,True,73662.96550617139,43116.37285636065,30546.592649810736,0.9020343817307022,0.19999999999999996,0.0,5.551115123125783e-17,False,False
2,Digit 2,40,5,5,0.14722239253543862,0.2383502778813054,0.23529411764705882,0.8251390336551228,0.2025977361991096,0.2,False,True,79535.19269199671,48988.600042185986,30546.592649810722,0.8251390336551228,0.1999999999999998,0.0,2.220446049250313e-16,False,False
2,Digit 2,41,5,6,0.018100599894222493,0.055157845293872895,0.055157845293872895,0.7153855099100891,0.04688416849979197,0.04688416849979197,False,False,76223.76581361411,69063.00782917296,7160.757984441152,0.715385509910089,0.04688416849979188,1.1102230246251565e-16,9.020562075079397e-17,False,False
2,Digit 2,42,6,0,0.0,0.0,0.035294117647058816,0.7,0.0,0.03,True,False,76109.31852996214,71527.32963249052,4581.988897471616,0.7,0.02999999999999997,0.0,2.7755575615628914e-17,False,False
2,Digit 2,43,6,1,0.00038935185703707647,0.005519698633793676,0.035294117647058816,0.7003309490784815,0.004691743838724625,0.03,True,False,76084.04511324163,71502.05621577002,4581.988897471616,0.7003309490784813,0.030000000000000082,2.220446049250313e-16,8.326672684688674e-17,False,False
2,Digit 2,44,6,2,0.011466830577804812,0.045067709600753715,0.045067709600753715,0.709746805991134,0.03830755316064066,0.03830755316064066,False,False,75999.40785512922,70148.5817460839,5850.826109045316,0.709746805991134,0.03830755316064077,0.0,1.1102230246251565e-16,False,False
2,Digit 2,45,6,3,0.023818846337658923,0.05859933075626223,0.05859933075626223,0.72024601938701,0.0498094311428229,0.0498094311428229,False,False,76075.97782183494,68468.43580564189,7607.542016193052,0.72024601938701,0.04980943114282299,0.0,9.020562075079397e-17,False,False
2,Digit 2,46,6,4,0.027340032217286838,0.07699082113207997,0.07699082113207997,0.7232390273846938,0.06544219796226798,0.06544219796226798,False,False,77041.23173163542,67046.05091532704,9995.180816308377,0.7232390273846938,0.06544219796226802,0.0,4.163336342344337e-17,False,False
2,Digit 2,47,6,5,0.002185375832590378,0.010343724390728311,0.035294117647058816,0.7018575694577017,0.008792165732119066,0.03,True,False,75967.46248610428,71385.47358863267,4581.988897471616,0.7018575694577016,0.02999999999999997,1.1102230246251565e-16,2.7755575615628914e-17,False,False
2,Digit 2,48,6,6,0.00021544119162717834,0.005915643046459758,0.035294117647058816,0.700183125012883,0.0050282965894907945,0.03,True,False,76095.33391703082,71513.3450195592,4581.988897471616,0.7001831250128829,0.030000000000000082,1.1102230246251565e-16,8.326672684688674e-17,False,False
3,Digit 3,0,0,0,0.0,0.0,0.035294117647058816,0.7,0.0,0.03,True,False,76109.31852996214,71527.32963249052,4581.988897471616,0.7,0.02999999999999997,0.0,2.7755575615628914e-17,False,False
3,Digit 3,1,0,1,0.00038578432891517875,0.006353499601693761,0.035294117647058816,0.7003279166795778,0.005400474661439698,0.03,True,False,76084.27668687678,71502.28778940516,4581.988897471616,0.7003279166795777,0.030000000000000082,1.1102230246251565e-16,8.326672684688674e-17,False,False
3,Digit 3,2,0,2,0.0034931372990831735,0.022441409159544498,0.035294117647058816,0.7029691667042206,0.019075197785612827,0.03,True,False,75882.57371540411,71300.5848179325,4581.988897471616,0.7029691667042206,0.030000000000000082,0.0,8.326672684688674e-17,False,False
3,Digit 3,3,0,3,0.007331372671877034,0.03161541838789007,0.035294117647058816,0.7062316667710954,0.02687310562970656,0.03,True,False,75633.42806399711,71051.4391665255,4581.988897471616,0.7062316667710953,0.030000000000000027,1.1102230246251565e-16,2.7755575615628914e-17,False,False
3,Digit 3,4,0,4,0.005235784413991496,0.026730171306508954,0.035294117647058816,0.7044504167518927,0.02272064561053261,0.03,True,False,75769.45586085724,71187.46696338562,4581.988897471616,0.7044504167518926,0.02999999999999997,1.1102230246251565e-16,2.7755575615628914e-17,False,False
3,Digit 3,5,0,5,0.0007975489972741343,0.008734523053306069,0.035294117647058816,0.700677916647683,0.007424344595310159,0.03,True,False,76057.5484207439,71475.55952327228,4581.988897471616,0.7006779166476829,0.030000000000000027,1.1102230246251565e-16,2.7755575615628914e-17,False,False
3,Digit 3,6,0,6,0.0,0.0,0.035294117647058816,0.7,0.0,0.03,True,False,76109.31852996214,71527.32963249052,4581.988897471616,0.7,0.02999999999999997,0.0,2.7755575615628914e-17,False,False
3,Digit 3,7,1,0,0.0013715686379000545,0.012856535288229031,0.035294117647058816,0.701165833342215,0.010928054994994678,0.03,True,False,76020.28793945661,71438.299041985,4581.988897471616,0.7011658333422149,0.030000000000000027,1.1102230246251565e-16,2.7755575615628914e-17,False,False
3,Digit 3,8,1,1,0.06150686426553875,0.11950693826459056,0.11950693826459056,0.7522808346257079,0.10158089752490199,0.10158089752490199,False,False,77583.19642870565,62068.44494022891,15514.751488476737,0.7522808346257078,0.10158089752490196,1.1102230246251565e-16,2.7755575615628914e-17,False,False
3,Digit 3,9,1,2,0.3366392295463593,0.22625201058374814,0.22625201058374814,0.9861433451144054,0.19231420899618593,0.19231420899618593,False,False,66652.92308200909,37280.2040671238,29372.71901488529,0.9861433451144054,0.1923142089961859,0.0,2.7755575615628914e-17,False,False
3,Digit 3,10,1,3,0.5292407088885084,0.17687793633558452,0.17687793633558452,1.149854602555232,0.15034624588524687,0.15034624588524687,False,False,50945.92466519568,27983.097017771062,22962.827647424616,1.149854602555232,0.15034624588524698,0.0,1.1102230246251565e-16,False,False
3,Digit 3,11,1,4,0.40401423194259406,0.24524879982539677,0.23529411764705882,1.0434120971512049,0.20846147985158728,0.2,False,True,62866.44679939398,32319.854149583247,30546.592649810736,1.0434120971512049,0.19999999999999996,0.0,5.551115123125783e-17,False,False
3,Digit 3,12,1,5,0.07982892383704893,0.145472002471801,0.145472002471801,0.7678545852614915,0.12365120210103087,0.12365120210103087,False,False,78079.31539581377,59193.70088961572,18885.61450619805,0.7678545852614915,0.12365120210103075,0.0,1.1102230246251565e-16,False,False
3,Digit 3,13,1,6,0.000239215686917305,0.005349025372314008,0.035294117647058816,0.7002033333338796,0.004546671566466908,0.03,True,False,76093.79067865676,71511.80178118515,4581.988897471616,0.7002033333338796,0.030000000000000138,0.0,1.3877787807814457e-16,False,False
3,Digit 3,14,2,0,0.002805392211768776,0.022475167473126816,0.035294117647058816,0.7023845833800034,0.019103892352157797,0.03,True,False,75927.21628709095,71345.22738961934,4581.988897471616,0.7023845833800033,0.030000000000000082,1.1102230246251565e-16,8.326672684688674e-17,False,False
3,Digit 3,15,2,1,0.0585813740969752,0.1397413390107575,0.1397413390107575,0.7497941679824289,0.11878013815914389,0.11878013815914389,False,False,79086.53990507658,60944.89742889855,18141.642476178036,0.7497941679824289,0.11878013815914384,0.0,4.163336342344337e-17,False,False
3,Digit 3,16,2,2,0.17093676948931533,0.1951452522164186,0.19514525221641862,0.845296254065918,0.16587346438395584,0.16587346438395584,False,False,75389.73323486278,50055.38749511485,25334.345739747936,0.8452962540659179,0.16587346438395584,1.1102230246251565e-16,0.0,False,False
3,Digit 3,17,2,3,0.38341521200852,0.22783999457111295,0.22783999457111295,1.025902930207242,0.19366399538544604,0.19366399538544604,False,False,63719.701895110644,34140.826005240415,29578.87588987023,1.025902930207242,0.193663995385446,0.0,5.551115123125783e-17,False,False
3,Digit 3,18,2,4,0.4934014897267334,0.24422061385781063,0.23529411764705882,1.1193912662677235,0.20758752177913906,0.2,False,True,57064.18497721055,26517.59232739981,30546.59264981074,1.1193912662677235,0.2,0.0,0.0,False,False
3,Digit 3,19,2,5,0.0821014733746415,0.15349628665535384,0.15349628665535384,0.7697862523684452,0.13047184365705078,0.13047184365705078,False,False,78452.66917324117,58525.31787093256,19927.351302308613,0.7697862523684451,0.13047184365705072,1.1102230246251565e-16,5.551115123125783e-17,False,False
3,Digit 3,20,2,6,5.8823530562222e-06,0.0001315334130136648,0.035294117647058816,0.7000050000000978,0.0001118034010616151,0.03,True,False,76108.93669754655,71526.94780007494,4581.988897471616,0.7000050000000977,0.02999999999999997,1.1102230246251565e-16,2.7755575615628914e-17,False,False
3,Digit 3,21,3,0,0.00026421569404192266,0.00249980740203564,0.035294117647058816,0.7002245833399355,0.002124836291730294,0.03,True,False,76092.16789045978,71510.17899298816,4581.988897471616,0.7002245833399354,0.030000000000000027,1.1102230246251565e-16,2.7755575615628914e-17,False,False
3,Digit 3,22,3,1,0.01823774541990133,0.06323251422323427,0.06323251422323427,0.7155020836069161,0.05374763708974913,0.05374763708974913,False,False,76739.00243849296,68529.96655814082,8209.035880352138,0.7155020836069161,0.05374763708974917,0.0,3.469446951953614e-17,False,False
3,Digit 3,23,3,2,0.265388243816793,0.23112606922615966,0.23112606922615966,0.925580007244274,0.19645715884223575,0.19645715884223575,False,False,71594.3146138782,41588.83059241349,30005.484021464712,0.9255800072442739,0.19645715884223586,1.1102230246251565e-16,1.1102230246251565e-16,False,False
3,Digit 3,24,3,3,0.5947451206559781,0.21689799128591167,0.21689799128591167,1.2055333525575813,0.18436329259302495,0.18436329259302495,False,False,49291.696598594855,21133.34460650983,28158.351992085027,1.2055333525575813,0.18436329259302509,0.0,1.3877787807814457e-16,False,False
3,Digit 3,25,3,4,0.4900279576181201,0.22960546960200154,0.2296054696020015,1.116523763975402,0.19516464916170131,0.19516464916170131,False,False,56913.907307384325,27105.832119455732,29808.075187928593,1.116523763975402,0.1951646491617014,0.0,8.326672684688674e-17,False,False
3,Digit 3,26,3,5,0.0800284333913005,0.13476621113147463,0.13476621113147463,0.7680241683826053,0.11455127946175345,0.11455127946175345,False,False,77371.43585449441,59875.67949833034,17495.75635616407,0.7680241683826053,0.11455127946175347,0.0,2.7755575615628914e-17,False,False
3,Digit 3,27,3,6,5.147058982402086e-05,0.0009820454474066985,0.035294117647058816,0.7000437500013503,0.0008347386302956938,0.03,True,False,76105.97749628795,71523.98859881633,4581.988897471616,0.7000437500013502,0.030000000000000138,1.1102230246251565e-16,1.3877787807814457e-16,False,False
3,Digit 3,28,4,0,0.005857352953637019,0.028945001776616366,0.035294117647058816,0.7049787500105914,0.024603251510123915,0.03,True,False,75729.10890876519,71147.12001129358,4581.988897471616,0.7049787500105913,0.030000000000000082,1.1102230246251565e-16,8.326672684688674e-17,False,False
3,Digit 3,29,4,1,0.08363529614638537,0.1639191266544724,0.1639191266544724,0.7710900017244275,0.13933125765630155,0.13933125765630155,False,False,79029.66869838242,57749.19284331809,21280.47585506433,0.7710900017244274,0.1393312576563015,1.1102230246251565e-16,5.551115123125783e-17,False,False
3,Digit 3,30,4,2,0.09121617936261464,0.15045696175177745,0.15045696175177745,0.7775337524582224,0.12788841748901084,0.12788841748901084,False,False,77663.73268300924,58130.95571468052,19532.77696832872,0.7775337524582223,0.1278884174890108,1.1102230246251565e-16,2.7755575615628914e-17,False,False
3,Digit 3,31,4,3,0.1221053958995617,0.18271111911567026,0.18271111911567026,0.8037895865146274,0.15530445124831974,0.15530445124831974,False,False,77752.33305230184,54032.224007377765,23720.109044924073,0.8037895865146274,0.15530445124831976,0.0,2.7755575615628914e-17,False,False
3,Digit 3,32,4,4,0.46458482154936065,0.22336561821606724,0.22336561821606724,1.0948970983169566,0.18986077548365718,0.18986077548365718,False,False,58160.42150121662,29162.422656834362,28997.998844382255,1.0948970983169566,0.1898607754836572,0.0,2.7755575615628914e-17,False,False
3,Digit 3,33,4,5,0.17635931927361526,0.22512348925073658,0.22512348925073658,0.849905421382573,0.19135496586312611,0.19135496586312611,False,False,76983.6799581455,47757.46898944873,29226.210968696767,0.849905421382573,0.19135496586312617,0.0,5.551115123125783e-17,False,False
3,Digit 3,34,4,6,0.0012044117646291851,0.012638869188821787,0.035294117647058816,0.7010237499999348,0.01074303881049852,0.03,True,False,76031.13834440401,71449.1494469324,4581.988897471616,0.7010237499999348,0.030000000000000082,0.0,8.326672684688674e-17,False,False
3,Digit 3,35,5,0,0.009857843276811764,0.040108220201789474,0.040108220201789474,0.70837916678529,0.03409198717152106,0.03409198717152106,False,False,75781.92170676621,70574.95148301107,5206.970223755139,0.7083791667852899,0.03409198717152112,1.1102230246251565e-16,6.245004513516506e-17,False,False
3,Digit 3,36,5,1,0.20761128183221444,0.23505908408665915,0.23505908408665915,0.8764695895573822,0.1998002214736603,0.1998002214736603,False,False,75600.00235474938,45083.92247126003,30516.079883489343,0.8764695895573822,0.19980022147366028,0.0,2.7755575615628914e-17,False,False
3,Digit 3,37,5,2,0.4813980627399869,0.24210431119658118,0.23529411764705882,1.1091883533289888,0.20578866451709402,0.2,False,True,57843.345540663075,27296.752890852338,30546.592649810736,1.1091883533289888,0.2,0.0,0.0,False,False
3,Digit 3,38,5,3,0.5518505141120404,0.19799495156087496,0.19799495156087496,1.1690729369952344,0.16829570882674375,0.16829570882674375,False,False,50849.02541322118,25144.723102012664,25704.302311208514,1.1690729369952344,0.16829570882674383,0.0,8.326672684688674e-17,False,False
3,Digit 3,39,5,4,0.40942648411903065,0.2313259022936533,0.2313259022936533,1.048012511501176,0.19662701694960533,0.19662701694960533,False,False,62257.5464933339,32226.11953979876,30031.42695353514,1.048012511501176,0.19662701694960538,0.0,5.551115123125783e-17,False,False
3,Digit 3,40,5,5,0.06733921723160893,0.1321087491415014,0.1321087491415014,0.7572383346468675,0.1122924367702762,0.1122924367702762,False,False,78022.61215938845,60871.855541007164,17150.75661838128,0.7572383346468674,0.11229243677027617,1.1102230246251565e-16,2.7755575615628914e-17,False,False
3,Digit 3,41,5,6,0.00015882353484630586,0.003551402203431453,0.035294117647058816,0.7001350000046194,0.0030186918729167354,0.03,True,False,76099.00905459006,71517.02015711844,4581.988897471616,0.7001350000046194,0.02999999999999997,0.0,2.7755575615628914e-17,False,False
3,Digit 3,42,6,0,0.00013970588613301517,0.0020352142803123684,0.035294117647058816,0.700118750003213,0.0017299321382655134,0.03,True,False,76100.25001002385,71518.26111255224,4581.988897471616,0.7001187500032131,0.030000000000000082,1.1102230246251565e-16,8.326672684688674e-17,False,False
3,Digit 3,43,6,1,0.013950980624300427,0.04518644405782452,0.045186444057824515,0.7118583335306553,0.038408477449150845,0.038408477449150845,False,False,75845.86515890667,69979.6245842134,5866.240574693278,0.7118583335306552,0.038408477449150935,1.1102230246251565e-16,9.020562075079397e-17,False,False
3,Digit 3,44,6,2,0.06073333410563646,0.09446258819321396,0.09446258819321396,0.751623333989791,0.08029319996423187,0.08029319996423187,False,False,76007.74087434112,63744.32251505517,12263.418359285948,0.7516233339897909,0.0802931999642319,1.1102230246251565e-16,2.7755575615628914e-17,False,False
3,Digit 3,45,6,3,0.06511372625548392,0.09388713538322817,0.09388713538322817,0.7553466673171613,0.07980406507574395,0.07980406507574395,False,False,75686.04949774088,63497.338159402185,12188.711338338697,0.7553466673171612,0.079804065075744,1.1102230246251565e-16,5.551115123125783e-17,False,False
3,Digit 3,46,6,4,0.014247549332911148,0.04196476113137224,0.04196476113137224,0.7121104169329744,0.03567004696166641,0.03567004696166641,False,False,75617.49013489309,70169.49816320487,5447.991971688214,0.7121104169329744,0.03567004696166637,0.0,4.163336342344337e-17,False,False
3,Digit 3,47,6,5,0.0006495098017621785,0.006768597719686653,0.035294117647058816,0.7005520833314978,0.005753308061733655,0.03,True,False,76067.1578683721,71485.16897090049,4581.988897471616,0.7005520833314978,0.030000000000000027,0.0,2.7755575615628914e-17,False,False
3,Digit 3,48,6,6,0.0,0.0,0.035294117647058816,0.7,0.0,0.03,True,False,76109.31852996214,71527.32963249052,4581.988897471616,0.7,0.02999999999999997,0.0,2.7755575615628914e-17,False,False
4,Digit 4,0,0,0,0.0,0.0,0.035294117647058816,0.7,0.0,0.03,True,False,76109.31852996214,71527.32963249052,4581.988897471616,0.7,0.02999999999999997,0.0,2.7755575615628914e-17,False,False
4,Digit 4,1,0,1,3.4313725773245096e-06,7.672782339026325e-05,0.035294117647058816,0.7000029166666907,6.521864988172376e-05,0.03,True,False,76109.0957943889,71527.10689691728,4581.988897471616,0.7000029166666907,0.030000000000000138,0.0,1.3877787807814457e-16,False,False
4,Digit 4,2,0,2,8.8235295843333e-06,0.0001525681589207592,0.035294117647058816,0.7000075000001467,0.00012968293508264534,0.03,True,False,76108.74578133876,71526.75688386714,4581.988897471616,0.7000075000001467,0.02999999999999997,0.0,2.7755575615628914e-17,False,False
4,Digit 4,3,0,3,0.0001367647126899101,0.0030471885748656782,0.035294117647058816,0.7001162500057864,0.0025901102886358267,0.03,True,False,76100.4409260314,71518.45202855978,4581.988897471616,0.7001162500057863,0.02999999999999997,1.1102230246251565e-16,2.7755575615628914e-17,False,False
4,Digit 4,4,0,4,0.0012602941431105136,0.010129644493059555,0.035294117647058816,0.7010712500216439,0.008610197819100622,0.03,True,False,76027.51093486899,71445.52203739737,4581.988897471616,0.7010712500216439,0.030000000000000027,0.0,2.7755575615628914e-17,False,False
4,Digit 4,5,0,5,0.001297549046576023,0.010795938411543544,0.035294117647058816,0.7011029166895896,0.009176547649812013,0.03,True,False,76025.09266285322,71443.1037653816,4581.988897471616,0.7011029166895895,0.030000000000000027,1.1102230246251565e-16,2.7755575615628914e-17,False,False
4,Digit 4,6,0,6,0.0,0.0,0.035294117647058816,0.7,0.0,0.03,True,False,76109.31852996214,71527.32963249052,4581.988897471616,0.7,0.02999999999999997,0.0,2.7755575615628914e-17,False,False
4,Digit 4,7,1,0,8.186274580657482e-05,0.0013995001832782772,0.035294117647058816,0.7000695833339355,0.0011895751557865358,0.03,True,False,76104.00469556978,71522.01579809816,4581.988897471616,0.7000695833339354,0.02999999999999997,1.1102230246251565e-16,2.7755575615628914e-17,False,False
4,Digit 4,8,1,1,0.018933823918225245,0.06761927777151815,0.06761927777151815,0.7160937503304914,0.05747638610579043,0.05747638610579043,False,False,76978.57037573519,68200.03160895107,8778.538766784113,0.7160937503304914,0.05747638610579048,0.0,4.85722573273506e-17,False,False
4,Digit 4,9,1,2,0.09084362992539537,0.1262178613257284,0.1262178613257284,0.7772170854365861,0.10728518212686916,0.10728518212686916,False,False,76114.51883460933,59728.53505565819,16385.983778951144,0.7772170854365861,0.10728518212686916,0.0,0.0,False,False
4,Digit 4,10,1,3,0.09731274712248705,0.1331054401183133,0.1331054401183133,0.7827158350541139,0.11313962410056631,0.11313962410056631,False,False,76141.68180839073,58861.53175862718,17280.15004976355,0.7827158350541137,0.11313962410056633,2.220446049250313e-16,1.3877787807814457e-17,False,False
4,Digit 4,11,1,4,0.16779510382737498,0.18146685678199825,0.18146685678199825,0.8426258382532688,0.15424682826469854,0.15424682826469854,False,False,74705.77820139298,51147.2030487577,23558.575152635283,0.8426258382532688,0.15424682826469843,0.0,1.1102230246251565e-16,False,False
4,Digit 4,12,1,5,0.1377132391379564,0.16445682716207988,0.16445682716207988,0.8170562532672629,0.1397883030877679,0.1397883030877679,False,False,75554.29074613175,54204.008987980116,21350.281758151636,0.8170562532672628,0.1397883030877679,1.1102230246251565e-16,0.0,False,False
4,Digit 4,13,1,6,0.008669117851415649,0.035682874257000195,0.035682874257000195,0.7073687501737033,0.03033044311845017,0.03033044311845017,False,False,75571.82778355938,70939.3693294216,4632.45845413777,0.7073687501737032,0.03033044311845018,1.1102230246251565e-16,1.0408340855860843e-17,False,False
4,Digit 4,14,2,0,0.0005029411930590868,0.0054250177482976685,0.035294117647058816,0.7004275000141001,0.004611265086053019,0.03,True,False,76076.67185799088,71494.68296051926,4581.988897471616,0.7004275000141,0.030000000000000138,1.1102230246251565e-16,1.3877787807814457e-16,False,False
4,Digit 4,15,2,1,0.07632304159773048,0.16873452454930382,0.16873452454930385,0.7648745853580708,0.14342434586690828,0.14342434586690828,False,False,79816.89292373545,57911.26757742538,21905.625346310066,0.7648745853580707,0.14342434586690822,1.1102230246251565e-16,5.551115123125783e-17,False,False
4,Digit 4,16,2,2,0.3824407013221644,0.228544139872892,0.22854413987289196,1.0250745961238397,0.1942625188919582,0.1942625188919582,False,False,63828.66598903167,34158.37583043761,29670.290158594064,1.0250745961238397,0.19426251889195828,0.0,8.326672684688674e-17,False,False
4,Digit 4,17,2,3,0.20268824048375245,0.21960750322291114,0.21960750322291117,0.8722850044111896,0.1866663777394745,0.1866663777394745,False,False,74916.57896323626,46406.469952119114,28510.109011117143,0.8722850044111896,0.1866663777394746,0.0,8.326672684688674e-17,False,False
4,Digit 4,18,2,4,0.4336828566910699,0.21135979550235262,0.21135979550235262,1.0686304281874093,0.17965582617699974,0.17965582617699974,False,False,59386.99860929611,31947.631912326025,27439.366696970086,1.0686304281874093,0.17965582617699977,0.0,2.7755575615628914e-17,False,False
4,Digit 4,19,2,5,0.17223480944277253,0.22245454293468192,0.22245454293468192,0.8463995880263566,0.18908636149447966,0.18908636149447966,False,False,77078.16278289008,48198.44248185645,28879.72030103363,0.8463995880263566,0.1890863614944796,0.0,5.551115123125783e-17,False,False
4,Digit 4,20,2,6,0.0032553923218511045,0.024320296316965986,0.035294117647058816,0.7027670834735734,0.02067225186942109,0.03,True,False,75898.00610072396,71316.01720325234,4581.988897471616,0.7027670834735733,0.030000000000000082,1.1102230246251565e-16,8.326672684688674e-17,False,False
4,Digit 4,21,3,0,0.0005779411951079965,0.005684889433188641,0.035294117647058816,0.7004912500158418,0.004832156018210345,0.03,True,False,76071.8034946543,71489.81459718269,4581.988897471616,0.7004912500158418,0.02999999999999997,0.0,2.7755575615628914e-17,False,False
4,Digit 4,22,3,1,0.1900529477444943,0.21200585797000854,0.21200585797000854,0.8615450055828201,0.18020497927450727,0.18020497927450727,False,False,75243.32061926671,47720.08014243692,27523.240476829793,0.86154500558282,0.18020497927450713,1.1102230246251565e-16,1.3877787807814457e-16,False,False
4,Digit 4,23,3,2,0.6085809036931022,0.21286111516561543,0.21286111516561543,1.217293768139137,0.18093194789077313,0.18093194789077313,False,False,48131.55531603726,20497.282768256096,27634.272547781162,1.217293768139137,0.18093194789077316,0.0,2.7755575615628914e-17,False,False
4,Digit 4,24,3,3,0.4002377604880603,0.242906584245095,0.23529411764705882,1.0402020964148513,0.20647059660833078,0.2,False,True,63111.58326164145,32564.990611830704,30546.592649810744,1.0402020964148513,0.2,0.0,0.0,False,False
4,Digit 4,25,3,4,0.6369872795268893,0.18079788876168626,0.18079788876168623,1.2414391875978559,0.15367820544743332,0.15367820544743332,False,False,44206.38216312759,20734.654458344245,23471.72770478335,1.2414391875978559,0.15367820544743327,0.0,5.551115123125783e-17,False,False
4,Digit 4,26,3,5,0.1194916700067697,0.16094626298422846,0.16094626298422846,0.8015679195057542,0.1368043235365942,0.1368043235365942,False,False,76509.20428216188,55614.67456313558,20894.5297190263,0.8015679195057541,0.13680432353659422,1.1102230246251565e-16,2.7755575615628914e-17,False,False
4,Digit 4,27,3,6,0.003999509914312512,0.025399977960649568,0.035294117647058816,0.7033995834271656,0.021589981266552136,0.03,True,False,75849.70430464046,71267.71540716884,4581.988897471616,0.7033995834271655,0.030000000000000027,1.1102230246251565e-16,2.7755575615628914e-17,False,False
4,Digit 4,28,4,0,0.0006593137457966804,0.006988380306442936,0.035294117647058816,0.7005604166839271,0.0059401232604764966,0.03,True,False,76066.52147956695,71484.53258209533,4581.988897471616,0.700560416683927,0.030000000000000027,1.1102230246251565e-16,2.7755575615628914e-17,False,False
4,Digit 4,29,4,1,0.10343725758278742,0.15608682911641322,0.1560868291164132,0.7879216689453693,0.13267380474895124,0.13267380474895124,False,False,77235.8872377289,56972.22389289521,20263.663344833687,0.7879216689453694,0.13267380474895124,1.1102230246251565e-16,0.0,False,False
4,Digit 4,30,4,2,0.28875834084511737,0.22030569040134645,0.22030569040134645,0.9454445897183498,0.1872598368411445,0.1872598368411445,False,False,69374.9592198016,40774.20944151928,28600.749778282327,0.9454445897183497,0.1872598368411446,1.1102230246251565e-16,1.1102230246251565e-16,False,False
4,Digit 4,31,4,3,0.5021456045438536,0.24065199526000028,0.23529411764705882,1.1268237638622756,0.20455419597100025,0.2,False,True,56496.591286231844,25949.998636421107,30546.592649810736,1.1268237638622756,0.2,0.0,0.0,False,False
4,Digit 4,32,4,4,0.43483972015959443,0.2371074189487462,0.23529411764705882,1.0696137621356554,0.2015413061064343,0.2,False,True,60865.51783182693,30318.925182016195,30546.592649810736,1.0696137621356554,0.19999999999999996,0.0,5.551115123125783e-17,False,False
4,Digit 4,33,4,5,0.06344608036510181,0.13244189230983164,0.13244189230983164,0.7539291683103365,0.1125756084633569,0.1125756084633569,False,False,78296.94637551588,61102.94010534213,17194.006270173748,0.7539291683103364,0.1125756084633569,1.1102230246251565e-16,0.0,False,False
4,Digit 4,34,4,6,0.003216176540357992,0.01975178185203357,0.035294117647058816,0.7027337500593043,0.016789014574228538,0.03,True,False,75900.55165629223,71318.56275882061,4581.988897471616,0.7027337500593043,0.02999999999999997,0.0,2.7755575615628914e-17,False,False
4,Digit 4,35,5,0,9.607843309640884e-05,0.002148379075752358,0.035294117647058816,0.7000816666681319,0.0018261222143895045,0.03,True,False,76103.0819338509,71521.09303637929,4581.988897471616,0.700081666668132,0.02999999999999997,1.1102230246251565e-16,2.7755575615628914e-17,False,False
4,Digit 4,36,5,1,0.004993137373705395,0.032762957528922894,0.035294117647058816,0.7042441667676496,0.027848513899584464,0.03,True,False,75785.206446489,71203.21754901738,4581.988897471616,0.7042441667676496,0.030000000000000082,0.0,8.326672684688674e-17,False,False
4,Digit 4,37,5,2,0.08426666901796125,0.16536952827409404,0.16536952827409404,0.7716266686652671,0.14056409903297995,0.14056409903297995,False,False,79082.83309064437,57614.061718903904,21468.77137174047,0.7716266686652671,0.1405640990329799,0.0,5.551115123125783e-17,False,False
4,Digit 4,38,5,3,0.3104304025601596,0.2553209355027129,0.23529411764705882,0.9638658421761357,0.217022795177306,0.2,False,True,68941.11441824753,38394.521768436796,30546.59264981073,0.9638658421761357,0.19999999999999996,0.0,5.551115123125783e-17,False,False
4,Digit 4,39,5,4,0.2185230466615176,0.2566136156193436,0.23529411764705882,0.88574458966229,0.21812157327644208,0.2,False,True,74906.95961283115,44360.36696302042,30546.592649810736,0.8857445896622897,0.1999999999999999,2.220446049250313e-16,1.1102230246251565e-16,False,False
4,Digit 4,40,5,5,0.032749020155053585,0.11161003063778688,0.11161003063778688,0.7278366671317955,0.09486852604211886,0.09486852604211886,False,False,78937.31130295941,64447.76020147659,14489.551101482823,0.7278366671317955,0.09486852604211887,0.0,1.3877787807814457e-17,False,False
4,Digit 4,41,5,6,0.0008259804188273847,0.010101245917835887,0.035294117647058816,0.7007020833560033,0.008586059030160504,0.03,True,False,76055.70289425703,71473.71399678542,4581.988897471616,0.7007020833560031,0.02999999999999997,1.1102230246251565e-16,2.7755575615628914e-17,False,False
4,Digit 4,42,6,0,0.0,0.0,0.035294117647058816,0.7,0.0,0.03,True,False,76109.31852996214,71527.32963249052,4581.988897471616,0.7,0.02999999999999997,0.0,2.7755575615628914e-17,False,False
4,Digit 4,43,6,1,0.0012696078692097216,0.009599647906841206,0.035294117647058816,0.7010791666888282,0.008159700720815026,0.03,True,False,76026.90636684994,71444.91746937833,4581.988897471616,0.7010791666888281,0.030000000000000138,1.1102230246251565e-16,1.3877787807814457e-16,False,False
4,Digit 4,44,6,2,0.024398529890691863,0.058914863694654165,0.058914863694654165,0.720738750407088,0.050077634140456045,0.050077634140456045,False,False,76058.83140673471,68410.32595196088,7648.5054547738255,0.7207387504070879,0.05007763414045602,1.1102230246251565e-16,2.7755575615628914e-17,False,False
4,Digit 4,45,6,3,0.05395196160092019,0.08000942039545196,0.08000942039545196,0.7458591673607822,0.06800800733613417,0.06800800733613417,False,False,75509.75306220863,65122.68857709748,10387.064485111157,0.7458591673607822,0.06800800733613416,0.0,1.3877787807814457e-17,False,False
4,Digit 4,46,6,4,0.036930882985587235,0.0691747989293538,0.0691747989293538,0.7313912505377491,0.05879857908995073,0.05879857908995073,False,False,75911.32533348541,66930.84411424337,8980.481219242036,0.7313912505377491,0.05879857908995084,0.0,1.1102230246251565e-16,False,False
4,Digit 4,47,6,5,0.003995588316814974,0.022787246776072786,0.035294117647058816,0.7033962500692927,0.019369159759661872,0.03,True,False,75849.9588614532,71267.96996398158,4581.988897471616,0.7033962500692927,0.030000000000000082,0.0,8.326672684688674e-17,False,False
4,Digit 4,48,6,6,0.0,0.0,0.035294117647058816,0.7,0.0,0.03,True,False,76109.31852996214,71527.32963249052,4581.988897471616,0.7,0.02999999999999997,0.0,2.7755575615628914e-17,False,False
