stream_index,pred_label,pred_class_name,status,status_legacy,best_d2,best_N_hat,best_I_ML,winner_by_nhat,winner_by_d2,winner_agreement,ood_vote_count,unknown_trigger_threshold,unknown_stream_triggered
0,4,Digit 4,UNRELIABLE,IDO,70.4397123080912,0.8437902842243169,0.0008269144785398306,4,3,False,6,8,False
1,4,Digit 4,RELIABLE,RELIABLE,42.29684261572746,0.8386760809830681,0.0008219025593634067,4,4,True,6,8,False
2,4,Digit 4,RELIABLE,RELIABLE,29.52954741368133,0.8444351094146597,0.0008275464072263665,4,4,True,6,8,False
3,4,Digit 4,OOD,OOD,94.03133832317839,0.8156810423279116,0.0007993674214813533,4,4,True,6,8,False
4,4,Digit 4,OOD,OOD,147.49067267178756,0.77948797839466,0.0007638982188267668,4,3,False,6,8,False
5,2,Digit 2,RELIABLE,RELIABLE,26.454695301835407,0.878268032708521,0.0008607026720543506,2,2,True,6,8,False
6,4,Digit 4,RELIABLE,RELIABLE,31.593244271481083,0.842146732235396,0.000825303797590688,4,4,True,6,8,False
7,4,Digit 4,RELIABLE,RELIABLE,54.462259570864596,0.7908547622846901,0.0007750376670389963,4,4,True,6,8,False
8,2,Digit 2,OOD,OOD,90.06821256792783,0.8253807901919262,0.0008088731743880877,2,3,False,6,8,False
9,4,Digit 4,UNRELIABLE,IDO,77.22290851777996,0.7823457357764343,0.0007666988210609056,4,4,True,6,8,False
10,4,Digit 4,OOD,OOD,88.48640466256813,0.8578608318520674,0.000840703615215026,4,3,False,6,8,False
11,4,Digit 4,RELIABLE,RELIABLE,43.41056674454178,0.8310157355415022,0.0008143954208306722,4,4,True,6,8,False
12,4,Digit 4,OOD,OOD,136.09149597421887,0.7455895746016954,0.0007306777831096614,4,4,True,6,8,False
13,1,Digit 1,OOD,OOD,118.92096429872153,0.8474081514194137,0.0008304599883910255,1,3,False,6,8,False
14,4,Digit 4,RELIABLE,RELIABLE,57.90852676369904,0.8182501301707075,0.0008018851275672933,4,3,False,6,8,False
